ISO-10303-21;
HEADER;
/* Generated by software containing ST-Developer
 * from STEP Tools, Inc. (www.steptools.com) 
 */

FILE_DESCRIPTION(
/* description */ (''),
/* implementation_level */ '2;1');

FILE_NAME(
/* name */ 'Full Assembly.step',
/* time_stamp */ '2026-07-10T23:46:47+09:00',
/* author */ (''),
/* organization */ (''),
/* preprocessor_version */ 'ST-DEVELOPER v20.1',
/* originating_system */ 'Autodesk Translation Framework v15.8.0.0',
/* authorisation */ '');

FILE_SCHEMA (('AUTOMOTIVE_DESIGN { 1 0 10303 214 3 1 1 }'));
ENDSEC;

DATA;
#10=MECHANICAL_DESIGN_GEOMETRIC_PRESENTATION_REPRESENTATION('',(#97,#98,
#99,#100,#101,#102,#103,#104,#105,#106,#107,#108,#109,#110,#111,#112,#113,
#114,#115,#116,#117,#118,#119,#120,#121,#122,#123,#124,#125,#126,#127,#128,
#129,#130,#131,#132,#133,#134,#135,#136,#137,#138,#139,#140,#141,#142,#143,
#144,#145,#146,#147,#148,#149,#150,#151,#152,#153,#154,#155,#156,#157,#158,
#159,#160,#161,#162,#163,#164,#165,#166,#167,#168,#169,#170,#171,#172,#173,
#174,#175,#176,#177,#178),#9083);
#11=ITEM_DEFINED_TRANSFORMATION($,$,#5489,#5540);
#12=ITEM_DEFINED_TRANSFORMATION($,$,#5272,#5541);
#13=ITEM_DEFINED_TRANSFORMATION($,$,#5489,#5542);
#14=(
REPRESENTATION_RELATIONSHIP($,$,#9099,#9097)
REPRESENTATION_RELATIONSHIP_WITH_TRANSFORMATION(#11)
SHAPE_REPRESENTATION_RELATIONSHIP()
);
#15=(
REPRESENTATION_RELATIONSHIP($,$,#9098,#9097)
REPRESENTATION_RELATIONSHIP_WITH_TRANSFORMATION(#12)
SHAPE_REPRESENTATION_RELATIONSHIP()
);
#16=(
REPRESENTATION_RELATIONSHIP($,$,#9099,#9097)
REPRESENTATION_RELATIONSHIP_WITH_TRANSFORMATION(#13)
SHAPE_REPRESENTATION_RELATIONSHIP()
);
#17=CONTEXT_DEPENDENT_SHAPE_REPRESENTATION(#14,#9094);
#18=CONTEXT_DEPENDENT_SHAPE_REPRESENTATION(#15,#9095);
#19=CONTEXT_DEPENDENT_SHAPE_REPRESENTATION(#16,#9096);
#20=NEXT_ASSEMBLY_USAGE_OCCURRENCE('Bottom:2','Bottom:2','Bottom:2',#9101,
#9103,'Bottom:2');
#21=NEXT_ASSEMBLY_USAGE_OCCURRENCE('Top:1','Top:1','Top:1',#9101,#9102,
'Top:1');
#22=NEXT_ASSEMBLY_USAGE_OCCURRENCE('Bottom:1','Bottom:1','Bottom:1',#9101,
#9103,'Bottom:1');
#23=SHAPE_REPRESENTATION_RELATIONSHIP('SRR','None',#9098,#25);
#24=SHAPE_REPRESENTATION_RELATIONSHIP('SRR','None',#9099,#26);
#25=ADVANCED_BREP_SHAPE_REPRESENTATION('',(#27),#9081);
#26=ADVANCED_BREP_SHAPE_REPRESENTATION('',(#28),#9082);
#27=MANIFOLD_SOLID_BREP('Body1',#5246);
#28=MANIFOLD_SOLID_BREP('Body1',#5247);
#29=(
BOUNDED_SURFACE()
B_SPLINE_SURFACE(3,1,((#8065,#8066),(#8067,#8068),(#8069,#8070),(#8071,
#8072)),.UNSPECIFIED.,.F.,.F.,.F.)
B_SPLINE_SURFACE_WITH_KNOTS((4,4),(2,2),(-1.,0.),(0.,1.5),.UNSPECIFIED.)
GEOMETRIC_REPRESENTATION_ITEM()
RATIONAL_B_SPLINE_SURFACE(((1.,1.),(1.,1.),(1.,1.),(1.,1.)))
REPRESENTATION_ITEM('')
SURFACE()
);
#30=(
BOUNDED_SURFACE()
B_SPLINE_SURFACE(3,1,((#8087,#8088),(#8089,#8090),(#8091,#8092),(#8093,
#8094)),.UNSPECIFIED.,.F.,.F.,.F.)
B_SPLINE_SURFACE_WITH_KNOTS((4,4),(2,2),(-1.,0.),(0.,1.5),.UNSPECIFIED.)
GEOMETRIC_REPRESENTATION_ITEM()
RATIONAL_B_SPLINE_SURFACE(((1.,1.),(1.,1.),(1.,1.),(1.,1.)))
REPRESENTATION_ITEM('')
SURFACE()
);
#31=(
BOUNDED_SURFACE()
B_SPLINE_SURFACE(3,1,((#8106,#8107),(#8108,#8109),(#8110,#8111),(#8112,
#8113)),.UNSPECIFIED.,.F.,.F.,.F.)
B_SPLINE_SURFACE_WITH_KNOTS((4,4),(2,2),(-1.,0.),(0.,1.5),.UNSPECIFIED.)
GEOMETRIC_REPRESENTATION_ITEM()
RATIONAL_B_SPLINE_SURFACE(((1.,1.),(1.,1.),(1.,1.),(1.,1.)))
REPRESENTATION_ITEM('')
SURFACE()
);
#32=(
BOUNDED_SURFACE()
B_SPLINE_SURFACE(3,1,((#8125,#8126),(#8127,#8128),(#8129,#8130),(#8131,
#8132)),.UNSPECIFIED.,.F.,.F.,.F.)
B_SPLINE_SURFACE_WITH_KNOTS((4,4),(2,2),(-1.,0.),(0.,1.5),.UNSPECIFIED.)
GEOMETRIC_REPRESENTATION_ITEM()
RATIONAL_B_SPLINE_SURFACE(((1.,1.),(1.,1.),(1.,1.),(1.,1.)))
REPRESENTATION_ITEM('')
SURFACE()
);
#33=(
BOUNDED_SURFACE()
B_SPLINE_SURFACE(3,1,((#8144,#8145),(#8146,#8147),(#8148,#8149),(#8150,
#8151)),.UNSPECIFIED.,.F.,.F.,.F.)
B_SPLINE_SURFACE_WITH_KNOTS((4,4),(2,2),(-1.,0.),(0.,1.5),.UNSPECIFIED.)
GEOMETRIC_REPRESENTATION_ITEM()
RATIONAL_B_SPLINE_SURFACE(((1.,1.),(1.,1.),(1.,1.),(1.,1.)))
REPRESENTATION_ITEM('')
SURFACE()
);
#34=(
BOUNDED_SURFACE()
B_SPLINE_SURFACE(3,1,((#8163,#8164),(#8165,#8166),(#8167,#8168),(#8169,
#8170)),.UNSPECIFIED.,.F.,.F.,.F.)
B_SPLINE_SURFACE_WITH_KNOTS((4,4),(2,2),(-1.,0.),(0.,1.5),.UNSPECIFIED.)
GEOMETRIC_REPRESENTATION_ITEM()
RATIONAL_B_SPLINE_SURFACE(((1.,1.),(1.,1.),(1.,1.),(1.,1.)))
REPRESENTATION_ITEM('')
SURFACE()
);
#35=(
BOUNDED_SURFACE()
B_SPLINE_SURFACE(3,1,((#8182,#8183),(#8184,#8185),(#8186,#8187),(#8188,
#8189)),.UNSPECIFIED.,.F.,.F.,.F.)
B_SPLINE_SURFACE_WITH_KNOTS((4,4),(2,2),(-1.,0.),(0.,1.5),.UNSPECIFIED.)
GEOMETRIC_REPRESENTATION_ITEM()
RATIONAL_B_SPLINE_SURFACE(((1.,1.),(1.,1.),(1.,1.),(1.,1.)))
REPRESENTATION_ITEM('')
SURFACE()
);
#36=(
BOUNDED_SURFACE()
B_SPLINE_SURFACE(3,1,((#8201,#8202),(#8203,#8204),(#8205,#8206),(#8207,
#8208)),.UNSPECIFIED.,.F.,.F.,.F.)
B_SPLINE_SURFACE_WITH_KNOTS((4,4),(2,2),(-1.,0.),(0.,1.5),.UNSPECIFIED.)
GEOMETRIC_REPRESENTATION_ITEM()
RATIONAL_B_SPLINE_SURFACE(((1.,1.),(1.,1.),(1.,1.),(1.,1.)))
REPRESENTATION_ITEM('')
SURFACE()
);
#37=(
BOUNDED_SURFACE()
B_SPLINE_SURFACE(3,1,((#8220,#8221),(#8222,#8223),(#8224,#8225),(#8226,
#8227)),.UNSPECIFIED.,.F.,.F.,.F.)
B_SPLINE_SURFACE_WITH_KNOTS((4,4),(2,2),(-1.,0.),(0.,1.5),.UNSPECIFIED.)
GEOMETRIC_REPRESENTATION_ITEM()
RATIONAL_B_SPLINE_SURFACE(((1.,1.),(1.,1.),(1.,1.),(1.,1.)))
REPRESENTATION_ITEM('')
SURFACE()
);
#38=(
BOUNDED_SURFACE()
B_SPLINE_SURFACE(3,1,((#8239,#8240),(#8241,#8242),(#8243,#8244),(#8245,
#8246)),.UNSPECIFIED.,.F.,.F.,.F.)
B_SPLINE_SURFACE_WITH_KNOTS((4,4),(2,2),(-1.,0.),(0.,1.5),.UNSPECIFIED.)
GEOMETRIC_REPRESENTATION_ITEM()
RATIONAL_B_SPLINE_SURFACE(((1.,1.),(1.,1.),(1.,1.),(1.,1.)))
REPRESENTATION_ITEM('')
SURFACE()
);
#39=(
BOUNDED_SURFACE()
B_SPLINE_SURFACE(3,1,((#8264,#8265),(#8266,#8267),(#8268,#8269),(#8270,
#8271)),.UNSPECIFIED.,.F.,.F.,.F.)
B_SPLINE_SURFACE_WITH_KNOTS((4,4),(2,2),(-1.,0.),(0.,1.5),.UNSPECIFIED.)
GEOMETRIC_REPRESENTATION_ITEM()
RATIONAL_B_SPLINE_SURFACE(((1.,1.),(1.,1.),(1.,1.),(1.,1.)))
REPRESENTATION_ITEM('')
SURFACE()
);
#40=(
BOUNDED_SURFACE()
B_SPLINE_SURFACE(3,1,((#8280,#8281),(#8282,#8283),(#8284,#8285),(#8286,
#8287)),.UNSPECIFIED.,.F.,.F.,.F.)
B_SPLINE_SURFACE_WITH_KNOTS((4,4),(2,2),(-1.,0.),(0.,1.5),.UNSPECIFIED.)
GEOMETRIC_REPRESENTATION_ITEM()
RATIONAL_B_SPLINE_SURFACE(((1.,1.),(1.,1.),(1.,1.),(1.,1.)))
REPRESENTATION_ITEM('')
SURFACE()
);
#41=(
BOUNDED_SURFACE()
B_SPLINE_SURFACE(3,1,((#8294,#8295),(#8296,#8297),(#8298,#8299),(#8300,
#8301)),.UNSPECIFIED.,.F.,.F.,.F.)
B_SPLINE_SURFACE_WITH_KNOTS((4,4),(2,2),(-1.,0.),(0.,1.5),.UNSPECIFIED.)
GEOMETRIC_REPRESENTATION_ITEM()
RATIONAL_B_SPLINE_SURFACE(((1.,1.),(1.,1.),(1.,1.),(1.,1.)))
REPRESENTATION_ITEM('')
SURFACE()
);
#42=(
BOUNDED_SURFACE()
B_SPLINE_SURFACE(3,1,((#8308,#8309),(#8310,#8311),(#8312,#8313),(#8314,
#8315)),.UNSPECIFIED.,.F.,.F.,.F.)
B_SPLINE_SURFACE_WITH_KNOTS((4,4),(2,2),(-1.,0.),(0.,1.5),.UNSPECIFIED.)
GEOMETRIC_REPRESENTATION_ITEM()
RATIONAL_B_SPLINE_SURFACE(((1.,1.),(1.,1.),(1.,1.),(1.,1.)))
REPRESENTATION_ITEM('')
SURFACE()
);
#43=(
BOUNDED_SURFACE()
B_SPLINE_SURFACE(3,1,((#8322,#8323),(#8324,#8325),(#8326,#8327),(#8328,
#8329)),.UNSPECIFIED.,.F.,.F.,.F.)
B_SPLINE_SURFACE_WITH_KNOTS((4,4),(2,2),(-1.,0.),(0.,1.5),.UNSPECIFIED.)
GEOMETRIC_REPRESENTATION_ITEM()
RATIONAL_B_SPLINE_SURFACE(((1.,1.),(1.,1.),(1.,1.),(1.,1.)))
REPRESENTATION_ITEM('')
SURFACE()
);
#44=(
BOUNDED_SURFACE()
B_SPLINE_SURFACE(3,1,((#8336,#8337),(#8338,#8339),(#8340,#8341),(#8342,
#8343)),.UNSPECIFIED.,.F.,.F.,.F.)
B_SPLINE_SURFACE_WITH_KNOTS((4,4),(2,2),(-1.,0.),(0.,1.5),.UNSPECIFIED.)
GEOMETRIC_REPRESENTATION_ITEM()
RATIONAL_B_SPLINE_SURFACE(((1.,1.),(1.,1.),(1.,1.),(1.,1.)))
REPRESENTATION_ITEM('')
SURFACE()
);
#45=(
BOUNDED_SURFACE()
B_SPLINE_SURFACE(3,1,((#8350,#8351),(#8352,#8353),(#8354,#8355),(#8356,
#8357)),.UNSPECIFIED.,.F.,.F.,.F.)
B_SPLINE_SURFACE_WITH_KNOTS((4,4),(2,2),(-1.,0.),(0.,1.5),.UNSPECIFIED.)
GEOMETRIC_REPRESENTATION_ITEM()
RATIONAL_B_SPLINE_SURFACE(((1.,1.),(1.,1.),(1.,1.),(1.,1.)))
REPRESENTATION_ITEM('')
SURFACE()
);
#46=(
BOUNDED_SURFACE()
B_SPLINE_SURFACE(3,1,((#8364,#8365),(#8366,#8367),(#8368,#8369),(#8370,
#8371)),.UNSPECIFIED.,.F.,.F.,.F.)
B_SPLINE_SURFACE_WITH_KNOTS((4,4),(2,2),(-1.,0.),(0.,1.5),.UNSPECIFIED.)
GEOMETRIC_REPRESENTATION_ITEM()
RATIONAL_B_SPLINE_SURFACE(((1.,1.),(1.,1.),(1.,1.),(1.,1.)))
REPRESENTATION_ITEM('')
SURFACE()
);
#47=(
BOUNDED_SURFACE()
B_SPLINE_SURFACE(3,1,((#8378,#8379),(#8380,#8381),(#8382,#8383),(#8384,
#8385)),.UNSPECIFIED.,.F.,.F.,.F.)
B_SPLINE_SURFACE_WITH_KNOTS((4,4),(2,2),(-1.,0.),(0.,1.5),.UNSPECIFIED.)
GEOMETRIC_REPRESENTATION_ITEM()
RATIONAL_B_SPLINE_SURFACE(((1.,1.),(1.,1.),(1.,1.),(1.,1.)))
REPRESENTATION_ITEM('')
SURFACE()
);
#48=(
BOUNDED_SURFACE()
B_SPLINE_SURFACE(3,1,((#8392,#8393),(#8394,#8395),(#8396,#8397),(#8398,
#8399)),.UNSPECIFIED.,.F.,.F.,.F.)
B_SPLINE_SURFACE_WITH_KNOTS((4,4),(2,2),(-1.,0.),(0.,1.5),.UNSPECIFIED.)
GEOMETRIC_REPRESENTATION_ITEM()
RATIONAL_B_SPLINE_SURFACE(((1.,1.),(1.,1.),(1.,1.),(1.,1.)))
REPRESENTATION_ITEM('')
SURFACE()
);
#49=(
BOUNDED_SURFACE()
B_SPLINE_SURFACE(3,1,((#8406,#8407),(#8408,#8409),(#8410,#8411),(#8412,
#8413)),.UNSPECIFIED.,.F.,.F.,.F.)
B_SPLINE_SURFACE_WITH_KNOTS((4,4),(2,2),(-1.,0.),(0.,1.5),.UNSPECIFIED.)
GEOMETRIC_REPRESENTATION_ITEM()
RATIONAL_B_SPLINE_SURFACE(((1.,1.),(1.,1.),(1.,1.),(1.,1.)))
REPRESENTATION_ITEM('')
SURFACE()
);
#50=(
BOUNDED_SURFACE()
B_SPLINE_SURFACE(3,1,((#8420,#8421),(#8422,#8423),(#8424,#8425),(#8426,
#8427)),.UNSPECIFIED.,.F.,.F.,.F.)
B_SPLINE_SURFACE_WITH_KNOTS((4,4),(2,2),(-1.,0.),(0.,1.5),.UNSPECIFIED.)
GEOMETRIC_REPRESENTATION_ITEM()
RATIONAL_B_SPLINE_SURFACE(((1.,1.),(1.,1.),(1.,1.),(1.,1.)))
REPRESENTATION_ITEM('')
SURFACE()
);
#51=(
BOUNDED_SURFACE()
B_SPLINE_SURFACE(3,1,((#8434,#8435),(#8436,#8437),(#8438,#8439),(#8440,
#8441)),.UNSPECIFIED.,.F.,.F.,.F.)
B_SPLINE_SURFACE_WITH_KNOTS((4,4),(2,2),(-1.,0.),(0.,1.5),.UNSPECIFIED.)
GEOMETRIC_REPRESENTATION_ITEM()
RATIONAL_B_SPLINE_SURFACE(((1.,1.),(1.,1.),(1.,1.),(1.,1.)))
REPRESENTATION_ITEM('')
SURFACE()
);
#52=(
BOUNDED_SURFACE()
B_SPLINE_SURFACE(3,1,((#8448,#8449),(#8450,#8451),(#8452,#8453),(#8454,
#8455)),.UNSPECIFIED.,.F.,.F.,.F.)
B_SPLINE_SURFACE_WITH_KNOTS((4,4),(2,2),(-1.,0.),(0.,1.5),.UNSPECIFIED.)
GEOMETRIC_REPRESENTATION_ITEM()
RATIONAL_B_SPLINE_SURFACE(((1.,1.),(1.,1.),(1.,1.),(1.,1.)))
REPRESENTATION_ITEM('')
SURFACE()
);
#53=(
BOUNDED_SURFACE()
B_SPLINE_SURFACE(3,1,((#8462,#8463),(#8464,#8465),(#8466,#8467),(#8468,
#8469)),.UNSPECIFIED.,.F.,.F.,.F.)
B_SPLINE_SURFACE_WITH_KNOTS((4,4),(2,2),(-1.,0.),(0.,1.5),.UNSPECIFIED.)
GEOMETRIC_REPRESENTATION_ITEM()
RATIONAL_B_SPLINE_SURFACE(((1.,1.),(1.,1.),(1.,1.),(1.,1.)))
REPRESENTATION_ITEM('')
SURFACE()
);
#54=(
BOUNDED_SURFACE()
B_SPLINE_SURFACE(3,1,((#8476,#8477),(#8478,#8479),(#8480,#8481),(#8482,
#8483)),.UNSPECIFIED.,.F.,.F.,.F.)
B_SPLINE_SURFACE_WITH_KNOTS((4,4),(2,2),(-1.,0.),(0.,1.5),.UNSPECIFIED.)
GEOMETRIC_REPRESENTATION_ITEM()
RATIONAL_B_SPLINE_SURFACE(((1.,1.),(1.,1.),(1.,1.),(1.,1.)))
REPRESENTATION_ITEM('')
SURFACE()
);
#55=(
BOUNDED_SURFACE()
B_SPLINE_SURFACE(3,1,((#8495,#8496),(#8497,#8498),(#8499,#8500),(#8501,
#8502)),.UNSPECIFIED.,.F.,.F.,.F.)
B_SPLINE_SURFACE_WITH_KNOTS((4,4),(2,2),(-1.,0.),(0.,1.5),.UNSPECIFIED.)
GEOMETRIC_REPRESENTATION_ITEM()
RATIONAL_B_SPLINE_SURFACE(((1.,1.),(1.,1.),(1.,1.),(1.,1.)))
REPRESENTATION_ITEM('')
SURFACE()
);
#56=(
BOUNDED_SURFACE()
B_SPLINE_SURFACE(3,1,((#8514,#8515),(#8516,#8517),(#8518,#8519),(#8520,
#8521)),.UNSPECIFIED.,.F.,.F.,.F.)
B_SPLINE_SURFACE_WITH_KNOTS((4,4),(2,2),(-1.,0.),(0.,1.5),.UNSPECIFIED.)
GEOMETRIC_REPRESENTATION_ITEM()
RATIONAL_B_SPLINE_SURFACE(((1.,1.),(1.,1.),(1.,1.),(1.,1.)))
REPRESENTATION_ITEM('')
SURFACE()
);
#57=(
BOUNDED_SURFACE()
B_SPLINE_SURFACE(3,1,((#8533,#8534),(#8535,#8536),(#8537,#8538),(#8539,
#8540)),.UNSPECIFIED.,.F.,.F.,.F.)
B_SPLINE_SURFACE_WITH_KNOTS((4,4),(2,2),(-1.,0.),(0.,1.5),.UNSPECIFIED.)
GEOMETRIC_REPRESENTATION_ITEM()
RATIONAL_B_SPLINE_SURFACE(((1.,1.),(1.,1.),(1.,1.),(1.,1.)))
REPRESENTATION_ITEM('')
SURFACE()
);
#58=(
BOUNDED_SURFACE()
B_SPLINE_SURFACE(3,1,((#8552,#8553),(#8554,#8555),(#8556,#8557),(#8558,
#8559)),.UNSPECIFIED.,.F.,.F.,.F.)
B_SPLINE_SURFACE_WITH_KNOTS((4,4),(2,2),(-1.,0.),(0.,1.5),.UNSPECIFIED.)
GEOMETRIC_REPRESENTATION_ITEM()
RATIONAL_B_SPLINE_SURFACE(((1.,1.),(1.,1.),(1.,1.),(1.,1.)))
REPRESENTATION_ITEM('')
SURFACE()
);
#59=(
BOUNDED_SURFACE()
B_SPLINE_SURFACE(3,1,((#8571,#8572),(#8573,#8574),(#8575,#8576),(#8577,
#8578)),.UNSPECIFIED.,.F.,.F.,.F.)
B_SPLINE_SURFACE_WITH_KNOTS((4,4),(2,2),(-1.,0.),(0.,1.5),.UNSPECIFIED.)
GEOMETRIC_REPRESENTATION_ITEM()
RATIONAL_B_SPLINE_SURFACE(((1.,1.),(1.,1.),(1.,1.),(1.,1.)))
REPRESENTATION_ITEM('')
SURFACE()
);
#60=(
BOUNDED_SURFACE()
B_SPLINE_SURFACE(3,1,((#8590,#8591),(#8592,#8593),(#8594,#8595),(#8596,
#8597)),.UNSPECIFIED.,.F.,.F.,.F.)
B_SPLINE_SURFACE_WITH_KNOTS((4,4),(2,2),(-1.,0.),(0.,1.5),.UNSPECIFIED.)
GEOMETRIC_REPRESENTATION_ITEM()
RATIONAL_B_SPLINE_SURFACE(((1.,1.),(1.,1.),(1.,1.),(1.,1.)))
REPRESENTATION_ITEM('')
SURFACE()
);
#61=(
BOUNDED_SURFACE()
B_SPLINE_SURFACE(3,1,((#8609,#8610),(#8611,#8612),(#8613,#8614),(#8615,
#8616)),.UNSPECIFIED.,.F.,.F.,.F.)
B_SPLINE_SURFACE_WITH_KNOTS((4,4),(2,2),(-1.,0.),(0.,1.5),.UNSPECIFIED.)
GEOMETRIC_REPRESENTATION_ITEM()
RATIONAL_B_SPLINE_SURFACE(((1.,1.),(1.,1.),(1.,1.),(1.,1.)))
REPRESENTATION_ITEM('')
SURFACE()
);
#62=(
BOUNDED_SURFACE()
B_SPLINE_SURFACE(3,1,((#8628,#8629),(#8630,#8631),(#8632,#8633),(#8634,
#8635)),.UNSPECIFIED.,.F.,.F.,.F.)
B_SPLINE_SURFACE_WITH_KNOTS((4,4),(2,2),(-1.,0.),(0.,1.5),.UNSPECIFIED.)
GEOMETRIC_REPRESENTATION_ITEM()
RATIONAL_B_SPLINE_SURFACE(((1.,1.),(1.,1.),(1.,1.),(1.,1.)))
REPRESENTATION_ITEM('')
SURFACE()
);
#63=(
BOUNDED_SURFACE()
B_SPLINE_SURFACE(3,1,((#8647,#8648),(#8649,#8650),(#8651,#8652),(#8653,
#8654)),.UNSPECIFIED.,.F.,.F.,.F.)
B_SPLINE_SURFACE_WITH_KNOTS((4,4),(2,2),(-1.,0.),(0.,1.5),.UNSPECIFIED.)
GEOMETRIC_REPRESENTATION_ITEM()
RATIONAL_B_SPLINE_SURFACE(((1.,1.),(1.,1.),(1.,1.),(1.,1.)))
REPRESENTATION_ITEM('')
SURFACE()
);
#64=(
BOUNDED_SURFACE()
B_SPLINE_SURFACE(3,1,((#8669,#8670),(#8671,#8672),(#8673,#8674),(#8675,
#8676)),.UNSPECIFIED.,.F.,.F.,.F.)
B_SPLINE_SURFACE_WITH_KNOTS((4,4),(2,2),(-1.,0.),(0.,1.5),.UNSPECIFIED.)
GEOMETRIC_REPRESENTATION_ITEM()
RATIONAL_B_SPLINE_SURFACE(((1.,1.),(1.,1.),(1.,1.),(1.,1.)))
REPRESENTATION_ITEM('')
SURFACE()
);
#65=(
BOUNDED_SURFACE()
B_SPLINE_SURFACE(3,1,((#8683,#8684),(#8685,#8686),(#8687,#8688),(#8689,
#8690)),.UNSPECIFIED.,.F.,.F.,.F.)
B_SPLINE_SURFACE_WITH_KNOTS((4,4),(2,2),(-1.,0.),(0.,1.5),.UNSPECIFIED.)
GEOMETRIC_REPRESENTATION_ITEM()
RATIONAL_B_SPLINE_SURFACE(((1.,1.),(1.,1.),(1.,1.),(1.,1.)))
REPRESENTATION_ITEM('')
SURFACE()
);
#66=(
BOUNDED_SURFACE()
B_SPLINE_SURFACE(3,1,((#8697,#8698),(#8699,#8700),(#8701,#8702),(#8703,
#8704)),.UNSPECIFIED.,.F.,.F.,.F.)
B_SPLINE_SURFACE_WITH_KNOTS((4,4),(2,2),(-1.,0.),(0.,1.5),.UNSPECIFIED.)
GEOMETRIC_REPRESENTATION_ITEM()
RATIONAL_B_SPLINE_SURFACE(((1.,1.),(1.,1.),(1.,1.),(1.,1.)))
REPRESENTATION_ITEM('')
SURFACE()
);
#67=(
BOUNDED_SURFACE()
B_SPLINE_SURFACE(3,1,((#8711,#8712),(#8713,#8714),(#8715,#8716),(#8717,
#8718)),.UNSPECIFIED.,.F.,.F.,.F.)
B_SPLINE_SURFACE_WITH_KNOTS((4,4),(2,2),(-1.,0.),(0.,1.5),.UNSPECIFIED.)
GEOMETRIC_REPRESENTATION_ITEM()
RATIONAL_B_SPLINE_SURFACE(((1.,1.),(1.,1.),(1.,1.),(1.,1.)))
REPRESENTATION_ITEM('')
SURFACE()
);
#68=(
BOUNDED_SURFACE()
B_SPLINE_SURFACE(3,1,((#8725,#8726),(#8727,#8728),(#8729,#8730),(#8731,
#8732)),.UNSPECIFIED.,.F.,.F.,.F.)
B_SPLINE_SURFACE_WITH_KNOTS((4,4),(2,2),(-1.,0.),(0.,1.5),.UNSPECIFIED.)
GEOMETRIC_REPRESENTATION_ITEM()
RATIONAL_B_SPLINE_SURFACE(((1.,1.),(1.,1.),(1.,1.),(1.,1.)))
REPRESENTATION_ITEM('')
SURFACE()
);
#69=(
BOUNDED_SURFACE()
B_SPLINE_SURFACE(3,1,((#8739,#8740),(#8741,#8742),(#8743,#8744),(#8745,
#8746)),.UNSPECIFIED.,.F.,.F.,.F.)
B_SPLINE_SURFACE_WITH_KNOTS((4,4),(2,2),(-1.,0.),(0.,1.5),.UNSPECIFIED.)
GEOMETRIC_REPRESENTATION_ITEM()
RATIONAL_B_SPLINE_SURFACE(((1.,1.),(1.,1.),(1.,1.),(1.,1.)))
REPRESENTATION_ITEM('')
SURFACE()
);
#70=(
BOUNDED_SURFACE()
B_SPLINE_SURFACE(3,1,((#8753,#8754),(#8755,#8756),(#8757,#8758),(#8759,
#8760)),.UNSPECIFIED.,.F.,.F.,.F.)
B_SPLINE_SURFACE_WITH_KNOTS((4,4),(2,2),(-1.,0.),(0.,1.5),.UNSPECIFIED.)
GEOMETRIC_REPRESENTATION_ITEM()
RATIONAL_B_SPLINE_SURFACE(((1.,1.),(1.,1.),(1.,1.),(1.,1.)))
REPRESENTATION_ITEM('')
SURFACE()
);
#71=(
BOUNDED_SURFACE()
B_SPLINE_SURFACE(3,1,((#8767,#8768),(#8769,#8770),(#8771,#8772),(#8773,
#8774)),.UNSPECIFIED.,.F.,.F.,.F.)
B_SPLINE_SURFACE_WITH_KNOTS((4,4),(2,2),(-1.,0.),(0.,1.5),.UNSPECIFIED.)
GEOMETRIC_REPRESENTATION_ITEM()
RATIONAL_B_SPLINE_SURFACE(((1.,1.),(1.,1.),(1.,1.),(1.,1.)))
REPRESENTATION_ITEM('')
SURFACE()
);
#72=(
BOUNDED_SURFACE()
B_SPLINE_SURFACE(3,1,((#8781,#8782),(#8783,#8784),(#8785,#8786),(#8787,
#8788)),.UNSPECIFIED.,.F.,.F.,.F.)
B_SPLINE_SURFACE_WITH_KNOTS((4,4),(2,2),(-1.,0.),(0.,1.5),.UNSPECIFIED.)
GEOMETRIC_REPRESENTATION_ITEM()
RATIONAL_B_SPLINE_SURFACE(((1.,1.),(1.,1.),(1.,1.),(1.,1.)))
REPRESENTATION_ITEM('')
SURFACE()
);
#73=(
BOUNDED_SURFACE()
B_SPLINE_SURFACE(3,1,((#8795,#8796),(#8797,#8798),(#8799,#8800),(#8801,
#8802)),.UNSPECIFIED.,.F.,.F.,.F.)
B_SPLINE_SURFACE_WITH_KNOTS((4,4),(2,2),(-1.,0.),(0.,1.5),.UNSPECIFIED.)
GEOMETRIC_REPRESENTATION_ITEM()
RATIONAL_B_SPLINE_SURFACE(((1.,1.),(1.,1.),(1.,1.),(1.,1.)))
REPRESENTATION_ITEM('')
SURFACE()
);
#74=(
BOUNDED_SURFACE()
B_SPLINE_SURFACE(3,1,((#8809,#8810),(#8811,#8812),(#8813,#8814),(#8815,
#8816)),.UNSPECIFIED.,.F.,.F.,.F.)
B_SPLINE_SURFACE_WITH_KNOTS((4,4),(2,2),(-1.,0.),(0.,1.5),.UNSPECIFIED.)
GEOMETRIC_REPRESENTATION_ITEM()
RATIONAL_B_SPLINE_SURFACE(((1.,1.),(1.,1.),(1.,1.),(1.,1.)))
REPRESENTATION_ITEM('')
SURFACE()
);
#75=(
BOUNDED_SURFACE()
B_SPLINE_SURFACE(3,1,((#8823,#8824),(#8825,#8826),(#8827,#8828),(#8829,
#8830)),.UNSPECIFIED.,.F.,.F.,.F.)
B_SPLINE_SURFACE_WITH_KNOTS((4,4),(2,2),(-1.,0.),(0.,1.5),.UNSPECIFIED.)
GEOMETRIC_REPRESENTATION_ITEM()
RATIONAL_B_SPLINE_SURFACE(((1.,1.),(1.,1.),(1.,1.),(1.,1.)))
REPRESENTATION_ITEM('')
SURFACE()
);
#76=(
BOUNDED_SURFACE()
B_SPLINE_SURFACE(3,1,((#8837,#8838),(#8839,#8840),(#8841,#8842),(#8843,
#8844)),.UNSPECIFIED.,.F.,.F.,.F.)
B_SPLINE_SURFACE_WITH_KNOTS((4,4),(2,2),(-1.,0.),(0.,1.5),.UNSPECIFIED.)
GEOMETRIC_REPRESENTATION_ITEM()
RATIONAL_B_SPLINE_SURFACE(((1.,1.),(1.,1.),(1.,1.),(1.,1.)))
REPRESENTATION_ITEM('')
SURFACE()
);
#77=(
BOUNDED_SURFACE()
B_SPLINE_SURFACE(3,1,((#8851,#8852),(#8853,#8854),(#8855,#8856),(#8857,
#8858)),.UNSPECIFIED.,.F.,.F.,.F.)
B_SPLINE_SURFACE_WITH_KNOTS((4,4),(2,2),(-1.,0.),(0.,1.5),.UNSPECIFIED.)
GEOMETRIC_REPRESENTATION_ITEM()
RATIONAL_B_SPLINE_SURFACE(((1.,1.),(1.,1.),(1.,1.),(1.,1.)))
REPRESENTATION_ITEM('')
SURFACE()
);
#78=(
BOUNDED_SURFACE()
B_SPLINE_SURFACE(3,1,((#8865,#8866),(#8867,#8868),(#8869,#8870),(#8871,
#8872)),.UNSPECIFIED.,.F.,.F.,.F.)
B_SPLINE_SURFACE_WITH_KNOTS((4,4),(2,2),(-1.,0.),(0.,1.5),.UNSPECIFIED.)
GEOMETRIC_REPRESENTATION_ITEM()
RATIONAL_B_SPLINE_SURFACE(((1.,1.),(1.,1.),(1.,1.),(1.,1.)))
REPRESENTATION_ITEM('')
SURFACE()
);
#79=B_SPLINE_SURFACE_WITH_KNOTS('',3,1,((#7670,#7671),(#7672,#7673),(#7674,
#7675),(#7676,#7677),(#7678,#7679)),.UNSPECIFIED.,.F.,.F.,.F.,(4,1,4),(2,
2),(0.,0.026568675408836,0.0585527571331063),(0.,0.2),.UNSPECIFIED.);
#80=B_SPLINE_SURFACE_WITH_KNOTS('',3,1,((#7693,#7694),(#7695,#7696),(#7697,
#7698),(#7699,#7700),(#7701,#7702)),.UNSPECIFIED.,.F.,.F.,.F.,(4,1,4),(2,
2),(0.,0.0295540832859804,0.0549695192897985),(0.,0.2),.UNSPECIFIED.);
#81=B_SPLINE_SURFACE_WITH_KNOTS('',3,1,((#7716,#7717),(#7718,#7719),(#7720,
#7721),(#7722,#7723),(#7724,#7725)),.UNSPECIFIED.,.F.,.F.,.F.,(4,1,4),(2,
2),(0.,0.0258635370729465,0.0562332924007802),(0.,0.2),.UNSPECIFIED.);
#82=B_SPLINE_SURFACE_WITH_KNOTS('',3,1,((#7739,#7740),(#7741,#7742),(#7743,
#7744),(#7745,#7746),(#7747,#7748)),.UNSPECIFIED.,.F.,.F.,.F.,(4,1,4),(2,
2),(0.,0.0345517625794778,0.0615197212142396),(0.,0.2),.UNSPECIFIED.);
#83=B_SPLINE_SURFACE_WITH_KNOTS('',3,1,((#7780,#7781),(#7782,#7783),(#7784,
#7785),(#7786,#7787),(#7788,#7789)),.UNSPECIFIED.,.F.,.F.,.F.,(4,1,4),(2,
2),(0.,0.0345770330283048,0.0833669422962533),(0.,0.2),.UNSPECIFIED.);
#84=B_SPLINE_SURFACE_WITH_KNOTS('',3,1,((#7803,#7804),(#7805,#7806),(#7807,
#7808),(#7809,#7810),(#7811,#7812)),.UNSPECIFIED.,.F.,.F.,.F.,(4,1,4),(2,
2),(0.,0.0286079498676746,0.0574171773787061),(0.,0.2),.UNSPECIFIED.);
#85=B_SPLINE_SURFACE_WITH_KNOTS('',3,1,((#7826,#7827),(#7828,#7829),(#7830,
#7831),(#7832,#7833),(#7834,#7835)),.UNSPECIFIED.,.F.,.F.,.F.,(4,1,4),(2,
2),(0.,0.0292222457741245,0.0584730749506219),(0.,0.2),.UNSPECIFIED.);
#86=B_SPLINE_SURFACE_WITH_KNOTS('',3,1,((#7849,#7850),(#7851,#7852),(#7853,
#7854),(#7855,#7856),(#7857,#7858)),.UNSPECIFIED.,.F.,.F.,.F.,(4,1,4),(2,
2),(0.,0.0420091567944408,0.0742364086109072),(0.,0.2),.UNSPECIFIED.);
#87=B_SPLINE_SURFACE_WITH_KNOTS('',3,1,((#7881,#7882),(#7883,#7884),(#7885,
#7886),(#7887,#7888),(#7889,#7890)),.UNSPECIFIED.,.F.,.F.,.F.,(4,1,4),(2,
2),(0.,0.0366342461612193,0.0807937502706308),(0.,0.2),.UNSPECIFIED.);
#88=B_SPLINE_SURFACE_WITH_KNOTS('',3,1,((#7900,#7901),(#7902,#7903),(#7904,
#7905),(#7906,#7907),(#7908,#7909)),.UNSPECIFIED.,.F.,.F.,.F.,(4,1,4),(2,
2),(0.,0.0318700274808842,0.0624451452135055),(0.,0.2),.UNSPECIFIED.);
#89=B_SPLINE_SURFACE_WITH_KNOTS('',3,1,((#7917,#7918),(#7919,#7920),(#7921,
#7922),(#7923,#7924),(#7925,#7926)),.UNSPECIFIED.,.F.,.F.,.F.,(4,1,4),(2,
2),(0.,0.0518093179263511,0.103280642192648),(0.,0.2),.UNSPECIFIED.);
#90=B_SPLINE_SURFACE_WITH_KNOTS('',3,1,((#7934,#7935),(#7936,#7937),(#7938,
#7939),(#7940,#7941),(#7942,#7943)),.UNSPECIFIED.,.F.,.F.,.F.,(4,1,4),(2,
2),(0.,0.0380221559728981,0.0778591706319127),(0.,0.2),.UNSPECIFIED.);
#91=B_SPLINE_SURFACE_WITH_KNOTS('',3,1,((#7951,#7952),(#7953,#7954),(#7955,
#7956),(#7957,#7958),(#7959,#7960)),.UNSPECIFIED.,.F.,.F.,.F.,(4,1,4),(2,
2),(0.,0.0378543517899922,0.0751981891448842),(0.,0.2),.UNSPECIFIED.);
#92=B_SPLINE_SURFACE_WITH_KNOTS('',3,1,((#7968,#7969),(#7970,#7971),(#7972,
#7973),(#7974,#7975),(#7976,#7977)),.UNSPECIFIED.,.F.,.F.,.F.,(4,1,4),(2,
2),(0.,0.0476856595521816,0.0962385868195152),(0.,0.2),.UNSPECIFIED.);
#93=B_SPLINE_SURFACE_WITH_KNOTS('',3,1,((#7985,#7986),(#7987,#7988),(#7989,
#7990),(#7991,#7992),(#7993,#7994)),.UNSPECIFIED.,.F.,.F.,.F.,(4,1,4),(2,
2),(0.,0.0286893562350737,0.0564235800641937),(0.,0.2),.UNSPECIFIED.);
#94=B_SPLINE_SURFACE_WITH_KNOTS('',3,1,((#8002,#8003),(#8004,#8005),(#8006,
#8007),(#8008,#8009),(#8010,#8011)),.UNSPECIFIED.,.F.,.F.,.F.,(4,1,4),(2,
2),(0.,0.0268788184973317,0.0550082466710307),(0.,0.2),.UNSPECIFIED.);
#95=B_SPLINE_SURFACE_WITH_KNOTS('',3,1,((#8019,#8020),(#8021,#8022),(#8023,
#8024),(#8025,#8026),(#8027,#8028)),.UNSPECIFIED.,.F.,.F.,.F.,(4,1,4),(2,
2),(0.,0.0279140856333429,0.0542186187662584),(0.,0.2),.UNSPECIFIED.);
#96=B_SPLINE_SURFACE_WITH_KNOTS('',3,1,((#8036,#8037),(#8038,#8039),(#8040,
#8041),(#8042,#8043),(#8044,#8045)),.UNSPECIFIED.,.F.,.F.,.F.,(4,1,4),(2,
2),(0.,0.0424677570929213,0.0757532948821941),(0.,0.2),.UNSPECIFIED.);
#97=STYLED_ITEM('',(#9117),#5117);
#98=STYLED_ITEM('',(#9117),#5118);
#99=STYLED_ITEM('',(#9117),#5119);
#100=STYLED_ITEM('',(#9117),#5120);
#101=STYLED_ITEM('',(#9117),#5121);
#102=STYLED_ITEM('',(#9117),#5122);
#103=STYLED_ITEM('',(#9117),#5123);
#104=STYLED_ITEM('',(#9117),#5124);
#105=STYLED_ITEM('',(#9117),#5125);
#106=STYLED_ITEM('',(#9117),#5126);
#107=STYLED_ITEM('',(#9117),#5127);
#108=STYLED_ITEM('',(#9117),#5128);
#109=STYLED_ITEM('',(#9117),#5129);
#110=STYLED_ITEM('',(#9117),#5130);
#111=STYLED_ITEM('',(#9117),#5131);
#112=STYLED_ITEM('',(#9117),#5132);
#113=STYLED_ITEM('',(#9117),#5133);
#114=STYLED_ITEM('',(#9117),#5134);
#115=STYLED_ITEM('',(#9117),#5135);
#116=STYLED_ITEM('',(#9117),#5136);
#117=STYLED_ITEM('',(#9117),#5137);
#118=STYLED_ITEM('',(#9117),#5138);
#119=STYLED_ITEM('',(#9117),#5139);
#120=STYLED_ITEM('',(#9117),#5140);
#121=STYLED_ITEM('',(#9117),#5141);
#122=STYLED_ITEM('',(#9117),#5142);
#123=STYLED_ITEM('',(#9117),#5143);
#124=STYLED_ITEM('',(#9118),#5146);
#125=STYLED_ITEM('',(#9118),#5147);
#126=STYLED_ITEM('',(#9118),#5148);
#127=STYLED_ITEM('',(#9118),#5149);
#128=STYLED_ITEM('',(#9118),#5150);
#129=STYLED_ITEM('',(#9118),#5151);
#130=STYLED_ITEM('',(#9118),#5152);
#131=STYLED_ITEM('',(#9118),#5153);
#132=STYLED_ITEM('',(#9118),#5154);
#133=STYLED_ITEM('',(#9118),#5155);
#134=STYLED_ITEM('',(#9118),#5156);
#135=STYLED_ITEM('',(#9118),#5157);
#136=STYLED_ITEM('',(#9118),#5158);
#137=STYLED_ITEM('',(#9118),#5159);
#138=STYLED_ITEM('',(#9118),#5160);
#139=STYLED_ITEM('',(#9118),#5161);
#140=STYLED_ITEM('',(#9118),#5162);
#141=STYLED_ITEM('',(#9118),#5163);
#142=STYLED_ITEM('',(#9118),#5164);
#143=STYLED_ITEM('',(#9118),#5165);
#144=STYLED_ITEM('',(#9118),#5166);
#145=STYLED_ITEM('',(#9118),#5167);
#146=STYLED_ITEM('',(#9118),#5168);
#147=STYLED_ITEM('',(#9118),#5169);
#148=STYLED_ITEM('',(#9118),#5170);
#149=STYLED_ITEM('',(#9118),#5171);
#150=STYLED_ITEM('',(#9118),#5172);
#151=STYLED_ITEM('',(#9118),#5173);
#152=STYLED_ITEM('',(#9118),#5174);
#153=STYLED_ITEM('',(#9118),#5175);
#154=STYLED_ITEM('',(#9118),#5176);
#155=STYLED_ITEM('',(#9118),#5177);
#156=STYLED_ITEM('',(#9118),#5178);
#157=STYLED_ITEM('',(#9118),#5179);
#158=STYLED_ITEM('',(#9118),#5180);
#159=STYLED_ITEM('',(#9118),#5181);
#160=STYLED_ITEM('',(#9118),#5182);
#161=STYLED_ITEM('',(#9118),#5183);
#162=STYLED_ITEM('',(#9118),#5184);
#163=STYLED_ITEM('',(#9118),#5185);
#164=STYLED_ITEM('',(#9118),#5186);
#165=STYLED_ITEM('',(#9118),#5187);
#166=STYLED_ITEM('',(#9118),#5188);
#167=STYLED_ITEM('',(#9118),#5189);
#168=STYLED_ITEM('',(#9118),#5190);
#169=STYLED_ITEM('',(#9118),#5191);
#170=STYLED_ITEM('',(#9118),#5192);
#171=STYLED_ITEM('',(#9118),#5193);
#172=STYLED_ITEM('',(#9118),#5194);
#173=STYLED_ITEM('',(#9118),#5195);
#174=STYLED_ITEM('',(#9118),#5196);
#175=STYLED_ITEM('',(#9118),#5197);
#176=STYLED_ITEM('',(#9118),#5198);
#177=STYLED_ITEM('',(#9116),#27);
#178=STYLED_ITEM('',(#9116),#28);
#179=ELLIPSE('',#5326,3.53553390593274,2.5);
#180=ELLIPSE('',#5328,3.53553392110725,2.5);
#181=B_SPLINE_CURVE_WITH_KNOTS('',3,(#6978,#6979,#6980,#6981,#6982),
 .UNSPECIFIED.,.F.,.F.,(4,1,4),(0.,0.0366342461612193,0.0807937502706308),
 .UNSPECIFIED.);
#182=B_SPLINE_CURVE_WITH_KNOTS('',3,(#6990,#6991,#6992,#6993,#6994),
 .UNSPECIFIED.,.F.,.F.,(4,1,4),(0.,0.0424677570929213,0.0757532948821941),
 .UNSPECIFIED.);
#183=B_SPLINE_CURVE_WITH_KNOTS('',3,(#6996,#6997,#6998,#6999,#7000),
 .UNSPECIFIED.,.F.,.F.,(4,1,4),(0.,0.0279140856333429,0.0542186187662584),
 .UNSPECIFIED.);
#184=B_SPLINE_CURVE_WITH_KNOTS('',3,(#7002,#7003,#7004,#7005,#7006),
 .UNSPECIFIED.,.F.,.F.,(4,1,4),(0.,0.0268788184973317,0.0550082466710307),
 .UNSPECIFIED.);
#185=B_SPLINE_CURVE_WITH_KNOTS('',3,(#7008,#7009,#7010,#7011,#7012),
 .UNSPECIFIED.,.F.,.F.,(4,1,4),(0.,0.0286893562350737,0.0564235800641937),
 .UNSPECIFIED.);
#186=B_SPLINE_CURVE_WITH_KNOTS('',3,(#7014,#7015,#7016,#7017,#7018),
 .UNSPECIFIED.,.F.,.F.,(4,1,4),(0.,0.0476856595521816,0.0962385868195152),
 .UNSPECIFIED.);
#187=B_SPLINE_CURVE_WITH_KNOTS('',3,(#7020,#7021,#7022,#7023,#7024),
 .UNSPECIFIED.,.F.,.F.,(4,1,4),(0.,0.0378543517899922,0.0751981891448842),
 .UNSPECIFIED.);
#188=B_SPLINE_CURVE_WITH_KNOTS('',3,(#7026,#7027,#7028,#7029,#7030),
 .UNSPECIFIED.,.F.,.F.,(4,1,4),(0.,0.0380221559728981,0.0778591706319127),
 .UNSPECIFIED.);
#189=B_SPLINE_CURVE_WITH_KNOTS('',3,(#7032,#7033,#7034,#7035,#7036),
 .UNSPECIFIED.,.F.,.F.,(4,1,4),(0.,0.0518093179263511,0.103280642192648),
 .UNSPECIFIED.);
#190=B_SPLINE_CURVE_WITH_KNOTS('',3,(#7037,#7038,#7039,#7040,#7041),
 .UNSPECIFIED.,.F.,.F.,(4,1,4),(0.,0.0318700274808842,0.0624451452135055),
 .UNSPECIFIED.);
#191=B_SPLINE_CURVE_WITH_KNOTS('',3,(#7681,#7682,#7683,#7684,#7685),
 .UNSPECIFIED.,.F.,.F.,(4,1,4),(0.,0.026568675408836,0.0585527571331063),
 .UNSPECIFIED.);
#192=B_SPLINE_CURVE_WITH_KNOTS('',3,(#7688,#7689,#7690,#7691,#7692),
 .UNSPECIFIED.,.F.,.F.,(4,1,4),(0.,0.026568675408836,0.0585527571331063),
 .UNSPECIFIED.);
#193=B_SPLINE_CURVE_WITH_KNOTS('',3,(#7704,#7705,#7706,#7707,#7708),
 .UNSPECIFIED.,.F.,.F.,(4,1,4),(0.,0.0295540832859804,0.0549695192897985),
 .UNSPECIFIED.);
#194=B_SPLINE_CURVE_WITH_KNOTS('',3,(#7711,#7712,#7713,#7714,#7715),
 .UNSPECIFIED.,.F.,.F.,(4,1,4),(0.,0.0295540832859804,0.0549695192897985),
 .UNSPECIFIED.);
#195=B_SPLINE_CURVE_WITH_KNOTS('',3,(#7727,#7728,#7729,#7730,#7731),
 .UNSPECIFIED.,.F.,.F.,(4,1,4),(0.,0.0258635370729465,0.0562332924007802),
 .UNSPECIFIED.);
#196=B_SPLINE_CURVE_WITH_KNOTS('',3,(#7734,#7735,#7736,#7737,#7738),
 .UNSPECIFIED.,.F.,.F.,(4,1,4),(0.,0.0258635370729465,0.0562332924007802),
 .UNSPECIFIED.);
#197=B_SPLINE_CURVE_WITH_KNOTS('',3,(#7750,#7751,#7752,#7753,#7754),
 .UNSPECIFIED.,.F.,.F.,(4,1,4),(0.,0.0345517625794778,0.0615197212142396),
 .UNSPECIFIED.);
#198=B_SPLINE_CURVE_WITH_KNOTS('',3,(#7757,#7758,#7759,#7760,#7761),
 .UNSPECIFIED.,.F.,.F.,(4,1,4),(0.,0.0345517625794778,0.0615197212142396),
 .UNSPECIFIED.);
#199=B_SPLINE_CURVE_WITH_KNOTS('',3,(#7791,#7792,#7793,#7794,#7795),
 .UNSPECIFIED.,.F.,.F.,(4,1,4),(0.,0.0345770330283048,0.0833669422962533),
 .UNSPECIFIED.);
#200=B_SPLINE_CURVE_WITH_KNOTS('',3,(#7798,#7799,#7800,#7801,#7802),
 .UNSPECIFIED.,.F.,.F.,(4,1,4),(0.,0.0345770330283048,0.0833669422962533),
 .UNSPECIFIED.);
#201=B_SPLINE_CURVE_WITH_KNOTS('',3,(#7814,#7815,#7816,#7817,#7818),
 .UNSPECIFIED.,.F.,.F.,(4,1,4),(0.,0.0286079498676746,0.0574171773787061),
 .UNSPECIFIED.);
#202=B_SPLINE_CURVE_WITH_KNOTS('',3,(#7821,#7822,#7823,#7824,#7825),
 .UNSPECIFIED.,.F.,.F.,(4,1,4),(0.,0.0286079498676746,0.0574171773787061),
 .UNSPECIFIED.);
#203=B_SPLINE_CURVE_WITH_KNOTS('',3,(#7837,#7838,#7839,#7840,#7841),
 .UNSPECIFIED.,.F.,.F.,(4,1,4),(0.,0.0292222457741245,0.0584730749506219),
 .UNSPECIFIED.);
#204=B_SPLINE_CURVE_WITH_KNOTS('',3,(#7844,#7845,#7846,#7847,#7848),
 .UNSPECIFIED.,.F.,.F.,(4,1,4),(0.,0.0292222457741245,0.0584730749506219),
 .UNSPECIFIED.);
#205=B_SPLINE_CURVE_WITH_KNOTS('',3,(#7860,#7861,#7862,#7863,#7864),
 .UNSPECIFIED.,.F.,.F.,(4,1,4),(0.,0.0420091567944408,0.0742364086109072),
 .UNSPECIFIED.);
#206=B_SPLINE_CURVE_WITH_KNOTS('',3,(#7867,#7868,#7869,#7870,#7871),
 .UNSPECIFIED.,.F.,.F.,(4,1,4),(0.,0.0420091567944408,0.0742364086109072),
 .UNSPECIFIED.);
#207=B_SPLINE_CURVE_WITH_KNOTS('',3,(#7894,#7895,#7896,#7897,#7898),
 .UNSPECIFIED.,.F.,.F.,(4,1,4),(0.,0.0366342461612193,0.0807937502706308),
 .UNSPECIFIED.);
#208=B_SPLINE_CURVE_WITH_KNOTS('',3,(#7912,#7913,#7914,#7915,#7916),
 .UNSPECIFIED.,.F.,.F.,(4,1,4),(0.,0.0318700274808842,0.0624451452135055),
 .UNSPECIFIED.);
#209=B_SPLINE_CURVE_WITH_KNOTS('',3,(#7929,#7930,#7931,#7932,#7933),
 .UNSPECIFIED.,.F.,.F.,(4,1,4),(0.,0.0518093179263511,0.103280642192648),
 .UNSPECIFIED.);
#210=B_SPLINE_CURVE_WITH_KNOTS('',3,(#7946,#7947,#7948,#7949,#7950),
 .UNSPECIFIED.,.F.,.F.,(4,1,4),(0.,0.0380221559728981,0.0778591706319127),
 .UNSPECIFIED.);
#211=B_SPLINE_CURVE_WITH_KNOTS('',3,(#7963,#7964,#7965,#7966,#7967),
 .UNSPECIFIED.,.F.,.F.,(4,1,4),(0.,0.0378543517899922,0.0751981891448842),
 .UNSPECIFIED.);
#212=B_SPLINE_CURVE_WITH_KNOTS('',3,(#7980,#7981,#7982,#7983,#7984),
 .UNSPECIFIED.,.F.,.F.,(4,1,4),(0.,0.0476856595521816,0.0962385868195152),
 .UNSPECIFIED.);
#213=B_SPLINE_CURVE_WITH_KNOTS('',3,(#7997,#7998,#7999,#8000,#8001),
 .UNSPECIFIED.,.F.,.F.,(4,1,4),(0.,0.0286893562350737,0.0564235800641937),
 .UNSPECIFIED.);
#214=B_SPLINE_CURVE_WITH_KNOTS('',3,(#8014,#8015,#8016,#8017,#8018),
 .UNSPECIFIED.,.F.,.F.,(4,1,4),(0.,0.0268788184973317,0.0550082466710307),
 .UNSPECIFIED.);
#215=B_SPLINE_CURVE_WITH_KNOTS('',3,(#8031,#8032,#8033,#8034,#8035),
 .UNSPECIFIED.,.F.,.F.,(4,1,4),(0.,0.0279140856333429,0.0542186187662584),
 .UNSPECIFIED.);
#216=B_SPLINE_CURVE_WITH_KNOTS('',3,(#8048,#8049,#8050,#8051,#8052),
 .UNSPECIFIED.,.F.,.F.,(4,1,4),(0.,0.0424677570929213,0.0757532948821941),
 .UNSPECIFIED.);
#217=(
BOUNDED_CURVE()
B_SPLINE_CURVE(3,(#6804,#6805,#6806,#6807),.UNSPECIFIED.,.F.,.F.)
B_SPLINE_CURVE_WITH_KNOTS((4,4),(-1.,0.),.UNSPECIFIED.)
CURVE()
GEOMETRIC_REPRESENTATION_ITEM()
RATIONAL_B_SPLINE_CURVE((1.,1.,1.,1.))
REPRESENTATION_ITEM('')
);
#218=(
BOUNDED_CURVE()
B_SPLINE_CURVE(3,(#6809,#6810,#6811,#6812),.UNSPECIFIED.,.F.,.F.)
B_SPLINE_CURVE_WITH_KNOTS((4,4),(-1.,0.),.UNSPECIFIED.)
CURVE()
GEOMETRIC_REPRESENTATION_ITEM()
RATIONAL_B_SPLINE_CURVE((1.,1.,1.,1.))
REPRESENTATION_ITEM('')
);
#219=(
BOUNDED_CURVE()
B_SPLINE_CURVE(3,(#6814,#6815,#6816,#6817),.UNSPECIFIED.,.F.,.F.)
B_SPLINE_CURVE_WITH_KNOTS((4,4),(-1.,0.),.UNSPECIFIED.)
CURVE()
GEOMETRIC_REPRESENTATION_ITEM()
RATIONAL_B_SPLINE_CURVE((1.,1.,1.,1.))
REPRESENTATION_ITEM('')
);
#220=(
BOUNDED_CURVE()
B_SPLINE_CURVE(3,(#6819,#6820,#6821,#6822),.UNSPECIFIED.,.F.,.F.)
B_SPLINE_CURVE_WITH_KNOTS((4,4),(-1.,0.),.UNSPECIFIED.)
CURVE()
GEOMETRIC_REPRESENTATION_ITEM()
RATIONAL_B_SPLINE_CURVE((1.,1.,1.,1.))
REPRESENTATION_ITEM('')
);
#221=(
BOUNDED_CURVE()
B_SPLINE_CURVE(3,(#6824,#6825,#6826,#6827),.UNSPECIFIED.,.F.,.F.)
B_SPLINE_CURVE_WITH_KNOTS((4,4),(-1.,0.),.UNSPECIFIED.)
CURVE()
GEOMETRIC_REPRESENTATION_ITEM()
RATIONAL_B_SPLINE_CURVE((1.,1.,1.,1.))
REPRESENTATION_ITEM('')
);
#222=(
BOUNDED_CURVE()
B_SPLINE_CURVE(3,(#6829,#6830,#6831,#6832),.UNSPECIFIED.,.F.,.F.)
B_SPLINE_CURVE_WITH_KNOTS((4,4),(-1.,0.),.UNSPECIFIED.)
CURVE()
GEOMETRIC_REPRESENTATION_ITEM()
RATIONAL_B_SPLINE_CURVE((1.,1.,1.,1.))
REPRESENTATION_ITEM('')
);
#223=(
BOUNDED_CURVE()
B_SPLINE_CURVE(3,(#6834,#6835,#6836,#6837),.UNSPECIFIED.,.F.,.F.)
B_SPLINE_CURVE_WITH_KNOTS((4,4),(-1.,0.),.UNSPECIFIED.)
CURVE()
GEOMETRIC_REPRESENTATION_ITEM()
RATIONAL_B_SPLINE_CURVE((1.,1.,1.,1.))
REPRESENTATION_ITEM('')
);
#224=(
BOUNDED_CURVE()
B_SPLINE_CURVE(3,(#6839,#6840,#6841,#6842),.UNSPECIFIED.,.F.,.F.)
B_SPLINE_CURVE_WITH_KNOTS((4,4),(-1.,0.),.UNSPECIFIED.)
CURVE()
GEOMETRIC_REPRESENTATION_ITEM()
RATIONAL_B_SPLINE_CURVE((1.,1.,1.,1.))
REPRESENTATION_ITEM('')
);
#225=(
BOUNDED_CURVE()
B_SPLINE_CURVE(3,(#6844,#6845,#6846,#6847),.UNSPECIFIED.,.F.,.F.)
B_SPLINE_CURVE_WITH_KNOTS((4,4),(-1.,0.),.UNSPECIFIED.)
CURVE()
GEOMETRIC_REPRESENTATION_ITEM()
RATIONAL_B_SPLINE_CURVE((1.,1.,1.,1.))
REPRESENTATION_ITEM('')
);
#226=(
BOUNDED_CURVE()
B_SPLINE_CURVE(3,(#6849,#6850,#6851,#6852),.UNSPECIFIED.,.F.,.F.)
B_SPLINE_CURVE_WITH_KNOTS((4,4),(-1.,0.),.UNSPECIFIED.)
CURVE()
GEOMETRIC_REPRESENTATION_ITEM()
RATIONAL_B_SPLINE_CURVE((1.,1.,1.,1.))
REPRESENTATION_ITEM('')
);
#227=(
BOUNDED_CURVE()
B_SPLINE_CURVE(3,(#6854,#6855,#6856,#6857),.UNSPECIFIED.,.F.,.F.)
B_SPLINE_CURVE_WITH_KNOTS((4,4),(-1.,0.),.UNSPECIFIED.)
CURVE()
GEOMETRIC_REPRESENTATION_ITEM()
RATIONAL_B_SPLINE_CURVE((1.,1.,1.,1.))
REPRESENTATION_ITEM('')
);
#228=(
BOUNDED_CURVE()
B_SPLINE_CURVE(3,(#6859,#6860,#6861,#6862),.UNSPECIFIED.,.F.,.F.)
B_SPLINE_CURVE_WITH_KNOTS((4,4),(-1.,0.),.UNSPECIFIED.)
CURVE()
GEOMETRIC_REPRESENTATION_ITEM()
RATIONAL_B_SPLINE_CURVE((1.,1.,1.,1.))
REPRESENTATION_ITEM('')
);
#229=(
BOUNDED_CURVE()
B_SPLINE_CURVE(3,(#6864,#6865,#6866,#6867),.UNSPECIFIED.,.F.,.F.)
B_SPLINE_CURVE_WITH_KNOTS((4,4),(-1.,0.),.UNSPECIFIED.)
CURVE()
GEOMETRIC_REPRESENTATION_ITEM()
RATIONAL_B_SPLINE_CURVE((1.,1.,1.,1.))
REPRESENTATION_ITEM('')
);
#230=(
BOUNDED_CURVE()
B_SPLINE_CURVE(3,(#6869,#6870,#6871,#6872),.UNSPECIFIED.,.F.,.F.)
B_SPLINE_CURVE_WITH_KNOTS((4,4),(-1.,0.),.UNSPECIFIED.)
CURVE()
GEOMETRIC_REPRESENTATION_ITEM()
RATIONAL_B_SPLINE_CURVE((1.,1.,1.,1.))
REPRESENTATION_ITEM('')
);
#231=(
BOUNDED_CURVE()
B_SPLINE_CURVE(3,(#6874,#6875,#6876,#6877),.UNSPECIFIED.,.F.,.F.)
B_SPLINE_CURVE_WITH_KNOTS((4,4),(-1.,0.),.UNSPECIFIED.)
CURVE()
GEOMETRIC_REPRESENTATION_ITEM()
RATIONAL_B_SPLINE_CURVE((1.,1.,1.,1.))
REPRESENTATION_ITEM('')
);
#232=(
BOUNDED_CURVE()
B_SPLINE_CURVE(3,(#6879,#6880,#6881,#6882),.UNSPECIFIED.,.F.,.F.)
B_SPLINE_CURVE_WITH_KNOTS((4,4),(-1.,0.),.UNSPECIFIED.)
CURVE()
GEOMETRIC_REPRESENTATION_ITEM()
RATIONAL_B_SPLINE_CURVE((1.,1.,1.,1.))
REPRESENTATION_ITEM('')
);
#233=(
BOUNDED_CURVE()
B_SPLINE_CURVE(3,(#6884,#6885,#6886,#6887),.UNSPECIFIED.,.F.,.F.)
B_SPLINE_CURVE_WITH_KNOTS((4,4),(-1.,0.),.UNSPECIFIED.)
CURVE()
GEOMETRIC_REPRESENTATION_ITEM()
RATIONAL_B_SPLINE_CURVE((1.,1.,1.,1.))
REPRESENTATION_ITEM('')
);
#234=(
BOUNDED_CURVE()
B_SPLINE_CURVE(3,(#6889,#6890,#6891,#6892),.UNSPECIFIED.,.F.,.F.)
B_SPLINE_CURVE_WITH_KNOTS((4,4),(-1.,0.),.UNSPECIFIED.)
CURVE()
GEOMETRIC_REPRESENTATION_ITEM()
RATIONAL_B_SPLINE_CURVE((1.,1.,1.,1.))
REPRESENTATION_ITEM('')
);
#235=(
BOUNDED_CURVE()
B_SPLINE_CURVE(3,(#6894,#6895,#6896,#6897),.UNSPECIFIED.,.F.,.F.)
B_SPLINE_CURVE_WITH_KNOTS((4,4),(-1.,0.),.UNSPECIFIED.)
CURVE()
GEOMETRIC_REPRESENTATION_ITEM()
RATIONAL_B_SPLINE_CURVE((1.,1.,1.,1.))
REPRESENTATION_ITEM('')
);
#236=(
BOUNDED_CURVE()
B_SPLINE_CURVE(3,(#6899,#6900,#6901,#6902),.UNSPECIFIED.,.F.,.F.)
B_SPLINE_CURVE_WITH_KNOTS((4,4),(-1.,0.),.UNSPECIFIED.)
CURVE()
GEOMETRIC_REPRESENTATION_ITEM()
RATIONAL_B_SPLINE_CURVE((1.,1.,1.,1.))
REPRESENTATION_ITEM('')
);
#237=(
BOUNDED_CURVE()
B_SPLINE_CURVE(3,(#6904,#6905,#6906,#6907),.UNSPECIFIED.,.F.,.F.)
B_SPLINE_CURVE_WITH_KNOTS((4,4),(-1.,0.),.UNSPECIFIED.)
CURVE()
GEOMETRIC_REPRESENTATION_ITEM()
RATIONAL_B_SPLINE_CURVE((1.,1.,1.,1.))
REPRESENTATION_ITEM('')
);
#238=(
BOUNDED_CURVE()
B_SPLINE_CURVE(3,(#6909,#6910,#6911,#6912),.UNSPECIFIED.,.F.,.F.)
B_SPLINE_CURVE_WITH_KNOTS((4,4),(-1.,0.),.UNSPECIFIED.)
CURVE()
GEOMETRIC_REPRESENTATION_ITEM()
RATIONAL_B_SPLINE_CURVE((1.,1.,1.,1.))
REPRESENTATION_ITEM('')
);
#239=(
BOUNDED_CURVE()
B_SPLINE_CURVE(3,(#6914,#6915,#6916,#6917),.UNSPECIFIED.,.F.,.F.)
B_SPLINE_CURVE_WITH_KNOTS((4,4),(-1.,0.),.UNSPECIFIED.)
CURVE()
GEOMETRIC_REPRESENTATION_ITEM()
RATIONAL_B_SPLINE_CURVE((1.,1.,1.,1.))
REPRESENTATION_ITEM('')
);
#240=(
BOUNDED_CURVE()
B_SPLINE_CURVE(3,(#6919,#6920,#6921,#6922),.UNSPECIFIED.,.F.,.F.)
B_SPLINE_CURVE_WITH_KNOTS((4,4),(-1.,0.),.UNSPECIFIED.)
CURVE()
GEOMETRIC_REPRESENTATION_ITEM()
RATIONAL_B_SPLINE_CURVE((1.,1.,1.,1.))
REPRESENTATION_ITEM('')
);
#241=(
BOUNDED_CURVE()
B_SPLINE_CURVE(3,(#6924,#6925,#6926,#6927),.UNSPECIFIED.,.F.,.F.)
B_SPLINE_CURVE_WITH_KNOTS((4,4),(-1.,0.),.UNSPECIFIED.)
CURVE()
GEOMETRIC_REPRESENTATION_ITEM()
RATIONAL_B_SPLINE_CURVE((1.,1.,1.,1.))
REPRESENTATION_ITEM('')
);
#242=(
BOUNDED_CURVE()
B_SPLINE_CURVE(3,(#6929,#6930,#6931,#6932),.UNSPECIFIED.,.F.,.F.)
B_SPLINE_CURVE_WITH_KNOTS((4,4),(-1.,0.),.UNSPECIFIED.)
CURVE()
GEOMETRIC_REPRESENTATION_ITEM()
RATIONAL_B_SPLINE_CURVE((1.,1.,1.,1.))
REPRESENTATION_ITEM('')
);
#243=(
BOUNDED_CURVE()
B_SPLINE_CURVE(3,(#6934,#6935,#6936,#6937),.UNSPECIFIED.,.F.,.F.)
B_SPLINE_CURVE_WITH_KNOTS((4,4),(-1.,0.),.UNSPECIFIED.)
CURVE()
GEOMETRIC_REPRESENTATION_ITEM()
RATIONAL_B_SPLINE_CURVE((1.,1.,1.,1.))
REPRESENTATION_ITEM('')
);
#244=(
BOUNDED_CURVE()
B_SPLINE_CURVE(3,(#6939,#6940,#6941,#6942),.UNSPECIFIED.,.F.,.F.)
B_SPLINE_CURVE_WITH_KNOTS((4,4),(-1.,0.),.UNSPECIFIED.)
CURVE()
GEOMETRIC_REPRESENTATION_ITEM()
RATIONAL_B_SPLINE_CURVE((1.,1.,1.,1.))
REPRESENTATION_ITEM('')
);
#245=(
BOUNDED_CURVE()
B_SPLINE_CURVE(3,(#6944,#6945,#6946,#6947),.UNSPECIFIED.,.F.,.F.)
B_SPLINE_CURVE_WITH_KNOTS((4,4),(-1.,0.),.UNSPECIFIED.)
CURVE()
GEOMETRIC_REPRESENTATION_ITEM()
RATIONAL_B_SPLINE_CURVE((1.,1.,1.,1.))
REPRESENTATION_ITEM('')
);
#246=(
BOUNDED_CURVE()
B_SPLINE_CURVE(3,(#6948,#6949,#6950,#6951),.UNSPECIFIED.,.F.,.F.)
B_SPLINE_CURVE_WITH_KNOTS((4,4),(-1.,0.),.UNSPECIFIED.)
CURVE()
GEOMETRIC_REPRESENTATION_ITEM()
RATIONAL_B_SPLINE_CURVE((1.,1.,1.,1.))
REPRESENTATION_ITEM('')
);
#247=(
BOUNDED_CURVE()
B_SPLINE_CURVE(3,(#8075,#8076,#8077,#8078),.UNSPECIFIED.,.F.,.F.)
B_SPLINE_CURVE_WITH_KNOTS((4,4),(-1.,0.),.UNSPECIFIED.)
CURVE()
GEOMETRIC_REPRESENTATION_ITEM()
RATIONAL_B_SPLINE_CURVE((1.,1.,1.,1.))
REPRESENTATION_ITEM('')
);
#248=(
BOUNDED_CURVE()
B_SPLINE_CURVE(3,(#8082,#8083,#8084,#8085),.UNSPECIFIED.,.F.,.F.)
B_SPLINE_CURVE_WITH_KNOTS((4,4),(-1.,0.),.UNSPECIFIED.)
CURVE()
GEOMETRIC_REPRESENTATION_ITEM()
RATIONAL_B_SPLINE_CURVE((1.,1.,1.,1.))
REPRESENTATION_ITEM('')
);
#249=(
BOUNDED_CURVE()
B_SPLINE_CURVE(3,(#8096,#8097,#8098,#8099),.UNSPECIFIED.,.F.,.F.)
B_SPLINE_CURVE_WITH_KNOTS((4,4),(-1.,0.),.UNSPECIFIED.)
CURVE()
GEOMETRIC_REPRESENTATION_ITEM()
RATIONAL_B_SPLINE_CURVE((1.,1.,1.,1.))
REPRESENTATION_ITEM('')
);
#250=(
BOUNDED_CURVE()
B_SPLINE_CURVE(3,(#8101,#8102,#8103,#8104),.UNSPECIFIED.,.F.,.F.)
B_SPLINE_CURVE_WITH_KNOTS((4,4),(-1.,0.),.UNSPECIFIED.)
CURVE()
GEOMETRIC_REPRESENTATION_ITEM()
RATIONAL_B_SPLINE_CURVE((1.,1.,1.,1.))
REPRESENTATION_ITEM('')
);
#251=(
BOUNDED_CURVE()
B_SPLINE_CURVE(3,(#8115,#8116,#8117,#8118),.UNSPECIFIED.,.F.,.F.)
B_SPLINE_CURVE_WITH_KNOTS((4,4),(-1.,0.),.UNSPECIFIED.)
CURVE()
GEOMETRIC_REPRESENTATION_ITEM()
RATIONAL_B_SPLINE_CURVE((1.,1.,1.,1.))
REPRESENTATION_ITEM('')
);
#252=(
BOUNDED_CURVE()
B_SPLINE_CURVE(3,(#8120,#8121,#8122,#8123),.UNSPECIFIED.,.F.,.F.)
B_SPLINE_CURVE_WITH_KNOTS((4,4),(-1.,0.),.UNSPECIFIED.)
CURVE()
GEOMETRIC_REPRESENTATION_ITEM()
RATIONAL_B_SPLINE_CURVE((1.,1.,1.,1.))
REPRESENTATION_ITEM('')
);
#253=(
BOUNDED_CURVE()
B_SPLINE_CURVE(3,(#8134,#8135,#8136,#8137),.UNSPECIFIED.,.F.,.F.)
B_SPLINE_CURVE_WITH_KNOTS((4,4),(-1.,0.),.UNSPECIFIED.)
CURVE()
GEOMETRIC_REPRESENTATION_ITEM()
RATIONAL_B_SPLINE_CURVE((1.,1.,1.,1.))
REPRESENTATION_ITEM('')
);
#254=(
BOUNDED_CURVE()
B_SPLINE_CURVE(3,(#8139,#8140,#8141,#8142),.UNSPECIFIED.,.F.,.F.)
B_SPLINE_CURVE_WITH_KNOTS((4,4),(-1.,0.),.UNSPECIFIED.)
CURVE()
GEOMETRIC_REPRESENTATION_ITEM()
RATIONAL_B_SPLINE_CURVE((1.,1.,1.,1.))
REPRESENTATION_ITEM('')
);
#255=(
BOUNDED_CURVE()
B_SPLINE_CURVE(3,(#8153,#8154,#8155,#8156),.UNSPECIFIED.,.F.,.F.)
B_SPLINE_CURVE_WITH_KNOTS((4,4),(-1.,0.),.UNSPECIFIED.)
CURVE()
GEOMETRIC_REPRESENTATION_ITEM()
RATIONAL_B_SPLINE_CURVE((1.,1.,1.,1.))
REPRESENTATION_ITEM('')
);
#256=(
BOUNDED_CURVE()
B_SPLINE_CURVE(3,(#8158,#8159,#8160,#8161),.UNSPECIFIED.,.F.,.F.)
B_SPLINE_CURVE_WITH_KNOTS((4,4),(-1.,0.),.UNSPECIFIED.)
CURVE()
GEOMETRIC_REPRESENTATION_ITEM()
RATIONAL_B_SPLINE_CURVE((1.,1.,1.,1.))
REPRESENTATION_ITEM('')
);
#257=(
BOUNDED_CURVE()
B_SPLINE_CURVE(3,(#8172,#8173,#8174,#8175),.UNSPECIFIED.,.F.,.F.)
B_SPLINE_CURVE_WITH_KNOTS((4,4),(-1.,0.),.UNSPECIFIED.)
CURVE()
GEOMETRIC_REPRESENTATION_ITEM()
RATIONAL_B_SPLINE_CURVE((1.,1.,1.,1.))
REPRESENTATION_ITEM('')
);
#258=(
BOUNDED_CURVE()
B_SPLINE_CURVE(3,(#8177,#8178,#8179,#8180),.UNSPECIFIED.,.F.,.F.)
B_SPLINE_CURVE_WITH_KNOTS((4,4),(-1.,0.),.UNSPECIFIED.)
CURVE()
GEOMETRIC_REPRESENTATION_ITEM()
RATIONAL_B_SPLINE_CURVE((1.,1.,1.,1.))
REPRESENTATION_ITEM('')
);
#259=(
BOUNDED_CURVE()
B_SPLINE_CURVE(3,(#8191,#8192,#8193,#8194),.UNSPECIFIED.,.F.,.F.)
B_SPLINE_CURVE_WITH_KNOTS((4,4),(-1.,0.),.UNSPECIFIED.)
CURVE()
GEOMETRIC_REPRESENTATION_ITEM()
RATIONAL_B_SPLINE_CURVE((1.,1.,1.,1.))
REPRESENTATION_ITEM('')
);
#260=(
BOUNDED_CURVE()
B_SPLINE_CURVE(3,(#8196,#8197,#8198,#8199),.UNSPECIFIED.,.F.,.F.)
B_SPLINE_CURVE_WITH_KNOTS((4,4),(-1.,0.),.UNSPECIFIED.)
CURVE()
GEOMETRIC_REPRESENTATION_ITEM()
RATIONAL_B_SPLINE_CURVE((1.,1.,1.,1.))
REPRESENTATION_ITEM('')
);
#261=(
BOUNDED_CURVE()
B_SPLINE_CURVE(3,(#8210,#8211,#8212,#8213),.UNSPECIFIED.,.F.,.F.)
B_SPLINE_CURVE_WITH_KNOTS((4,4),(-1.,0.),.UNSPECIFIED.)
CURVE()
GEOMETRIC_REPRESENTATION_ITEM()
RATIONAL_B_SPLINE_CURVE((1.,1.,1.,1.))
REPRESENTATION_ITEM('')
);
#262=(
BOUNDED_CURVE()
B_SPLINE_CURVE(3,(#8215,#8216,#8217,#8218),.UNSPECIFIED.,.F.,.F.)
B_SPLINE_CURVE_WITH_KNOTS((4,4),(-1.,0.),.UNSPECIFIED.)
CURVE()
GEOMETRIC_REPRESENTATION_ITEM()
RATIONAL_B_SPLINE_CURVE((1.,1.,1.,1.))
REPRESENTATION_ITEM('')
);
#263=(
BOUNDED_CURVE()
B_SPLINE_CURVE(3,(#8229,#8230,#8231,#8232),.UNSPECIFIED.,.F.,.F.)
B_SPLINE_CURVE_WITH_KNOTS((4,4),(-1.,0.),.UNSPECIFIED.)
CURVE()
GEOMETRIC_REPRESENTATION_ITEM()
RATIONAL_B_SPLINE_CURVE((1.,1.,1.,1.))
REPRESENTATION_ITEM('')
);
#264=(
BOUNDED_CURVE()
B_SPLINE_CURVE(3,(#8234,#8235,#8236,#8237),.UNSPECIFIED.,.F.,.F.)
B_SPLINE_CURVE_WITH_KNOTS((4,4),(-1.,0.),.UNSPECIFIED.)
CURVE()
GEOMETRIC_REPRESENTATION_ITEM()
RATIONAL_B_SPLINE_CURVE((1.,1.,1.,1.))
REPRESENTATION_ITEM('')
);
#265=(
BOUNDED_CURVE()
B_SPLINE_CURVE(3,(#8248,#8249,#8250,#8251),.UNSPECIFIED.,.F.,.F.)
B_SPLINE_CURVE_WITH_KNOTS((4,4),(-1.,0.),.UNSPECIFIED.)
CURVE()
GEOMETRIC_REPRESENTATION_ITEM()
RATIONAL_B_SPLINE_CURVE((1.,1.,1.,1.))
REPRESENTATION_ITEM('')
);
#266=(
BOUNDED_CURVE()
B_SPLINE_CURVE(3,(#8253,#8254,#8255,#8256),.UNSPECIFIED.,.F.,.F.)
B_SPLINE_CURVE_WITH_KNOTS((4,4),(-1.,0.),.UNSPECIFIED.)
CURVE()
GEOMETRIC_REPRESENTATION_ITEM()
RATIONAL_B_SPLINE_CURVE((1.,1.,1.,1.))
REPRESENTATION_ITEM('')
);
#267=(
BOUNDED_CURVE()
B_SPLINE_CURVE(3,(#8275,#8276,#8277,#8278),.UNSPECIFIED.,.F.,.F.)
B_SPLINE_CURVE_WITH_KNOTS((4,4),(-1.,0.),.UNSPECIFIED.)
CURVE()
GEOMETRIC_REPRESENTATION_ITEM()
RATIONAL_B_SPLINE_CURVE((1.,1.,1.,1.))
REPRESENTATION_ITEM('')
);
#268=(
BOUNDED_CURVE()
B_SPLINE_CURVE(3,(#8289,#8290,#8291,#8292),.UNSPECIFIED.,.F.,.F.)
B_SPLINE_CURVE_WITH_KNOTS((4,4),(-1.,0.),.UNSPECIFIED.)
CURVE()
GEOMETRIC_REPRESENTATION_ITEM()
RATIONAL_B_SPLINE_CURVE((1.,1.,1.,1.))
REPRESENTATION_ITEM('')
);
#269=(
BOUNDED_CURVE()
B_SPLINE_CURVE(3,(#8303,#8304,#8305,#8306),.UNSPECIFIED.,.F.,.F.)
B_SPLINE_CURVE_WITH_KNOTS((4,4),(-1.,0.),.UNSPECIFIED.)
CURVE()
GEOMETRIC_REPRESENTATION_ITEM()
RATIONAL_B_SPLINE_CURVE((1.,1.,1.,1.))
REPRESENTATION_ITEM('')
);
#270=(
BOUNDED_CURVE()
B_SPLINE_CURVE(3,(#8317,#8318,#8319,#8320),.UNSPECIFIED.,.F.,.F.)
B_SPLINE_CURVE_WITH_KNOTS((4,4),(-1.,0.),.UNSPECIFIED.)
CURVE()
GEOMETRIC_REPRESENTATION_ITEM()
RATIONAL_B_SPLINE_CURVE((1.,1.,1.,1.))
REPRESENTATION_ITEM('')
);
#271=(
BOUNDED_CURVE()
B_SPLINE_CURVE(3,(#8331,#8332,#8333,#8334),.UNSPECIFIED.,.F.,.F.)
B_SPLINE_CURVE_WITH_KNOTS((4,4),(-1.,0.),.UNSPECIFIED.)
CURVE()
GEOMETRIC_REPRESENTATION_ITEM()
RATIONAL_B_SPLINE_CURVE((1.,1.,1.,1.))
REPRESENTATION_ITEM('')
);
#272=(
BOUNDED_CURVE()
B_SPLINE_CURVE(3,(#8345,#8346,#8347,#8348),.UNSPECIFIED.,.F.,.F.)
B_SPLINE_CURVE_WITH_KNOTS((4,4),(-1.,0.),.UNSPECIFIED.)
CURVE()
GEOMETRIC_REPRESENTATION_ITEM()
RATIONAL_B_SPLINE_CURVE((1.,1.,1.,1.))
REPRESENTATION_ITEM('')
);
#273=(
BOUNDED_CURVE()
B_SPLINE_CURVE(3,(#8359,#8360,#8361,#8362),.UNSPECIFIED.,.F.,.F.)
B_SPLINE_CURVE_WITH_KNOTS((4,4),(-1.,0.),.UNSPECIFIED.)
CURVE()
GEOMETRIC_REPRESENTATION_ITEM()
RATIONAL_B_SPLINE_CURVE((1.,1.,1.,1.))
REPRESENTATION_ITEM('')
);
#274=(
BOUNDED_CURVE()
B_SPLINE_CURVE(3,(#8373,#8374,#8375,#8376),.UNSPECIFIED.,.F.,.F.)
B_SPLINE_CURVE_WITH_KNOTS((4,4),(-1.,0.),.UNSPECIFIED.)
CURVE()
GEOMETRIC_REPRESENTATION_ITEM()
RATIONAL_B_SPLINE_CURVE((1.,1.,1.,1.))
REPRESENTATION_ITEM('')
);
#275=(
BOUNDED_CURVE()
B_SPLINE_CURVE(3,(#8387,#8388,#8389,#8390),.UNSPECIFIED.,.F.,.F.)
B_SPLINE_CURVE_WITH_KNOTS((4,4),(-1.,0.),.UNSPECIFIED.)
CURVE()
GEOMETRIC_REPRESENTATION_ITEM()
RATIONAL_B_SPLINE_CURVE((1.,1.,1.,1.))
REPRESENTATION_ITEM('')
);
#276=(
BOUNDED_CURVE()
B_SPLINE_CURVE(3,(#8401,#8402,#8403,#8404),.UNSPECIFIED.,.F.,.F.)
B_SPLINE_CURVE_WITH_KNOTS((4,4),(-1.,0.),.UNSPECIFIED.)
CURVE()
GEOMETRIC_REPRESENTATION_ITEM()
RATIONAL_B_SPLINE_CURVE((1.,1.,1.,1.))
REPRESENTATION_ITEM('')
);
#277=(
BOUNDED_CURVE()
B_SPLINE_CURVE(3,(#8415,#8416,#8417,#8418),.UNSPECIFIED.,.F.,.F.)
B_SPLINE_CURVE_WITH_KNOTS((4,4),(-1.,0.),.UNSPECIFIED.)
CURVE()
GEOMETRIC_REPRESENTATION_ITEM()
RATIONAL_B_SPLINE_CURVE((1.,1.,1.,1.))
REPRESENTATION_ITEM('')
);
#278=(
BOUNDED_CURVE()
B_SPLINE_CURVE(3,(#8429,#8430,#8431,#8432),.UNSPECIFIED.,.F.,.F.)
B_SPLINE_CURVE_WITH_KNOTS((4,4),(-1.,0.),.UNSPECIFIED.)
CURVE()
GEOMETRIC_REPRESENTATION_ITEM()
RATIONAL_B_SPLINE_CURVE((1.,1.,1.,1.))
REPRESENTATION_ITEM('')
);
#279=(
BOUNDED_CURVE()
B_SPLINE_CURVE(3,(#8443,#8444,#8445,#8446),.UNSPECIFIED.,.F.,.F.)
B_SPLINE_CURVE_WITH_KNOTS((4,4),(-1.,0.),.UNSPECIFIED.)
CURVE()
GEOMETRIC_REPRESENTATION_ITEM()
RATIONAL_B_SPLINE_CURVE((1.,1.,1.,1.))
REPRESENTATION_ITEM('')
);
#280=(
BOUNDED_CURVE()
B_SPLINE_CURVE(3,(#8457,#8458,#8459,#8460),.UNSPECIFIED.,.F.,.F.)
B_SPLINE_CURVE_WITH_KNOTS((4,4),(-1.,0.),.UNSPECIFIED.)
CURVE()
GEOMETRIC_REPRESENTATION_ITEM()
RATIONAL_B_SPLINE_CURVE((1.,1.,1.,1.))
REPRESENTATION_ITEM('')
);
#281=(
BOUNDED_CURVE()
B_SPLINE_CURVE(3,(#8471,#8472,#8473,#8474),.UNSPECIFIED.,.F.,.F.)
B_SPLINE_CURVE_WITH_KNOTS((4,4),(-1.,0.),.UNSPECIFIED.)
CURVE()
GEOMETRIC_REPRESENTATION_ITEM()
RATIONAL_B_SPLINE_CURVE((1.,1.,1.,1.))
REPRESENTATION_ITEM('')
);
#282=(
BOUNDED_CURVE()
B_SPLINE_CURVE(3,(#8485,#8486,#8487,#8488),.UNSPECIFIED.,.F.,.F.)
B_SPLINE_CURVE_WITH_KNOTS((4,4),(-1.,0.),.UNSPECIFIED.)
CURVE()
GEOMETRIC_REPRESENTATION_ITEM()
RATIONAL_B_SPLINE_CURVE((1.,1.,1.,1.))
REPRESENTATION_ITEM('')
);
#283=(
BOUNDED_CURVE()
B_SPLINE_CURVE(3,(#8491,#8492,#8493,#8494),.UNSPECIFIED.,.F.,.F.)
B_SPLINE_CURVE_WITH_KNOTS((4,4),(-1.,0.),.UNSPECIFIED.)
CURVE()
GEOMETRIC_REPRESENTATION_ITEM()
RATIONAL_B_SPLINE_CURVE((1.,1.,1.,1.))
REPRESENTATION_ITEM('')
);
#284=(
BOUNDED_CURVE()
B_SPLINE_CURVE(3,(#8504,#8505,#8506,#8507),.UNSPECIFIED.,.F.,.F.)
B_SPLINE_CURVE_WITH_KNOTS((4,4),(-1.,0.),.UNSPECIFIED.)
CURVE()
GEOMETRIC_REPRESENTATION_ITEM()
RATIONAL_B_SPLINE_CURVE((1.,1.,1.,1.))
REPRESENTATION_ITEM('')
);
#285=(
BOUNDED_CURVE()
B_SPLINE_CURVE(3,(#8510,#8511,#8512,#8513),.UNSPECIFIED.,.F.,.F.)
B_SPLINE_CURVE_WITH_KNOTS((4,4),(-1.,0.),.UNSPECIFIED.)
CURVE()
GEOMETRIC_REPRESENTATION_ITEM()
RATIONAL_B_SPLINE_CURVE((1.,1.,1.,1.))
REPRESENTATION_ITEM('')
);
#286=(
BOUNDED_CURVE()
B_SPLINE_CURVE(3,(#8523,#8524,#8525,#8526),.UNSPECIFIED.,.F.,.F.)
B_SPLINE_CURVE_WITH_KNOTS((4,4),(-1.,0.),.UNSPECIFIED.)
CURVE()
GEOMETRIC_REPRESENTATION_ITEM()
RATIONAL_B_SPLINE_CURVE((1.,1.,1.,1.))
REPRESENTATION_ITEM('')
);
#287=(
BOUNDED_CURVE()
B_SPLINE_CURVE(3,(#8529,#8530,#8531,#8532),.UNSPECIFIED.,.F.,.F.)
B_SPLINE_CURVE_WITH_KNOTS((4,4),(-1.,0.),.UNSPECIFIED.)
CURVE()
GEOMETRIC_REPRESENTATION_ITEM()
RATIONAL_B_SPLINE_CURVE((1.,1.,1.,1.))
REPRESENTATION_ITEM('')
);
#288=(
BOUNDED_CURVE()
B_SPLINE_CURVE(3,(#8542,#8543,#8544,#8545),.UNSPECIFIED.,.F.,.F.)
B_SPLINE_CURVE_WITH_KNOTS((4,4),(-1.,0.),.UNSPECIFIED.)
CURVE()
GEOMETRIC_REPRESENTATION_ITEM()
RATIONAL_B_SPLINE_CURVE((1.,1.,1.,1.))
REPRESENTATION_ITEM('')
);
#289=(
BOUNDED_CURVE()
B_SPLINE_CURVE(3,(#8548,#8549,#8550,#8551),.UNSPECIFIED.,.F.,.F.)
B_SPLINE_CURVE_WITH_KNOTS((4,4),(-1.,0.),.UNSPECIFIED.)
CURVE()
GEOMETRIC_REPRESENTATION_ITEM()
RATIONAL_B_SPLINE_CURVE((1.,1.,1.,1.))
REPRESENTATION_ITEM('')
);
#290=(
BOUNDED_CURVE()
B_SPLINE_CURVE(3,(#8561,#8562,#8563,#8564),.UNSPECIFIED.,.F.,.F.)
B_SPLINE_CURVE_WITH_KNOTS((4,4),(-1.,0.),.UNSPECIFIED.)
CURVE()
GEOMETRIC_REPRESENTATION_ITEM()
RATIONAL_B_SPLINE_CURVE((1.,1.,1.,1.))
REPRESENTATION_ITEM('')
);
#291=(
BOUNDED_CURVE()
B_SPLINE_CURVE(3,(#8567,#8568,#8569,#8570),.UNSPECIFIED.,.F.,.F.)
B_SPLINE_CURVE_WITH_KNOTS((4,4),(-1.,0.),.UNSPECIFIED.)
CURVE()
GEOMETRIC_REPRESENTATION_ITEM()
RATIONAL_B_SPLINE_CURVE((1.,1.,1.,1.))
REPRESENTATION_ITEM('')
);
#292=(
BOUNDED_CURVE()
B_SPLINE_CURVE(3,(#8580,#8581,#8582,#8583),.UNSPECIFIED.,.F.,.F.)
B_SPLINE_CURVE_WITH_KNOTS((4,4),(-1.,0.),.UNSPECIFIED.)
CURVE()
GEOMETRIC_REPRESENTATION_ITEM()
RATIONAL_B_SPLINE_CURVE((1.,1.,1.,1.))
REPRESENTATION_ITEM('')
);
#293=(
BOUNDED_CURVE()
B_SPLINE_CURVE(3,(#8586,#8587,#8588,#8589),.UNSPECIFIED.,.F.,.F.)
B_SPLINE_CURVE_WITH_KNOTS((4,4),(-1.,0.),.UNSPECIFIED.)
CURVE()
GEOMETRIC_REPRESENTATION_ITEM()
RATIONAL_B_SPLINE_CURVE((1.,1.,1.,1.))
REPRESENTATION_ITEM('')
);
#294=(
BOUNDED_CURVE()
B_SPLINE_CURVE(3,(#8599,#8600,#8601,#8602),.UNSPECIFIED.,.F.,.F.)
B_SPLINE_CURVE_WITH_KNOTS((4,4),(-1.,0.),.UNSPECIFIED.)
CURVE()
GEOMETRIC_REPRESENTATION_ITEM()
RATIONAL_B_SPLINE_CURVE((1.,1.,1.,1.))
REPRESENTATION_ITEM('')
);
#295=(
BOUNDED_CURVE()
B_SPLINE_CURVE(3,(#8605,#8606,#8607,#8608),.UNSPECIFIED.,.F.,.F.)
B_SPLINE_CURVE_WITH_KNOTS((4,4),(-1.,0.),.UNSPECIFIED.)
CURVE()
GEOMETRIC_REPRESENTATION_ITEM()
RATIONAL_B_SPLINE_CURVE((1.,1.,1.,1.))
REPRESENTATION_ITEM('')
);
#296=(
BOUNDED_CURVE()
B_SPLINE_CURVE(3,(#8618,#8619,#8620,#8621),.UNSPECIFIED.,.F.,.F.)
B_SPLINE_CURVE_WITH_KNOTS((4,4),(-1.,0.),.UNSPECIFIED.)
CURVE()
GEOMETRIC_REPRESENTATION_ITEM()
RATIONAL_B_SPLINE_CURVE((1.,1.,1.,1.))
REPRESENTATION_ITEM('')
);
#297=(
BOUNDED_CURVE()
B_SPLINE_CURVE(3,(#8624,#8625,#8626,#8627),.UNSPECIFIED.,.F.,.F.)
B_SPLINE_CURVE_WITH_KNOTS((4,4),(-1.,0.),.UNSPECIFIED.)
CURVE()
GEOMETRIC_REPRESENTATION_ITEM()
RATIONAL_B_SPLINE_CURVE((1.,1.,1.,1.))
REPRESENTATION_ITEM('')
);
#298=(
BOUNDED_CURVE()
B_SPLINE_CURVE(3,(#8637,#8638,#8639,#8640),.UNSPECIFIED.,.F.,.F.)
B_SPLINE_CURVE_WITH_KNOTS((4,4),(-1.,0.),.UNSPECIFIED.)
CURVE()
GEOMETRIC_REPRESENTATION_ITEM()
RATIONAL_B_SPLINE_CURVE((1.,1.,1.,1.))
REPRESENTATION_ITEM('')
);
#299=(
BOUNDED_CURVE()
B_SPLINE_CURVE(3,(#8643,#8644,#8645,#8646),.UNSPECIFIED.,.F.,.F.)
B_SPLINE_CURVE_WITH_KNOTS((4,4),(-1.,0.),.UNSPECIFIED.)
CURVE()
GEOMETRIC_REPRESENTATION_ITEM()
RATIONAL_B_SPLINE_CURVE((1.,1.,1.,1.))
REPRESENTATION_ITEM('')
);
#300=(
BOUNDED_CURVE()
B_SPLINE_CURVE(3,(#8656,#8657,#8658,#8659),.UNSPECIFIED.,.F.,.F.)
B_SPLINE_CURVE_WITH_KNOTS((4,4),(-1.,0.),.UNSPECIFIED.)
CURVE()
GEOMETRIC_REPRESENTATION_ITEM()
RATIONAL_B_SPLINE_CURVE((1.,1.,1.,1.))
REPRESENTATION_ITEM('')
);
#301=(
BOUNDED_CURVE()
B_SPLINE_CURVE(3,(#8662,#8663,#8664,#8665),.UNSPECIFIED.,.F.,.F.)
B_SPLINE_CURVE_WITH_KNOTS((4,4),(-1.,0.),.UNSPECIFIED.)
CURVE()
GEOMETRIC_REPRESENTATION_ITEM()
RATIONAL_B_SPLINE_CURVE((1.,1.,1.,1.))
REPRESENTATION_ITEM('')
);
#302=(
BOUNDED_CURVE()
B_SPLINE_CURVE(3,(#8679,#8680,#8681,#8682),.UNSPECIFIED.,.F.,.F.)
B_SPLINE_CURVE_WITH_KNOTS((4,4),(-1.,0.),.UNSPECIFIED.)
CURVE()
GEOMETRIC_REPRESENTATION_ITEM()
RATIONAL_B_SPLINE_CURVE((1.,1.,1.,1.))
REPRESENTATION_ITEM('')
);
#303=(
BOUNDED_CURVE()
B_SPLINE_CURVE(3,(#8693,#8694,#8695,#8696),.UNSPECIFIED.,.F.,.F.)
B_SPLINE_CURVE_WITH_KNOTS((4,4),(-1.,0.),.UNSPECIFIED.)
CURVE()
GEOMETRIC_REPRESENTATION_ITEM()
RATIONAL_B_SPLINE_CURVE((1.,1.,1.,1.))
REPRESENTATION_ITEM('')
);
#304=(
BOUNDED_CURVE()
B_SPLINE_CURVE(3,(#8707,#8708,#8709,#8710),.UNSPECIFIED.,.F.,.F.)
B_SPLINE_CURVE_WITH_KNOTS((4,4),(-1.,0.),.UNSPECIFIED.)
CURVE()
GEOMETRIC_REPRESENTATION_ITEM()
RATIONAL_B_SPLINE_CURVE((1.,1.,1.,1.))
REPRESENTATION_ITEM('')
);
#305=(
BOUNDED_CURVE()
B_SPLINE_CURVE(3,(#8721,#8722,#8723,#8724),.UNSPECIFIED.,.F.,.F.)
B_SPLINE_CURVE_WITH_KNOTS((4,4),(-1.,0.),.UNSPECIFIED.)
CURVE()
GEOMETRIC_REPRESENTATION_ITEM()
RATIONAL_B_SPLINE_CURVE((1.,1.,1.,1.))
REPRESENTATION_ITEM('')
);
#306=(
BOUNDED_CURVE()
B_SPLINE_CURVE(3,(#8735,#8736,#8737,#8738),.UNSPECIFIED.,.F.,.F.)
B_SPLINE_CURVE_WITH_KNOTS((4,4),(-1.,0.),.UNSPECIFIED.)
CURVE()
GEOMETRIC_REPRESENTATION_ITEM()
RATIONAL_B_SPLINE_CURVE((1.,1.,1.,1.))
REPRESENTATION_ITEM('')
);
#307=(
BOUNDED_CURVE()
B_SPLINE_CURVE(3,(#8749,#8750,#8751,#8752),.UNSPECIFIED.,.F.,.F.)
B_SPLINE_CURVE_WITH_KNOTS((4,4),(-1.,0.),.UNSPECIFIED.)
CURVE()
GEOMETRIC_REPRESENTATION_ITEM()
RATIONAL_B_SPLINE_CURVE((1.,1.,1.,1.))
REPRESENTATION_ITEM('')
);
#308=(
BOUNDED_CURVE()
B_SPLINE_CURVE(3,(#8763,#8764,#8765,#8766),.UNSPECIFIED.,.F.,.F.)
B_SPLINE_CURVE_WITH_KNOTS((4,4),(-1.,0.),.UNSPECIFIED.)
CURVE()
GEOMETRIC_REPRESENTATION_ITEM()
RATIONAL_B_SPLINE_CURVE((1.,1.,1.,1.))
REPRESENTATION_ITEM('')
);
#309=(
BOUNDED_CURVE()
B_SPLINE_CURVE(3,(#8777,#8778,#8779,#8780),.UNSPECIFIED.,.F.,.F.)
B_SPLINE_CURVE_WITH_KNOTS((4,4),(-1.,0.),.UNSPECIFIED.)
CURVE()
GEOMETRIC_REPRESENTATION_ITEM()
RATIONAL_B_SPLINE_CURVE((1.,1.,1.,1.))
REPRESENTATION_ITEM('')
);
#310=(
BOUNDED_CURVE()
B_SPLINE_CURVE(3,(#8791,#8792,#8793,#8794),.UNSPECIFIED.,.F.,.F.)
B_SPLINE_CURVE_WITH_KNOTS((4,4),(-1.,0.),.UNSPECIFIED.)
CURVE()
GEOMETRIC_REPRESENTATION_ITEM()
RATIONAL_B_SPLINE_CURVE((1.,1.,1.,1.))
REPRESENTATION_ITEM('')
);
#311=(
BOUNDED_CURVE()
B_SPLINE_CURVE(3,(#8805,#8806,#8807,#8808),.UNSPECIFIED.,.F.,.F.)
B_SPLINE_CURVE_WITH_KNOTS((4,4),(-1.,0.),.UNSPECIFIED.)
CURVE()
GEOMETRIC_REPRESENTATION_ITEM()
RATIONAL_B_SPLINE_CURVE((1.,1.,1.,1.))
REPRESENTATION_ITEM('')
);
#312=(
BOUNDED_CURVE()
B_SPLINE_CURVE(3,(#8819,#8820,#8821,#8822),.UNSPECIFIED.,.F.,.F.)
B_SPLINE_CURVE_WITH_KNOTS((4,4),(-1.,0.),.UNSPECIFIED.)
CURVE()
GEOMETRIC_REPRESENTATION_ITEM()
RATIONAL_B_SPLINE_CURVE((1.,1.,1.,1.))
REPRESENTATION_ITEM('')
);
#313=(
BOUNDED_CURVE()
B_SPLINE_CURVE(3,(#8833,#8834,#8835,#8836),.UNSPECIFIED.,.F.,.F.)
B_SPLINE_CURVE_WITH_KNOTS((4,4),(-1.,0.),.UNSPECIFIED.)
CURVE()
GEOMETRIC_REPRESENTATION_ITEM()
RATIONAL_B_SPLINE_CURVE((1.,1.,1.,1.))
REPRESENTATION_ITEM('')
);
#314=(
BOUNDED_CURVE()
B_SPLINE_CURVE(3,(#8847,#8848,#8849,#8850),.UNSPECIFIED.,.F.,.F.)
B_SPLINE_CURVE_WITH_KNOTS((4,4),(-1.,0.),.UNSPECIFIED.)
CURVE()
GEOMETRIC_REPRESENTATION_ITEM()
RATIONAL_B_SPLINE_CURVE((1.,1.,1.,1.))
REPRESENTATION_ITEM('')
);
#315=(
BOUNDED_CURVE()
B_SPLINE_CURVE(3,(#8861,#8862,#8863,#8864),.UNSPECIFIED.,.F.,.F.)
B_SPLINE_CURVE_WITH_KNOTS((4,4),(-1.,0.),.UNSPECIFIED.)
CURVE()
GEOMETRIC_REPRESENTATION_ITEM()
RATIONAL_B_SPLINE_CURVE((1.,1.,1.,1.))
REPRESENTATION_ITEM('')
);
#316=(
BOUNDED_CURVE()
B_SPLINE_CURVE(3,(#8873,#8874,#8875,#8876),.UNSPECIFIED.,.F.,.F.)
B_SPLINE_CURVE_WITH_KNOTS((4,4),(-1.,0.),.UNSPECIFIED.)
CURVE()
GEOMETRIC_REPRESENTATION_ITEM()
RATIONAL_B_SPLINE_CURVE((1.,1.,1.,1.))
REPRESENTATION_ITEM('')
);
#317=FACE_BOUND('',#1918,.T.);
#318=FACE_BOUND('',#1919,.T.);
#319=FACE_BOUND('',#1920,.T.);
#320=FACE_BOUND('',#1921,.T.);
#321=FACE_BOUND('',#1922,.T.);
#322=FACE_BOUND('',#1923,.T.);
#323=FACE_BOUND('',#1924,.T.);
#324=FACE_BOUND('',#1925,.T.);
#325=FACE_BOUND('',#1926,.T.);
#326=FACE_BOUND('',#1927,.T.);
#327=FACE_BOUND('',#1928,.T.);
#328=FACE_BOUND('',#1929,.T.);
#329=FACE_BOUND('',#1930,.T.);
#330=FACE_BOUND('',#1931,.T.);
#331=FACE_BOUND('',#1932,.T.);
#332=FACE_BOUND('',#1933,.T.);
#333=FACE_BOUND('',#1934,.T.);
#334=FACE_BOUND('',#1935,.T.);
#335=FACE_BOUND('',#1936,.T.);
#336=FACE_BOUND('',#1937,.T.);
#337=FACE_BOUND('',#1938,.T.);
#338=FACE_BOUND('',#1939,.T.);
#339=FACE_BOUND('',#1940,.T.);
#340=FACE_BOUND('',#1962,.T.);
#341=FACE_BOUND('',#1963,.T.);
#342=FACE_BOUND('',#1964,.T.);
#343=FACE_BOUND('',#1965,.T.);
#344=FACE_BOUND('',#1966,.T.);
#345=FACE_BOUND('',#1967,.T.);
#346=FACE_BOUND('',#1968,.T.);
#347=FACE_BOUND('',#1969,.T.);
#348=FACE_BOUND('',#1970,.T.);
#349=FACE_BOUND('',#1971,.T.);
#350=FACE_BOUND('',#1972,.T.);
#351=FACE_BOUND('',#1973,.T.);
#352=FACE_BOUND('',#1974,.T.);
#353=FACE_BOUND('',#1975,.T.);
#354=FACE_BOUND('',#1976,.T.);
#355=FACE_BOUND('',#2107,.T.);
#356=FACE_BOUND('',#2108,.T.);
#357=FACE_BOUND('',#2163,.T.);
#358=FACE_BOUND('',#2185,.T.);
#359=FACE_BOUND('',#2186,.T.);
#360=FACE_BOUND('',#2187,.T.);
#361=FACE_BOUND('',#2188,.T.);
#362=PLANE('',#5280);
#363=PLANE('',#5291);
#364=PLANE('',#5319);
#365=PLANE('',#5333);
#366=PLANE('',#5334);
#367=PLANE('',#5335);
#368=PLANE('',#5338);
#369=PLANE('',#5339);
#370=PLANE('',#5342);
#371=PLANE('',#5343);
#372=PLANE('',#5344);
#373=PLANE('',#5345);
#374=PLANE('',#5346);
#375=PLANE('',#5347);
#376=PLANE('',#5348);
#377=PLANE('',#5349);
#378=PLANE('',#5350);
#379=PLANE('',#5351);
#380=PLANE('',#5360);
#381=PLANE('',#5361);
#382=PLANE('',#5362);
#383=PLANE('',#5363);
#384=PLANE('',#5364);
#385=PLANE('',#5365);
#386=PLANE('',#5366);
#387=PLANE('',#5367);
#388=PLANE('',#5368);
#389=PLANE('',#5369);
#390=PLANE('',#5370);
#391=PLANE('',#5371);
#392=PLANE('',#5372);
#393=PLANE('',#5373);
#394=PLANE('',#5374);
#395=PLANE('',#5375);
#396=PLANE('',#5376);
#397=PLANE('',#5377);
#398=PLANE('',#5378);
#399=PLANE('',#5379);
#400=PLANE('',#5380);
#401=PLANE('',#5381);
#402=PLANE('',#5382);
#403=PLANE('',#5383);
#404=PLANE('',#5384);
#405=PLANE('',#5385);
#406=PLANE('',#5386);
#407=PLANE('',#5387);
#408=PLANE('',#5388);
#409=PLANE('',#5389);
#410=PLANE('',#5390);
#411=PLANE('',#5391);
#412=PLANE('',#5392);
#413=PLANE('',#5393);
#414=PLANE('',#5394);
#415=PLANE('',#5395);
#416=PLANE('',#5396);
#417=PLANE('',#5397);
#418=PLANE('',#5398);
#419=PLANE('',#5399);
#420=PLANE('',#5404);
#421=PLANE('',#5405);
#422=PLANE('',#5406);
#423=PLANE('',#5407);
#424=PLANE('',#5408);
#425=PLANE('',#5409);
#426=PLANE('',#5410);
#427=PLANE('',#5411);
#428=PLANE('',#5412);
#429=PLANE('',#5413);
#430=PLANE('',#5414);
#431=PLANE('',#5415);
#432=PLANE('',#5416);
#433=PLANE('',#5417);
#434=PLANE('',#5418);
#435=PLANE('',#5419);
#436=PLANE('',#5420);
#437=PLANE('',#5421);
#438=PLANE('',#5422);
#439=PLANE('',#5423);
#440=PLANE('',#5424);
#441=PLANE('',#5425);
#442=PLANE('',#5426);
#443=PLANE('',#5427);
#444=PLANE('',#5428);
#445=PLANE('',#5429);
#446=PLANE('',#5430);
#447=PLANE('',#5431);
#448=PLANE('',#5432);
#449=PLANE('',#5433);
#450=PLANE('',#5434);
#451=PLANE('',#5435);
#452=PLANE('',#5436);
#453=PLANE('',#5437);
#454=PLANE('',#5438);
#455=PLANE('',#5439);
#456=PLANE('',#5440);
#457=PLANE('',#5441);
#458=PLANE('',#5442);
#459=PLANE('',#5443);
#460=PLANE('',#5444);
#461=PLANE('',#5445);
#462=PLANE('',#5446);
#463=PLANE('',#5447);
#464=PLANE('',#5448);
#465=PLANE('',#5449);
#466=PLANE('',#5450);
#467=PLANE('',#5451);
#468=PLANE('',#5452);
#469=PLANE('',#5453);
#470=PLANE('',#5454);
#471=PLANE('',#5455);
#472=PLANE('',#5456);
#473=PLANE('',#5457);
#474=PLANE('',#5458);
#475=PLANE('',#5459);
#476=PLANE('',#5460);
#477=PLANE('',#5461);
#478=PLANE('',#5462);
#479=PLANE('',#5463);
#480=PLANE('',#5464);
#481=PLANE('',#5465);
#482=PLANE('',#5466);
#483=PLANE('',#5467);
#484=PLANE('',#5468);
#485=PLANE('',#5469);
#486=PLANE('',#5470);
#487=PLANE('',#5471);
#488=PLANE('',#5472);
#489=PLANE('',#5473);
#490=PLANE('',#5474);
#491=PLANE('',#5475);
#492=PLANE('',#5476);
#493=PLANE('',#5479);
#494=PLANE('',#5481);
#495=PLANE('',#5483);
#496=PLANE('',#5484);
#497=PLANE('',#5485);
#498=PLANE('',#5486);
#499=PLANE('',#5487);
#500=PLANE('',#5488);
#501=PLANE('',#5490);
#502=PLANE('',#5491);
#503=PLANE('',#5492);
#504=PLANE('',#5493);
#505=PLANE('',#5494);
#506=PLANE('',#5495);
#507=PLANE('',#5496);
#508=PLANE('',#5497);
#509=PLANE('',#5502);
#510=PLANE('',#5507);
#511=PLANE('',#5508);
#512=PLANE('',#5509);
#513=PLANE('',#5510);
#514=PLANE('',#5511);
#515=PLANE('',#5512);
#516=PLANE('',#5513);
#517=PLANE('',#5518);
#518=PLANE('',#5519);
#519=PLANE('',#5522);
#520=PLANE('',#5524);
#521=PLANE('',#5528);
#522=PLANE('',#5531);
#523=PLANE('',#5534);
#524=PLANE('',#5537);
#525=PLANE('',#5538);
#526=PLANE('',#5539);
#527=LINE('',#6638,#1063);
#528=LINE('',#6639,#1064);
#529=LINE('',#6642,#1065);
#530=LINE('',#6643,#1066);
#531=LINE('',#6649,#1067);
#532=LINE('',#6652,#1068);
#533=LINE('',#6661,#1069);
#534=LINE('',#6664,#1070);
#535=LINE('',#6666,#1071);
#536=LINE('',#6667,#1072);
#537=LINE('',#6669,#1073);
#538=LINE('',#6675,#1074);
#539=LINE('',#6678,#1075);
#540=LINE('',#6689,#1076);
#541=LINE('',#6690,#1077);
#542=LINE('',#6701,#1078);
#543=LINE('',#6702,#1079);
#544=LINE('',#6713,#1080);
#545=LINE('',#6714,#1081);
#546=LINE('',#6725,#1082);
#547=LINE('',#6726,#1083);
#548=LINE('',#6728,#1084);
#549=LINE('',#6729,#1085);
#550=LINE('',#6732,#1086);
#551=LINE('',#6734,#1087);
#552=LINE('',#6736,#1088);
#553=LINE('',#6737,#1089);
#554=LINE('',#6740,#1090);
#555=LINE('',#6742,#1091);
#556=LINE('',#6744,#1092);
#557=LINE('',#6745,#1093);
#558=LINE('',#6748,#1094);
#559=LINE('',#6750,#1095);
#560=LINE('',#6752,#1096);
#561=LINE('',#6753,#1097);
#562=LINE('',#6756,#1098);
#563=LINE('',#6758,#1099);
#564=LINE('',#6760,#1100);
#565=LINE('',#6761,#1101);
#566=LINE('',#6764,#1102);
#567=LINE('',#6766,#1103);
#568=LINE('',#6768,#1104);
#569=LINE('',#6769,#1105);
#570=LINE('',#6772,#1106);
#571=LINE('',#6774,#1107);
#572=LINE('',#6776,#1108);
#573=LINE('',#6777,#1109);
#574=LINE('',#6780,#1110);
#575=LINE('',#6782,#1111);
#576=LINE('',#6784,#1112);
#577=LINE('',#6785,#1113);
#578=LINE('',#6788,#1114);
#579=LINE('',#6790,#1115);
#580=LINE('',#6792,#1116);
#581=LINE('',#6793,#1117);
#582=LINE('',#6796,#1118);
#583=LINE('',#6798,#1119);
#584=LINE('',#6800,#1120);
#585=LINE('',#6801,#1121);
#586=LINE('',#6954,#1122);
#587=LINE('',#6956,#1123);
#588=LINE('',#6958,#1124);
#589=LINE('',#6959,#1125);
#590=LINE('',#6962,#1126);
#591=LINE('',#6964,#1127);
#592=LINE('',#6966,#1128);
#593=LINE('',#6968,#1129);
#594=LINE('',#6970,#1130);
#595=LINE('',#6972,#1131);
#596=LINE('',#6974,#1132);
#597=LINE('',#6975,#1133);
#598=LINE('',#6984,#1134);
#599=LINE('',#6986,#1135);
#600=LINE('',#6988,#1136);
#601=LINE('',#7044,#1137);
#602=LINE('',#7046,#1138);
#603=LINE('',#7048,#1139);
#604=LINE('',#7050,#1140);
#605=LINE('',#7052,#1141);
#606=LINE('',#7053,#1142);
#607=LINE('',#7056,#1143);
#608=LINE('',#7058,#1144);
#609=LINE('',#7060,#1145);
#610=LINE('',#7061,#1146);
#611=LINE('',#7064,#1147);
#612=LINE('',#7066,#1148);
#613=LINE('',#7068,#1149);
#614=LINE('',#7070,#1150);
#615=LINE('',#7072,#1151);
#616=LINE('',#7073,#1152);
#617=LINE('',#7076,#1153);
#618=LINE('',#7078,#1154);
#619=LINE('',#7080,#1155);
#620=LINE('',#7082,#1156);
#621=LINE('',#7084,#1157);
#622=LINE('',#7086,#1158);
#623=LINE('',#7088,#1159);
#624=LINE('',#7090,#1160);
#625=LINE('',#7092,#1161);
#626=LINE('',#7094,#1162);
#627=LINE('',#7096,#1163);
#628=LINE('',#7097,#1164);
#629=LINE('',#7100,#1165);
#630=LINE('',#7102,#1166);
#631=LINE('',#7104,#1167);
#632=LINE('',#7106,#1168);
#633=LINE('',#7108,#1169);
#634=LINE('',#7110,#1170);
#635=LINE('',#7112,#1171);
#636=LINE('',#7114,#1172);
#637=LINE('',#7116,#1173);
#638=LINE('',#7118,#1174);
#639=LINE('',#7120,#1175);
#640=LINE('',#7121,#1176);
#641=LINE('',#7124,#1177);
#642=LINE('',#7126,#1178);
#643=LINE('',#7128,#1179);
#644=LINE('',#7130,#1180);
#645=LINE('',#7132,#1181);
#646=LINE('',#7134,#1182);
#647=LINE('',#7136,#1183);
#648=LINE('',#7138,#1184);
#649=LINE('',#7140,#1185);
#650=LINE('',#7142,#1186);
#651=LINE('',#7144,#1187);
#652=LINE('',#7145,#1188);
#653=LINE('',#7157,#1189);
#654=LINE('',#7161,#1190);
#655=LINE('',#7165,#1191);
#656=LINE('',#7168,#1192);
#657=LINE('',#7171,#1193);
#658=LINE('',#7174,#1194);
#659=LINE('',#7177,#1195);
#660=LINE('',#7180,#1196);
#661=LINE('',#7183,#1197);
#662=LINE('',#7185,#1198);
#663=LINE('',#7186,#1199);
#664=LINE('',#7189,#1200);
#665=LINE('',#7190,#1201);
#666=LINE('',#7193,#1202);
#667=LINE('',#7194,#1203);
#668=LINE('',#7197,#1204);
#669=LINE('',#7200,#1205);
#670=LINE('',#7202,#1206);
#671=LINE('',#7205,#1207);
#672=LINE('',#7207,#1208);
#673=LINE('',#7210,#1209);
#674=LINE('',#7212,#1210);
#675=LINE('',#7213,#1211);
#676=LINE('',#7215,#1212);
#677=LINE('',#7216,#1213);
#678=LINE('',#7218,#1214);
#679=LINE('',#7219,#1215);
#680=LINE('',#7223,#1216);
#681=LINE('',#7225,#1217);
#682=LINE('',#7226,#1218);
#683=LINE('',#7229,#1219);
#684=LINE('',#7230,#1220);
#685=LINE('',#7233,#1221);
#686=LINE('',#7234,#1222);
#687=LINE('',#7237,#1223);
#688=LINE('',#7239,#1224);
#689=LINE('',#7240,#1225);
#690=LINE('',#7243,#1226);
#691=LINE('',#7244,#1227);
#692=LINE('',#7247,#1228);
#693=LINE('',#7248,#1229);
#694=LINE('',#7250,#1230);
#695=LINE('',#7254,#1231);
#696=LINE('',#7255,#1232);
#697=LINE('',#7259,#1233);
#698=LINE('',#7263,#1234);
#699=LINE('',#7267,#1235);
#700=LINE('',#7271,#1236);
#701=LINE('',#7273,#1237);
#702=LINE('',#7275,#1238);
#703=LINE('',#7276,#1239);
#704=LINE('',#7279,#1240);
#705=LINE('',#7281,#1241);
#706=LINE('',#7283,#1242);
#707=LINE('',#7284,#1243);
#708=LINE('',#7287,#1244);
#709=LINE('',#7289,#1245);
#710=LINE('',#7291,#1246);
#711=LINE('',#7292,#1247);
#712=LINE('',#7295,#1248);
#713=LINE('',#7297,#1249);
#714=LINE('',#7299,#1250);
#715=LINE('',#7300,#1251);
#716=LINE('',#7303,#1252);
#717=LINE('',#7305,#1253);
#718=LINE('',#7307,#1254);
#719=LINE('',#7308,#1255);
#720=LINE('',#7311,#1256);
#721=LINE('',#7313,#1257);
#722=LINE('',#7315,#1258);
#723=LINE('',#7316,#1259);
#724=LINE('',#7319,#1260);
#725=LINE('',#7321,#1261);
#726=LINE('',#7323,#1262);
#727=LINE('',#7324,#1263);
#728=LINE('',#7327,#1264);
#729=LINE('',#7329,#1265);
#730=LINE('',#7331,#1266);
#731=LINE('',#7332,#1267);
#732=LINE('',#7335,#1268);
#733=LINE('',#7337,#1269);
#734=LINE('',#7339,#1270);
#735=LINE('',#7340,#1271);
#736=LINE('',#7343,#1272);
#737=LINE('',#7345,#1273);
#738=LINE('',#7347,#1274);
#739=LINE('',#7348,#1275);
#740=LINE('',#7357,#1276);
#741=LINE('',#7358,#1277);
#742=LINE('',#7360,#1278);
#743=LINE('',#7363,#1279);
#744=LINE('',#7364,#1280);
#745=LINE('',#7366,#1281);
#746=LINE('',#7368,#1282);
#747=LINE('',#7369,#1283);
#748=LINE('',#7371,#1284);
#749=LINE('',#7373,#1285);
#750=LINE('',#7376,#1286);
#751=LINE('',#7377,#1287);
#752=LINE('',#7379,#1288);
#753=LINE('',#7381,#1289);
#754=LINE('',#7384,#1290);
#755=LINE('',#7385,#1291);
#756=LINE('',#7387,#1292);
#757=LINE('',#7389,#1293);
#758=LINE('',#7392,#1294);
#759=LINE('',#7393,#1295);
#760=LINE('',#7395,#1296);
#761=LINE('',#7397,#1297);
#762=LINE('',#7400,#1298);
#763=LINE('',#7401,#1299);
#764=LINE('',#7403,#1300);
#765=LINE('',#7405,#1301);
#766=LINE('',#7408,#1302);
#767=LINE('',#7409,#1303);
#768=LINE('',#7411,#1304);
#769=LINE('',#7413,#1305);
#770=LINE('',#7416,#1306);
#771=LINE('',#7417,#1307);
#772=LINE('',#7419,#1308);
#773=LINE('',#7421,#1309);
#774=LINE('',#7424,#1310);
#775=LINE('',#7425,#1311);
#776=LINE('',#7427,#1312);
#777=LINE('',#7429,#1313);
#778=LINE('',#7432,#1314);
#779=LINE('',#7433,#1315);
#780=LINE('',#7435,#1316);
#781=LINE('',#7437,#1317);
#782=LINE('',#7440,#1318);
#783=LINE('',#7442,#1319);
#784=LINE('',#7444,#1320);
#785=LINE('',#7446,#1321);
#786=LINE('',#7449,#1322);
#787=LINE('',#7451,#1323);
#788=LINE('',#7452,#1324);
#789=LINE('',#7455,#1325);
#790=LINE('',#7456,#1326);
#791=LINE('',#7459,#1327);
#792=LINE('',#7460,#1328);
#793=LINE('',#7463,#1329);
#794=LINE('',#7464,#1330);
#795=LINE('',#7467,#1331);
#796=LINE('',#7468,#1332);
#797=LINE('',#7471,#1333);
#798=LINE('',#7472,#1334);
#799=LINE('',#7475,#1335);
#800=LINE('',#7476,#1336);
#801=LINE('',#7479,#1337);
#802=LINE('',#7480,#1338);
#803=LINE('',#7483,#1339);
#804=LINE('',#7484,#1340);
#805=LINE('',#7487,#1341);
#806=LINE('',#7488,#1342);
#807=LINE('',#7491,#1343);
#808=LINE('',#7492,#1344);
#809=LINE('',#7494,#1345);
#810=LINE('',#7498,#1346);
#811=LINE('',#7500,#1347);
#812=LINE('',#7501,#1348);
#813=LINE('',#7504,#1349);
#814=LINE('',#7505,#1350);
#815=LINE('',#7508,#1351);
#816=LINE('',#7509,#1352);
#817=LINE('',#7512,#1353);
#818=LINE('',#7513,#1354);
#819=LINE('',#7516,#1355);
#820=LINE('',#7517,#1356);
#821=LINE('',#7520,#1357);
#822=LINE('',#7521,#1358);
#823=LINE('',#7524,#1359);
#824=LINE('',#7525,#1360);
#825=LINE('',#7528,#1361);
#826=LINE('',#7529,#1362);
#827=LINE('',#7532,#1363);
#828=LINE('',#7533,#1364);
#829=LINE('',#7536,#1365);
#830=LINE('',#7537,#1366);
#831=LINE('',#7540,#1367);
#832=LINE('',#7541,#1368);
#833=LINE('',#7543,#1369);
#834=LINE('',#7547,#1370);
#835=LINE('',#7549,#1371);
#836=LINE('',#7550,#1372);
#837=LINE('',#7553,#1373);
#838=LINE('',#7554,#1374);
#839=LINE('',#7557,#1375);
#840=LINE('',#7558,#1376);
#841=LINE('',#7561,#1377);
#842=LINE('',#7562,#1378);
#843=LINE('',#7565,#1379);
#844=LINE('',#7566,#1380);
#845=LINE('',#7569,#1381);
#846=LINE('',#7570,#1382);
#847=LINE('',#7573,#1383);
#848=LINE('',#7574,#1384);
#849=LINE('',#7577,#1385);
#850=LINE('',#7578,#1386);
#851=LINE('',#7581,#1387);
#852=LINE('',#7582,#1388);
#853=LINE('',#7585,#1389);
#854=LINE('',#7586,#1390);
#855=LINE('',#7589,#1391);
#856=LINE('',#7590,#1392);
#857=LINE('',#7592,#1393);
#858=LINE('',#7596,#1394);
#859=LINE('',#7598,#1395);
#860=LINE('',#7599,#1396);
#861=LINE('',#7602,#1397);
#862=LINE('',#7603,#1398);
#863=LINE('',#7606,#1399);
#864=LINE('',#7607,#1400);
#865=LINE('',#7610,#1401);
#866=LINE('',#7611,#1402);
#867=LINE('',#7614,#1403);
#868=LINE('',#7615,#1404);
#869=LINE('',#7617,#1405);
#870=LINE('',#7621,#1406);
#871=LINE('',#7623,#1407);
#872=LINE('',#7624,#1408);
#873=LINE('',#7627,#1409);
#874=LINE('',#7628,#1410);
#875=LINE('',#7631,#1411);
#876=LINE('',#7632,#1412);
#877=LINE('',#7634,#1413);
#878=LINE('',#7638,#1414);
#879=LINE('',#7640,#1415);
#880=LINE('',#7641,#1416);
#881=LINE('',#7644,#1417);
#882=LINE('',#7645,#1418);
#883=LINE('',#7648,#1419);
#884=LINE('',#7649,#1420);
#885=LINE('',#7652,#1421);
#886=LINE('',#7653,#1422);
#887=LINE('',#7656,#1423);
#888=LINE('',#7657,#1424);
#889=LINE('',#7659,#1425);
#890=LINE('',#7664,#1426);
#891=LINE('',#7666,#1427);
#892=LINE('',#7668,#1428);
#893=LINE('',#7669,#1429);
#894=LINE('',#7687,#1430);
#895=LINE('',#7710,#1431);
#896=LINE('',#7733,#1432);
#897=LINE('',#7756,#1433);
#898=LINE('',#7764,#1434);
#899=LINE('',#7766,#1435);
#900=LINE('',#7767,#1436);
#901=LINE('',#7769,#1437);
#902=LINE('',#7770,#1438);
#903=LINE('',#7774,#1439);
#904=LINE('',#7776,#1440);
#905=LINE('',#7778,#1441);
#906=LINE('',#7779,#1442);
#907=LINE('',#7797,#1443);
#908=LINE('',#7820,#1444);
#909=LINE('',#7843,#1445);
#910=LINE('',#7866,#1446);
#911=LINE('',#7874,#1447);
#912=LINE('',#7876,#1448);
#913=LINE('',#7877,#1449);
#914=LINE('',#7879,#1450);
#915=LINE('',#7880,#1451);
#916=LINE('',#7892,#1452);
#917=LINE('',#7899,#1453);
#918=LINE('',#7911,#1454);
#919=LINE('',#7928,#1455);
#920=LINE('',#7945,#1456);
#921=LINE('',#7962,#1457);
#922=LINE('',#7979,#1458);
#923=LINE('',#7996,#1459);
#924=LINE('',#8013,#1460);
#925=LINE('',#8030,#1461);
#926=LINE('',#8047,#1462);
#927=LINE('',#8055,#1463);
#928=LINE('',#8056,#1464);
#929=LINE('',#8059,#1465);
#930=LINE('',#8060,#1466);
#931=LINE('',#8062,#1467);
#932=LINE('',#8080,#1468);
#933=LINE('',#8086,#1469);
#934=LINE('',#8105,#1470);
#935=LINE('',#8124,#1471);
#936=LINE('',#8143,#1472);
#937=LINE('',#8162,#1473);
#938=LINE('',#8181,#1474);
#939=LINE('',#8200,#1475);
#940=LINE('',#8219,#1476);
#941=LINE('',#8238,#1477);
#942=LINE('',#8257,#1478);
#943=LINE('',#8260,#1479);
#944=LINE('',#8262,#1480);
#945=LINE('',#8263,#1481);
#946=LINE('',#8273,#1482);
#947=LINE('',#8279,#1483);
#948=LINE('',#8293,#1484);
#949=LINE('',#8307,#1485);
#950=LINE('',#8321,#1486);
#951=LINE('',#8335,#1487);
#952=LINE('',#8349,#1488);
#953=LINE('',#8363,#1489);
#954=LINE('',#8377,#1490);
#955=LINE('',#8391,#1491);
#956=LINE('',#8405,#1492);
#957=LINE('',#8419,#1493);
#958=LINE('',#8433,#1494);
#959=LINE('',#8447,#1495);
#960=LINE('',#8461,#1496);
#961=LINE('',#8475,#1497);
#962=LINE('',#8490,#1498);
#963=LINE('',#8509,#1499);
#964=LINE('',#8528,#1500);
#965=LINE('',#8547,#1501);
#966=LINE('',#8566,#1502);
#967=LINE('',#8585,#1503);
#968=LINE('',#8604,#1504);
#969=LINE('',#8623,#1505);
#970=LINE('',#8642,#1506);
#971=LINE('',#8661,#1507);
#972=LINE('',#8667,#1508);
#973=LINE('',#8668,#1509);
#974=LINE('',#8678,#1510);
#975=LINE('',#8692,#1511);
#976=LINE('',#8706,#1512);
#977=LINE('',#8720,#1513);
#978=LINE('',#8734,#1514);
#979=LINE('',#8748,#1515);
#980=LINE('',#8762,#1516);
#981=LINE('',#8776,#1517);
#982=LINE('',#8790,#1518);
#983=LINE('',#8804,#1519);
#984=LINE('',#8818,#1520);
#985=LINE('',#8832,#1521);
#986=LINE('',#8846,#1522);
#987=LINE('',#8860,#1523);
#988=LINE('',#8880,#1524);
#989=LINE('',#8882,#1525);
#990=LINE('',#8884,#1526);
#991=LINE('',#8886,#1527);
#992=LINE('',#8888,#1528);
#993=LINE('',#8890,#1529);
#994=LINE('',#8896,#1530);
#995=LINE('',#8902,#1531);
#996=LINE('',#8904,#1532);
#997=LINE('',#8906,#1533);
#998=LINE('',#8907,#1534);
#999=LINE('',#8910,#1535);
#1000=LINE('',#8912,#1536);
#1001=LINE('',#8913,#1537);
#1002=LINE('',#8916,#1538);
#1003=LINE('',#8918,#1539);
#1004=LINE('',#8920,#1540);
#1005=LINE('',#8922,#1541);
#1006=LINE('',#8924,#1542);
#1007=LINE('',#8925,#1543);
#1008=LINE('',#8929,#1544);
#1009=LINE('',#8931,#1545);
#1010=LINE('',#8933,#1546);
#1011=LINE('',#8934,#1547);
#1012=LINE('',#8938,#1548);
#1013=LINE('',#8939,#1549);
#1014=LINE('',#8940,#1550);
#1015=LINE('',#8944,#1551);
#1016=LINE('',#8945,#1552);
#1017=LINE('',#8946,#1553);
#1018=LINE('',#8948,#1554);
#1019=LINE('',#8951,#1555);
#1020=LINE('',#8953,#1556);
#1021=LINE('',#8955,#1557);
#1022=LINE('',#8957,#1558);
#1023=LINE('',#8959,#1559);
#1024=LINE('',#8961,#1560);
#1025=LINE('',#8963,#1561);
#1026=LINE('',#8965,#1562);
#1027=LINE('',#8966,#1563);
#1028=LINE('',#8981,#1564);
#1029=LINE('',#8985,#1565);
#1030=LINE('',#8988,#1566);
#1031=LINE('',#8991,#1567);
#1032=LINE('',#8992,#1568);
#1033=LINE('',#8994,#1569);
#1034=LINE('',#8996,#1570);
#1035=LINE('',#8997,#1571);
#1036=LINE('',#8999,#1572);
#1037=LINE('',#9002,#1573);
#1038=LINE('',#9003,#1574);
#1039=LINE('',#9006,#1575);
#1040=LINE('',#9007,#1576);
#1041=LINE('',#9010,#1577);
#1042=LINE('',#9011,#1578);
#1043=LINE('',#9014,#1579);
#1044=LINE('',#9015,#1580);
#1045=LINE('',#9020,#1581);
#1046=LINE('',#9024,#1582);
#1047=LINE('',#9028,#1583);
#1048=LINE('',#9031,#1584);
#1049=LINE('',#9033,#1585);
#1050=LINE('',#9034,#1586);
#1051=LINE('',#9036,#1587);
#1052=LINE('',#9038,#1588);
#1053=LINE('',#9040,#1589);
#1054=LINE('',#9042,#1590);
#1055=LINE('',#9044,#1591);
#1056=LINE('',#9046,#1592);
#1057=LINE('',#9047,#1593);
#1058=LINE('',#9049,#1594);
#1059=LINE('',#9053,#1595);
#1060=LINE('',#9058,#1596);
#1061=LINE('',#9063,#1597);
#1062=LINE('',#9068,#1598);
#1063=VECTOR('',#5561,10.);
#1064=VECTOR('',#5562,10.);
#1065=VECTOR('',#5565,10.);
#1066=VECTOR('',#5566,10.);
#1067=VECTOR('',#5571,10.);
#1068=VECTOR('',#5574,10.);
#1069=VECTOR('',#5585,10.);
#1070=VECTOR('',#5588,10.);
#1071=VECTOR('',#5591,10.);
#1072=VECTOR('',#5592,10.);
#1073=VECTOR('',#5595,10.);
#1074=VECTOR('',#5600,10.);
#1075=VECTOR('',#5603,10.);
#1076=VECTOR('',#5616,10.);
#1077=VECTOR('',#5617,10.);
#1078=VECTOR('',#5630,10.);
#1079=VECTOR('',#5631,10.);
#1080=VECTOR('',#5644,10.);
#1081=VECTOR('',#5645,10.);
#1082=VECTOR('',#5658,10.);
#1083=VECTOR('',#5659,10.);
#1084=VECTOR('',#5662,10.);
#1085=VECTOR('',#5663,10.);
#1086=VECTOR('',#5664,10.);
#1087=VECTOR('',#5665,10.);
#1088=VECTOR('',#5666,10.);
#1089=VECTOR('',#5667,10.);
#1090=VECTOR('',#5668,10.);
#1091=VECTOR('',#5669,10.);
#1092=VECTOR('',#5670,10.);
#1093=VECTOR('',#5671,10.);
#1094=VECTOR('',#5672,10.);
#1095=VECTOR('',#5673,10.);
#1096=VECTOR('',#5674,10.);
#1097=VECTOR('',#5675,10.);
#1098=VECTOR('',#5676,10.);
#1099=VECTOR('',#5677,10.);
#1100=VECTOR('',#5678,10.);
#1101=VECTOR('',#5679,10.);
#1102=VECTOR('',#5680,10.);
#1103=VECTOR('',#5681,10.);
#1104=VECTOR('',#5682,10.);
#1105=VECTOR('',#5683,10.);
#1106=VECTOR('',#5684,10.);
#1107=VECTOR('',#5685,10.);
#1108=VECTOR('',#5686,10.);
#1109=VECTOR('',#5687,10.);
#1110=VECTOR('',#5688,10.);
#1111=VECTOR('',#5689,10.);
#1112=VECTOR('',#5690,10.);
#1113=VECTOR('',#5691,10.);
#1114=VECTOR('',#5692,10.);
#1115=VECTOR('',#5693,10.);
#1116=VECTOR('',#5694,10.);
#1117=VECTOR('',#5695,10.);
#1118=VECTOR('',#5696,10.);
#1119=VECTOR('',#5697,10.);
#1120=VECTOR('',#5698,10.);
#1121=VECTOR('',#5699,10.);
#1122=VECTOR('',#5700,10.);
#1123=VECTOR('',#5701,10.);
#1124=VECTOR('',#5702,10.);
#1125=VECTOR('',#5703,10.);
#1126=VECTOR('',#5704,10.);
#1127=VECTOR('',#5705,10.);
#1128=VECTOR('',#5706,10.);
#1129=VECTOR('',#5707,10.);
#1130=VECTOR('',#5708,10.);
#1131=VECTOR('',#5709,10.);
#1132=VECTOR('',#5710,10.);
#1133=VECTOR('',#5711,10.);
#1134=VECTOR('',#5712,10.);
#1135=VECTOR('',#5713,10.);
#1136=VECTOR('',#5714,10.);
#1137=VECTOR('',#5715,10.);
#1138=VECTOR('',#5716,10.);
#1139=VECTOR('',#5717,10.);
#1140=VECTOR('',#5718,10.);
#1141=VECTOR('',#5719,10.);
#1142=VECTOR('',#5720,10.);
#1143=VECTOR('',#5721,10.);
#1144=VECTOR('',#5722,10.);
#1145=VECTOR('',#5723,10.);
#1146=VECTOR('',#5724,10.);
#1147=VECTOR('',#5725,10.);
#1148=VECTOR('',#5726,10.);
#1149=VECTOR('',#5727,10.);
#1150=VECTOR('',#5728,10.);
#1151=VECTOR('',#5729,10.);
#1152=VECTOR('',#5730,10.);
#1153=VECTOR('',#5731,10.);
#1154=VECTOR('',#5732,10.);
#1155=VECTOR('',#5733,10.);
#1156=VECTOR('',#5734,10.);
#1157=VECTOR('',#5735,10.);
#1158=VECTOR('',#5736,10.);
#1159=VECTOR('',#5737,10.);
#1160=VECTOR('',#5738,10.);
#1161=VECTOR('',#5739,10.);
#1162=VECTOR('',#5740,10.);
#1163=VECTOR('',#5741,10.);
#1164=VECTOR('',#5742,10.);
#1165=VECTOR('',#5743,10.);
#1166=VECTOR('',#5744,10.);
#1167=VECTOR('',#5745,10.);
#1168=VECTOR('',#5746,10.);
#1169=VECTOR('',#5747,10.);
#1170=VECTOR('',#5748,10.);
#1171=VECTOR('',#5749,10.);
#1172=VECTOR('',#5750,10.);
#1173=VECTOR('',#5751,10.);
#1174=VECTOR('',#5752,10.);
#1175=VECTOR('',#5753,10.);
#1176=VECTOR('',#5754,10.);
#1177=VECTOR('',#5755,10.);
#1178=VECTOR('',#5756,10.);
#1179=VECTOR('',#5757,10.);
#1180=VECTOR('',#5758,10.);
#1181=VECTOR('',#5759,10.);
#1182=VECTOR('',#5760,10.);
#1183=VECTOR('',#5761,10.);
#1184=VECTOR('',#5762,10.);
#1185=VECTOR('',#5763,10.);
#1186=VECTOR('',#5764,10.);
#1187=VECTOR('',#5765,10.);
#1188=VECTOR('',#5766,10.);
#1189=VECTOR('',#5777,10.);
#1190=VECTOR('',#5780,10.);
#1191=VECTOR('',#5785,10.);
#1192=VECTOR('',#5788,10.);
#1193=VECTOR('',#5791,10.);
#1194=VECTOR('',#5794,10.);
#1195=VECTOR('',#5797,10.);
#1196=VECTOR('',#5800,10.);
#1197=VECTOR('',#5803,10.);
#1198=VECTOR('',#5804,10.);
#1199=VECTOR('',#5805,10.);
#1200=VECTOR('',#5808,10.);
#1201=VECTOR('',#5809,10.);
#1202=VECTOR('',#5812,10.);
#1203=VECTOR('',#5813,10.);
#1204=VECTOR('',#5816,10.);
#1205=VECTOR('',#5819,10.);
#1206=VECTOR('',#5822,10.);
#1207=VECTOR('',#5825,10.);
#1208=VECTOR('',#5826,10.);
#1209=VECTOR('',#5829,10.);
#1210=VECTOR('',#5830,10.);
#1211=VECTOR('',#5831,10.);
#1212=VECTOR('',#5832,10.);
#1213=VECTOR('',#5833,10.);
#1214=VECTOR('',#5836,10.);
#1215=VECTOR('',#5837,10.);
#1216=VECTOR('',#5842,10.);
#1217=VECTOR('',#5843,10.);
#1218=VECTOR('',#5844,10.);
#1219=VECTOR('',#5847,10.);
#1220=VECTOR('',#5848,10.);
#1221=VECTOR('',#5851,10.);
#1222=VECTOR('',#5852,10.);
#1223=VECTOR('',#5855,10.);
#1224=VECTOR('',#5856,10.);
#1225=VECTOR('',#5857,10.);
#1226=VECTOR('',#5860,10.);
#1227=VECTOR('',#5861,10.);
#1228=VECTOR('',#5864,10.);
#1229=VECTOR('',#5865,10.);
#1230=VECTOR('',#5868,10.);
#1231=VECTOR('',#5873,10.);
#1232=VECTOR('',#5874,10.);
#1233=VECTOR('',#5877,10.);
#1234=VECTOR('',#5880,10.);
#1235=VECTOR('',#5883,10.);
#1236=VECTOR('',#5886,10.);
#1237=VECTOR('',#5887,10.);
#1238=VECTOR('',#5888,10.);
#1239=VECTOR('',#5889,10.);
#1240=VECTOR('',#5890,10.);
#1241=VECTOR('',#5891,10.);
#1242=VECTOR('',#5892,10.);
#1243=VECTOR('',#5893,10.);
#1244=VECTOR('',#5894,10.);
#1245=VECTOR('',#5895,10.);
#1246=VECTOR('',#5896,10.);
#1247=VECTOR('',#5897,10.);
#1248=VECTOR('',#5898,10.);
#1249=VECTOR('',#5899,10.);
#1250=VECTOR('',#5900,10.);
#1251=VECTOR('',#5901,10.);
#1252=VECTOR('',#5902,10.);
#1253=VECTOR('',#5903,10.);
#1254=VECTOR('',#5904,10.);
#1255=VECTOR('',#5905,10.);
#1256=VECTOR('',#5906,10.);
#1257=VECTOR('',#5907,10.);
#1258=VECTOR('',#5908,10.);
#1259=VECTOR('',#5909,10.);
#1260=VECTOR('',#5910,10.);
#1261=VECTOR('',#5911,10.);
#1262=VECTOR('',#5912,10.);
#1263=VECTOR('',#5913,10.);
#1264=VECTOR('',#5914,10.);
#1265=VECTOR('',#5915,10.);
#1266=VECTOR('',#5916,10.);
#1267=VECTOR('',#5917,10.);
#1268=VECTOR('',#5918,10.);
#1269=VECTOR('',#5919,10.);
#1270=VECTOR('',#5920,10.);
#1271=VECTOR('',#5921,10.);
#1272=VECTOR('',#5922,10.);
#1273=VECTOR('',#5923,10.);
#1274=VECTOR('',#5924,10.);
#1275=VECTOR('',#5925,10.);
#1276=VECTOR('',#5934,10.);
#1277=VECTOR('',#5935,10.);
#1278=VECTOR('',#5938,10.);
#1279=VECTOR('',#5943,10.);
#1280=VECTOR('',#5944,10.);
#1281=VECTOR('',#5947,10.);
#1282=VECTOR('',#5950,10.);
#1283=VECTOR('',#5951,10.);
#1284=VECTOR('',#5954,10.);
#1285=VECTOR('',#5957,10.);
#1286=VECTOR('',#5962,10.);
#1287=VECTOR('',#5963,10.);
#1288=VECTOR('',#5966,10.);
#1289=VECTOR('',#5969,10.);
#1290=VECTOR('',#5974,10.);
#1291=VECTOR('',#5975,10.);
#1292=VECTOR('',#5978,10.);
#1293=VECTOR('',#5981,10.);
#1294=VECTOR('',#5986,10.);
#1295=VECTOR('',#5987,10.);
#1296=VECTOR('',#5990,10.);
#1297=VECTOR('',#5993,10.);
#1298=VECTOR('',#5998,10.);
#1299=VECTOR('',#5999,10.);
#1300=VECTOR('',#6002,10.);
#1301=VECTOR('',#6005,10.);
#1302=VECTOR('',#6010,10.);
#1303=VECTOR('',#6011,10.);
#1304=VECTOR('',#6014,10.);
#1305=VECTOR('',#6017,10.);
#1306=VECTOR('',#6022,10.);
#1307=VECTOR('',#6023,10.);
#1308=VECTOR('',#6026,10.);
#1309=VECTOR('',#6029,10.);
#1310=VECTOR('',#6034,10.);
#1311=VECTOR('',#6035,10.);
#1312=VECTOR('',#6038,10.);
#1313=VECTOR('',#6041,10.);
#1314=VECTOR('',#6046,10.);
#1315=VECTOR('',#6047,10.);
#1316=VECTOR('',#6050,10.);
#1317=VECTOR('',#6053,10.);
#1318=VECTOR('',#6058,1.6);
#1319=VECTOR('',#6061,1.6);
#1320=VECTOR('',#6064,1.6);
#1321=VECTOR('',#6067,1.6);
#1322=VECTOR('',#6070,10.);
#1323=VECTOR('',#6071,10.);
#1324=VECTOR('',#6072,10.);
#1325=VECTOR('',#6075,10.);
#1326=VECTOR('',#6076,10.);
#1327=VECTOR('',#6079,10.);
#1328=VECTOR('',#6080,10.);
#1329=VECTOR('',#6083,10.);
#1330=VECTOR('',#6084,10.);
#1331=VECTOR('',#6087,10.);
#1332=VECTOR('',#6088,10.);
#1333=VECTOR('',#6091,10.);
#1334=VECTOR('',#6092,10.);
#1335=VECTOR('',#6095,10.);
#1336=VECTOR('',#6096,10.);
#1337=VECTOR('',#6099,10.);
#1338=VECTOR('',#6100,10.);
#1339=VECTOR('',#6103,10.);
#1340=VECTOR('',#6104,10.);
#1341=VECTOR('',#6107,10.);
#1342=VECTOR('',#6108,10.);
#1343=VECTOR('',#6111,10.);
#1344=VECTOR('',#6112,10.);
#1345=VECTOR('',#6115,10.);
#1346=VECTOR('',#6120,10.);
#1347=VECTOR('',#6121,10.);
#1348=VECTOR('',#6122,10.);
#1349=VECTOR('',#6125,10.);
#1350=VECTOR('',#6126,10.);
#1351=VECTOR('',#6129,10.);
#1352=VECTOR('',#6130,10.);
#1353=VECTOR('',#6133,10.);
#1354=VECTOR('',#6134,10.);
#1355=VECTOR('',#6137,10.);
#1356=VECTOR('',#6138,10.);
#1357=VECTOR('',#6141,10.);
#1358=VECTOR('',#6142,10.);
#1359=VECTOR('',#6145,10.);
#1360=VECTOR('',#6146,10.);
#1361=VECTOR('',#6149,10.);
#1362=VECTOR('',#6150,10.);
#1363=VECTOR('',#6153,10.);
#1364=VECTOR('',#6154,10.);
#1365=VECTOR('',#6157,10.);
#1366=VECTOR('',#6158,10.);
#1367=VECTOR('',#6161,10.);
#1368=VECTOR('',#6162,10.);
#1369=VECTOR('',#6165,10.);
#1370=VECTOR('',#6170,10.);
#1371=VECTOR('',#6171,10.);
#1372=VECTOR('',#6172,10.);
#1373=VECTOR('',#6175,10.);
#1374=VECTOR('',#6176,10.);
#1375=VECTOR('',#6179,10.);
#1376=VECTOR('',#6180,10.);
#1377=VECTOR('',#6183,10.);
#1378=VECTOR('',#6184,10.);
#1379=VECTOR('',#6187,10.);
#1380=VECTOR('',#6188,10.);
#1381=VECTOR('',#6191,10.);
#1382=VECTOR('',#6192,10.);
#1383=VECTOR('',#6195,10.);
#1384=VECTOR('',#6196,10.);
#1385=VECTOR('',#6199,10.);
#1386=VECTOR('',#6200,10.);
#1387=VECTOR('',#6203,10.);
#1388=VECTOR('',#6204,10.);
#1389=VECTOR('',#6207,10.);
#1390=VECTOR('',#6208,10.);
#1391=VECTOR('',#6211,10.);
#1392=VECTOR('',#6212,10.);
#1393=VECTOR('',#6215,10.);
#1394=VECTOR('',#6220,10.);
#1395=VECTOR('',#6221,10.);
#1396=VECTOR('',#6222,10.);
#1397=VECTOR('',#6225,10.);
#1398=VECTOR('',#6226,10.);
#1399=VECTOR('',#6229,10.);
#1400=VECTOR('',#6230,10.);
#1401=VECTOR('',#6233,10.);
#1402=VECTOR('',#6234,10.);
#1403=VECTOR('',#6237,10.);
#1404=VECTOR('',#6238,10.);
#1405=VECTOR('',#6241,10.);
#1406=VECTOR('',#6246,10.);
#1407=VECTOR('',#6247,10.);
#1408=VECTOR('',#6248,10.);
#1409=VECTOR('',#6251,10.);
#1410=VECTOR('',#6252,10.);
#1411=VECTOR('',#6255,10.);
#1412=VECTOR('',#6256,10.);
#1413=VECTOR('',#6259,10.);
#1414=VECTOR('',#6264,10.);
#1415=VECTOR('',#6265,10.);
#1416=VECTOR('',#6266,10.);
#1417=VECTOR('',#6269,10.);
#1418=VECTOR('',#6270,10.);
#1419=VECTOR('',#6273,10.);
#1420=VECTOR('',#6274,10.);
#1421=VECTOR('',#6277,10.);
#1422=VECTOR('',#6278,10.);
#1423=VECTOR('',#6281,10.);
#1424=VECTOR('',#6282,10.);
#1425=VECTOR('',#6285,10.);
#1426=VECTOR('',#6290,10.);
#1427=VECTOR('',#6291,10.);
#1428=VECTOR('',#6292,10.);
#1429=VECTOR('',#6293,10.);
#1430=VECTOR('',#6294,10.);
#1431=VECTOR('',#6295,10.);
#1432=VECTOR('',#6296,10.);
#1433=VECTOR('',#6297,10.);
#1434=VECTOR('',#6300,10.);
#1435=VECTOR('',#6301,10.);
#1436=VECTOR('',#6302,10.);
#1437=VECTOR('',#6305,10.);
#1438=VECTOR('',#6306,10.);
#1439=VECTOR('',#6309,10.);
#1440=VECTOR('',#6310,10.);
#1441=VECTOR('',#6311,10.);
#1442=VECTOR('',#6312,10.);
#1443=VECTOR('',#6313,10.);
#1444=VECTOR('',#6314,10.);
#1445=VECTOR('',#6315,10.);
#1446=VECTOR('',#6316,10.);
#1447=VECTOR('',#6319,10.);
#1448=VECTOR('',#6320,10.);
#1449=VECTOR('',#6321,10.);
#1450=VECTOR('',#6324,10.);
#1451=VECTOR('',#6325,10.);
#1452=VECTOR('',#6326,10.);
#1453=VECTOR('',#6327,10.);
#1454=VECTOR('',#6328,10.);
#1455=VECTOR('',#6329,10.);
#1456=VECTOR('',#6330,10.);
#1457=VECTOR('',#6331,10.);
#1458=VECTOR('',#6332,10.);
#1459=VECTOR('',#6333,10.);
#1460=VECTOR('',#6334,10.);
#1461=VECTOR('',#6335,10.);
#1462=VECTOR('',#6336,10.);
#1463=VECTOR('',#6339,10.);
#1464=VECTOR('',#6340,10.);
#1465=VECTOR('',#6343,10.);
#1466=VECTOR('',#6344,10.);
#1467=VECTOR('',#6347,10.);
#1468=VECTOR('',#6352,10.);
#1469=VECTOR('',#6353,10.);
#1470=VECTOR('',#6354,10.);
#1471=VECTOR('',#6355,10.);
#1472=VECTOR('',#6356,10.);
#1473=VECTOR('',#6357,10.);
#1474=VECTOR('',#6358,10.);
#1475=VECTOR('',#6359,10.);
#1476=VECTOR('',#6360,10.);
#1477=VECTOR('',#6361,10.);
#1478=VECTOR('',#6362,10.);
#1479=VECTOR('',#6365,10.);
#1480=VECTOR('',#6366,10.);
#1481=VECTOR('',#6367,10.);
#1482=VECTOR('',#6368,10.);
#1483=VECTOR('',#6369,10.);
#1484=VECTOR('',#6370,10.);
#1485=VECTOR('',#6371,10.);
#1486=VECTOR('',#6372,10.);
#1487=VECTOR('',#6373,10.);
#1488=VECTOR('',#6374,10.);
#1489=VECTOR('',#6375,10.);
#1490=VECTOR('',#6376,10.);
#1491=VECTOR('',#6377,10.);
#1492=VECTOR('',#6378,10.);
#1493=VECTOR('',#6379,10.);
#1494=VECTOR('',#6380,10.);
#1495=VECTOR('',#6381,10.);
#1496=VECTOR('',#6382,10.);
#1497=VECTOR('',#6383,10.);
#1498=VECTOR('',#6384,10.);
#1499=VECTOR('',#6385,10.);
#1500=VECTOR('',#6386,10.);
#1501=VECTOR('',#6387,10.);
#1502=VECTOR('',#6388,10.);
#1503=VECTOR('',#6389,10.);
#1504=VECTOR('',#6390,10.);
#1505=VECTOR('',#6391,10.);
#1506=VECTOR('',#6392,10.);
#1507=VECTOR('',#6393,10.);
#1508=VECTOR('',#6396,10.);
#1509=VECTOR('',#6397,10.);
#1510=VECTOR('',#6398,10.);
#1511=VECTOR('',#6399,10.);
#1512=VECTOR('',#6400,10.);
#1513=VECTOR('',#6401,10.);
#1514=VECTOR('',#6402,10.);
#1515=VECTOR('',#6403,10.);
#1516=VECTOR('',#6404,10.);
#1517=VECTOR('',#6405,10.);
#1518=VECTOR('',#6406,10.);
#1519=VECTOR('',#6407,10.);
#1520=VECTOR('',#6408,10.);
#1521=VECTOR('',#6409,10.);
#1522=VECTOR('',#6410,10.);
#1523=VECTOR('',#6411,10.);
#1524=VECTOR('',#6418,10.);
#1525=VECTOR('',#6421,10.);
#1526=VECTOR('',#6424,10.);
#1527=VECTOR('',#6427,10.);
#1528=VECTOR('',#6430,10.);
#1529=VECTOR('',#6433,10.);
#1530=VECTOR('',#6444,10.);
#1531=VECTOR('',#6451,10.);
#1532=VECTOR('',#6452,10.);
#1533=VECTOR('',#6453,10.);
#1534=VECTOR('',#6454,10.);
#1535=VECTOR('',#6457,10.);
#1536=VECTOR('',#6458,10.);
#1537=VECTOR('',#6459,10.);
#1538=VECTOR('',#6462,10.);
#1539=VECTOR('',#6463,10.);
#1540=VECTOR('',#6464,10.);
#1541=VECTOR('',#6465,10.);
#1542=VECTOR('',#6466,10.);
#1543=VECTOR('',#6467,10.);
#1544=VECTOR('',#6470,10.);
#1545=VECTOR('',#6471,10.);
#1546=VECTOR('',#6472,10.);
#1547=VECTOR('',#6473,10.);
#1548=VECTOR('',#6476,10.);
#1549=VECTOR('',#6477,10.);
#1550=VECTOR('',#6478,10.);
#1551=VECTOR('',#6481,10.);
#1552=VECTOR('',#6482,10.);
#1553=VECTOR('',#6483,10.);
#1554=VECTOR('',#6486,10.);
#1555=VECTOR('',#6489,10.);
#1556=VECTOR('',#6490,10.);
#1557=VECTOR('',#6491,10.);
#1558=VECTOR('',#6492,10.);
#1559=VECTOR('',#6493,10.);
#1560=VECTOR('',#6494,10.);
#1561=VECTOR('',#6495,10.);
#1562=VECTOR('',#6496,10.);
#1563=VECTOR('',#6497,10.);
#1564=VECTOR('',#6512,10.);
#1565=VECTOR('',#6515,10.);
#1566=VECTOR('',#6518,10.);
#1567=VECTOR('',#6521,10.);
#1568=VECTOR('',#6522,10.);
#1569=VECTOR('',#6523,10.);
#1570=VECTOR('',#6524,10.);
#1571=VECTOR('',#6525,10.);
#1572=VECTOR('',#6528,10.);
#1573=VECTOR('',#6531,10.);
#1574=VECTOR('',#6532,10.);
#1575=VECTOR('',#6535,10.);
#1576=VECTOR('',#6536,10.);
#1577=VECTOR('',#6539,10.);
#1578=VECTOR('',#6540,10.);
#1579=VECTOR('',#6543,10.);
#1580=VECTOR('',#6544,10.);
#1581=VECTOR('',#6549,10.);
#1582=VECTOR('',#6552,10.);
#1583=VECTOR('',#6555,10.);
#1584=VECTOR('',#6558,10.);
#1585=VECTOR('',#6559,10.);
#1586=VECTOR('',#6560,10.);
#1587=VECTOR('',#6563,10.);
#1588=VECTOR('',#6566,10.);
#1589=VECTOR('',#6569,10.);
#1590=VECTOR('',#6572,10.);
#1591=VECTOR('',#6575,10.);
#1592=VECTOR('',#6578,10.);
#1593=VECTOR('',#6579,10.);
#1594=VECTOR('',#6582,10.);
#1595=VECTOR('',#6587,2.34999999999999);
#1596=VECTOR('',#6594,2.34999999999999);
#1597=VECTOR('',#6601,2.34999999999999);
#1598=VECTOR('',#6608,2.34999999999999);
#1599=CYLINDRICAL_SURFACE('',#5278,1.5);
#1600=CYLINDRICAL_SURFACE('',#5281,1.5);
#1601=CYLINDRICAL_SURFACE('',#5288,5.);
#1602=CYLINDRICAL_SURFACE('',#5290,5.);
#1603=CYLINDRICAL_SURFACE('',#5292,2.);
#1604=CYLINDRICAL_SURFACE('',#5299,2.);
#1605=CYLINDRICAL_SURFACE('',#5305,2.);
#1606=CYLINDRICAL_SURFACE('',#5311,2.);
#1607=CYLINDRICAL_SURFACE('',#5317,2.);
#1608=CYLINDRICAL_SURFACE('',#5324,2.5);
#1609=CYLINDRICAL_SURFACE('',#5327,2.5);
#1610=CYLINDRICAL_SURFACE('',#5329,2.5);
#1611=CYLINDRICAL_SURFACE('',#5331,2.5);
#1612=CYLINDRICAL_SURFACE('',#5336,1.5);
#1613=CYLINDRICAL_SURFACE('',#5341,1.5);
#1614=CYLINDRICAL_SURFACE('',#5400,1.6);
#1615=CYLINDRICAL_SURFACE('',#5401,1.6);
#1616=CYLINDRICAL_SURFACE('',#5402,1.6);
#1617=CYLINDRICAL_SURFACE('',#5403,1.6);
#1618=CYLINDRICAL_SURFACE('',#5477,5.);
#1619=CYLINDRICAL_SURFACE('',#5478,5.);
#1620=CYLINDRICAL_SURFACE('',#5480,5.);
#1621=CYLINDRICAL_SURFACE('',#5482,5.);
#1622=CYLINDRICAL_SURFACE('',#5520,5.);
#1623=CYLINDRICAL_SURFACE('',#5521,5.);
#1624=CYLINDRICAL_SURFACE('',#5523,5.);
#1625=CYLINDRICAL_SURFACE('',#5525,5.);
#1626=CYLINDRICAL_SURFACE('',#5526,2.34999999999999);
#1627=CYLINDRICAL_SURFACE('',#5529,2.34999999999999);
#1628=CYLINDRICAL_SURFACE('',#5532,2.34999999999999);
#1629=CYLINDRICAL_SURFACE('',#5535,2.34999999999999);
#1630=FACE_OUTER_BOUND('',#1900,.T.);
#1631=FACE_OUTER_BOUND('',#1901,.T.);
#1632=FACE_OUTER_BOUND('',#1902,.T.);
#1633=FACE_OUTER_BOUND('',#1903,.T.);
#1634=FACE_OUTER_BOUND('',#1904,.T.);
#1635=FACE_OUTER_BOUND('',#1905,.T.);
#1636=FACE_OUTER_BOUND('',#1906,.T.);
#1637=FACE_OUTER_BOUND('',#1907,.T.);
#1638=FACE_OUTER_BOUND('',#1908,.T.);
#1639=FACE_OUTER_BOUND('',#1909,.T.);
#1640=FACE_OUTER_BOUND('',#1910,.T.);
#1641=FACE_OUTER_BOUND('',#1911,.T.);
#1642=FACE_OUTER_BOUND('',#1912,.T.);
#1643=FACE_OUTER_BOUND('',#1913,.T.);
#1644=FACE_OUTER_BOUND('',#1914,.T.);
#1645=FACE_OUTER_BOUND('',#1915,.T.);
#1646=FACE_OUTER_BOUND('',#1916,.T.);
#1647=FACE_OUTER_BOUND('',#1917,.T.);
#1648=FACE_OUTER_BOUND('',#1941,.T.);
#1649=FACE_OUTER_BOUND('',#1942,.T.);
#1650=FACE_OUTER_BOUND('',#1943,.T.);
#1651=FACE_OUTER_BOUND('',#1944,.T.);
#1652=FACE_OUTER_BOUND('',#1945,.T.);
#1653=FACE_OUTER_BOUND('',#1946,.T.);
#1654=FACE_OUTER_BOUND('',#1947,.T.);
#1655=FACE_OUTER_BOUND('',#1948,.T.);
#1656=FACE_OUTER_BOUND('',#1949,.T.);
#1657=FACE_OUTER_BOUND('',#1950,.T.);
#1658=FACE_OUTER_BOUND('',#1951,.T.);
#1659=FACE_OUTER_BOUND('',#1952,.T.);
#1660=FACE_OUTER_BOUND('',#1953,.T.);
#1661=FACE_OUTER_BOUND('',#1954,.T.);
#1662=FACE_OUTER_BOUND('',#1955,.T.);
#1663=FACE_OUTER_BOUND('',#1956,.T.);
#1664=FACE_OUTER_BOUND('',#1957,.T.);
#1665=FACE_OUTER_BOUND('',#1958,.T.);
#1666=FACE_OUTER_BOUND('',#1959,.T.);
#1667=FACE_OUTER_BOUND('',#1960,.T.);
#1668=FACE_OUTER_BOUND('',#1961,.T.);
#1669=FACE_OUTER_BOUND('',#1977,.T.);
#1670=FACE_OUTER_BOUND('',#1978,.T.);
#1671=FACE_OUTER_BOUND('',#1979,.T.);
#1672=FACE_OUTER_BOUND('',#1980,.T.);
#1673=FACE_OUTER_BOUND('',#1981,.T.);
#1674=FACE_OUTER_BOUND('',#1982,.T.);
#1675=FACE_OUTER_BOUND('',#1983,.T.);
#1676=FACE_OUTER_BOUND('',#1984,.T.);
#1677=FACE_OUTER_BOUND('',#1985,.T.);
#1678=FACE_OUTER_BOUND('',#1986,.T.);
#1679=FACE_OUTER_BOUND('',#1987,.T.);
#1680=FACE_OUTER_BOUND('',#1988,.T.);
#1681=FACE_OUTER_BOUND('',#1989,.T.);
#1682=FACE_OUTER_BOUND('',#1990,.T.);
#1683=FACE_OUTER_BOUND('',#1991,.T.);
#1684=FACE_OUTER_BOUND('',#1992,.T.);
#1685=FACE_OUTER_BOUND('',#1993,.T.);
#1686=FACE_OUTER_BOUND('',#1994,.T.);
#1687=FACE_OUTER_BOUND('',#1995,.T.);
#1688=FACE_OUTER_BOUND('',#1996,.T.);
#1689=FACE_OUTER_BOUND('',#1997,.T.);
#1690=FACE_OUTER_BOUND('',#1998,.T.);
#1691=FACE_OUTER_BOUND('',#1999,.T.);
#1692=FACE_OUTER_BOUND('',#2000,.T.);
#1693=FACE_OUTER_BOUND('',#2001,.T.);
#1694=FACE_OUTER_BOUND('',#2002,.T.);
#1695=FACE_OUTER_BOUND('',#2003,.T.);
#1696=FACE_OUTER_BOUND('',#2004,.T.);
#1697=FACE_OUTER_BOUND('',#2005,.T.);
#1698=FACE_OUTER_BOUND('',#2006,.T.);
#1699=FACE_OUTER_BOUND('',#2007,.T.);
#1700=FACE_OUTER_BOUND('',#2008,.T.);
#1701=FACE_OUTER_BOUND('',#2009,.T.);
#1702=FACE_OUTER_BOUND('',#2010,.T.);
#1703=FACE_OUTER_BOUND('',#2011,.T.);
#1704=FACE_OUTER_BOUND('',#2012,.T.);
#1705=FACE_OUTER_BOUND('',#2013,.T.);
#1706=FACE_OUTER_BOUND('',#2014,.T.);
#1707=FACE_OUTER_BOUND('',#2015,.T.);
#1708=FACE_OUTER_BOUND('',#2016,.T.);
#1709=FACE_OUTER_BOUND('',#2017,.T.);
#1710=FACE_OUTER_BOUND('',#2018,.T.);
#1711=FACE_OUTER_BOUND('',#2019,.T.);
#1712=FACE_OUTER_BOUND('',#2020,.T.);
#1713=FACE_OUTER_BOUND('',#2021,.T.);
#1714=FACE_OUTER_BOUND('',#2022,.T.);
#1715=FACE_OUTER_BOUND('',#2023,.T.);
#1716=FACE_OUTER_BOUND('',#2024,.T.);
#1717=FACE_OUTER_BOUND('',#2025,.T.);
#1718=FACE_OUTER_BOUND('',#2026,.T.);
#1719=FACE_OUTER_BOUND('',#2027,.T.);
#1720=FACE_OUTER_BOUND('',#2028,.T.);
#1721=FACE_OUTER_BOUND('',#2029,.T.);
#1722=FACE_OUTER_BOUND('',#2030,.T.);
#1723=FACE_OUTER_BOUND('',#2031,.T.);
#1724=FACE_OUTER_BOUND('',#2032,.T.);
#1725=FACE_OUTER_BOUND('',#2033,.T.);
#1726=FACE_OUTER_BOUND('',#2034,.T.);
#1727=FACE_OUTER_BOUND('',#2035,.T.);
#1728=FACE_OUTER_BOUND('',#2036,.T.);
#1729=FACE_OUTER_BOUND('',#2037,.T.);
#1730=FACE_OUTER_BOUND('',#2038,.T.);
#1731=FACE_OUTER_BOUND('',#2039,.T.);
#1732=FACE_OUTER_BOUND('',#2040,.T.);
#1733=FACE_OUTER_BOUND('',#2041,.T.);
#1734=FACE_OUTER_BOUND('',#2042,.T.);
#1735=FACE_OUTER_BOUND('',#2043,.T.);
#1736=FACE_OUTER_BOUND('',#2044,.T.);
#1737=FACE_OUTER_BOUND('',#2045,.T.);
#1738=FACE_OUTER_BOUND('',#2046,.T.);
#1739=FACE_OUTER_BOUND('',#2047,.T.);
#1740=FACE_OUTER_BOUND('',#2048,.T.);
#1741=FACE_OUTER_BOUND('',#2049,.T.);
#1742=FACE_OUTER_BOUND('',#2050,.T.);
#1743=FACE_OUTER_BOUND('',#2051,.T.);
#1744=FACE_OUTER_BOUND('',#2052,.T.);
#1745=FACE_OUTER_BOUND('',#2053,.T.);
#1746=FACE_OUTER_BOUND('',#2054,.T.);
#1747=FACE_OUTER_BOUND('',#2055,.T.);
#1748=FACE_OUTER_BOUND('',#2056,.T.);
#1749=FACE_OUTER_BOUND('',#2057,.T.);
#1750=FACE_OUTER_BOUND('',#2058,.T.);
#1751=FACE_OUTER_BOUND('',#2059,.T.);
#1752=FACE_OUTER_BOUND('',#2060,.T.);
#1753=FACE_OUTER_BOUND('',#2061,.T.);
#1754=FACE_OUTER_BOUND('',#2062,.T.);
#1755=FACE_OUTER_BOUND('',#2063,.T.);
#1756=FACE_OUTER_BOUND('',#2064,.T.);
#1757=FACE_OUTER_BOUND('',#2065,.T.);
#1758=FACE_OUTER_BOUND('',#2066,.T.);
#1759=FACE_OUTER_BOUND('',#2067,.T.);
#1760=FACE_OUTER_BOUND('',#2068,.T.);
#1761=FACE_OUTER_BOUND('',#2069,.T.);
#1762=FACE_OUTER_BOUND('',#2070,.T.);
#1763=FACE_OUTER_BOUND('',#2071,.T.);
#1764=FACE_OUTER_BOUND('',#2072,.T.);
#1765=FACE_OUTER_BOUND('',#2073,.T.);
#1766=FACE_OUTER_BOUND('',#2074,.T.);
#1767=FACE_OUTER_BOUND('',#2075,.T.);
#1768=FACE_OUTER_BOUND('',#2076,.T.);
#1769=FACE_OUTER_BOUND('',#2077,.T.);
#1770=FACE_OUTER_BOUND('',#2078,.T.);
#1771=FACE_OUTER_BOUND('',#2079,.T.);
#1772=FACE_OUTER_BOUND('',#2080,.T.);
#1773=FACE_OUTER_BOUND('',#2081,.T.);
#1774=FACE_OUTER_BOUND('',#2082,.T.);
#1775=FACE_OUTER_BOUND('',#2083,.T.);
#1776=FACE_OUTER_BOUND('',#2084,.T.);
#1777=FACE_OUTER_BOUND('',#2085,.T.);
#1778=FACE_OUTER_BOUND('',#2086,.T.);
#1779=FACE_OUTER_BOUND('',#2087,.T.);
#1780=FACE_OUTER_BOUND('',#2088,.T.);
#1781=FACE_OUTER_BOUND('',#2089,.T.);
#1782=FACE_OUTER_BOUND('',#2090,.T.);
#1783=FACE_OUTER_BOUND('',#2091,.T.);
#1784=FACE_OUTER_BOUND('',#2092,.T.);
#1785=FACE_OUTER_BOUND('',#2093,.T.);
#1786=FACE_OUTER_BOUND('',#2094,.T.);
#1787=FACE_OUTER_BOUND('',#2095,.T.);
#1788=FACE_OUTER_BOUND('',#2096,.T.);
#1789=FACE_OUTER_BOUND('',#2097,.T.);
#1790=FACE_OUTER_BOUND('',#2098,.T.);
#1791=FACE_OUTER_BOUND('',#2099,.T.);
#1792=FACE_OUTER_BOUND('',#2100,.T.);
#1793=FACE_OUTER_BOUND('',#2101,.T.);
#1794=FACE_OUTER_BOUND('',#2102,.T.);
#1795=FACE_OUTER_BOUND('',#2103,.T.);
#1796=FACE_OUTER_BOUND('',#2104,.T.);
#1797=FACE_OUTER_BOUND('',#2105,.T.);
#1798=FACE_OUTER_BOUND('',#2106,.T.);
#1799=FACE_OUTER_BOUND('',#2109,.T.);
#1800=FACE_OUTER_BOUND('',#2110,.T.);
#1801=FACE_OUTER_BOUND('',#2111,.T.);
#1802=FACE_OUTER_BOUND('',#2112,.T.);
#1803=FACE_OUTER_BOUND('',#2113,.T.);
#1804=FACE_OUTER_BOUND('',#2114,.T.);
#1805=FACE_OUTER_BOUND('',#2115,.T.);
#1806=FACE_OUTER_BOUND('',#2116,.T.);
#1807=FACE_OUTER_BOUND('',#2117,.T.);
#1808=FACE_OUTER_BOUND('',#2118,.T.);
#1809=FACE_OUTER_BOUND('',#2119,.T.);
#1810=FACE_OUTER_BOUND('',#2120,.T.);
#1811=FACE_OUTER_BOUND('',#2121,.T.);
#1812=FACE_OUTER_BOUND('',#2122,.T.);
#1813=FACE_OUTER_BOUND('',#2123,.T.);
#1814=FACE_OUTER_BOUND('',#2124,.T.);
#1815=FACE_OUTER_BOUND('',#2125,.T.);
#1816=FACE_OUTER_BOUND('',#2126,.T.);
#1817=FACE_OUTER_BOUND('',#2127,.T.);
#1818=FACE_OUTER_BOUND('',#2128,.T.);
#1819=FACE_OUTER_BOUND('',#2129,.T.);
#1820=FACE_OUTER_BOUND('',#2130,.T.);
#1821=FACE_OUTER_BOUND('',#2131,.T.);
#1822=FACE_OUTER_BOUND('',#2132,.T.);
#1823=FACE_OUTER_BOUND('',#2133,.T.);
#1824=FACE_OUTER_BOUND('',#2134,.T.);
#1825=FACE_OUTER_BOUND('',#2135,.T.);
#1826=FACE_OUTER_BOUND('',#2136,.T.);
#1827=FACE_OUTER_BOUND('',#2137,.T.);
#1828=FACE_OUTER_BOUND('',#2138,.T.);
#1829=FACE_OUTER_BOUND('',#2139,.T.);
#1830=FACE_OUTER_BOUND('',#2140,.T.);
#1831=FACE_OUTER_BOUND('',#2141,.T.);
#1832=FACE_OUTER_BOUND('',#2142,.T.);
#1833=FACE_OUTER_BOUND('',#2143,.T.);
#1834=FACE_OUTER_BOUND('',#2144,.T.);
#1835=FACE_OUTER_BOUND('',#2145,.T.);
#1836=FACE_OUTER_BOUND('',#2146,.T.);
#1837=FACE_OUTER_BOUND('',#2147,.T.);
#1838=FACE_OUTER_BOUND('',#2148,.T.);
#1839=FACE_OUTER_BOUND('',#2149,.T.);
#1840=FACE_OUTER_BOUND('',#2150,.T.);
#1841=FACE_OUTER_BOUND('',#2151,.T.);
#1842=FACE_OUTER_BOUND('',#2152,.T.);
#1843=FACE_OUTER_BOUND('',#2153,.T.);
#1844=FACE_OUTER_BOUND('',#2154,.T.);
#1845=FACE_OUTER_BOUND('',#2155,.T.);
#1846=FACE_OUTER_BOUND('',#2156,.T.);
#1847=FACE_OUTER_BOUND('',#2157,.T.);
#1848=FACE_OUTER_BOUND('',#2158,.T.);
#1849=FACE_OUTER_BOUND('',#2159,.T.);
#1850=FACE_OUTER_BOUND('',#2160,.T.);
#1851=FACE_OUTER_BOUND('',#2161,.T.);
#1852=FACE_OUTER_BOUND('',#2162,.T.);
#1853=FACE_OUTER_BOUND('',#2164,.T.);
#1854=FACE_OUTER_BOUND('',#2165,.T.);
#1855=FACE_OUTER_BOUND('',#2166,.T.);
#1856=FACE_OUTER_BOUND('',#2167,.T.);
#1857=FACE_OUTER_BOUND('',#2168,.T.);
#1858=FACE_OUTER_BOUND('',#2169,.T.);
#1859=FACE_OUTER_BOUND('',#2170,.T.);
#1860=FACE_OUTER_BOUND('',#2171,.T.);
#1861=FACE_OUTER_BOUND('',#2172,.T.);
#1862=FACE_OUTER_BOUND('',#2173,.T.);
#1863=FACE_OUTER_BOUND('',#2174,.T.);
#1864=FACE_OUTER_BOUND('',#2175,.T.);
#1865=FACE_OUTER_BOUND('',#2176,.T.);
#1866=FACE_OUTER_BOUND('',#2177,.T.);
#1867=FACE_OUTER_BOUND('',#2178,.T.);
#1868=FACE_OUTER_BOUND('',#2179,.T.);
#1869=FACE_OUTER_BOUND('',#2180,.T.);
#1870=FACE_OUTER_BOUND('',#2181,.T.);
#1871=FACE_OUTER_BOUND('',#2182,.T.);
#1872=FACE_OUTER_BOUND('',#2183,.T.);
#1873=FACE_OUTER_BOUND('',#2184,.T.);
#1874=FACE_OUTER_BOUND('',#2189,.T.);
#1875=FACE_OUTER_BOUND('',#2190,.T.);
#1876=FACE_OUTER_BOUND('',#2191,.T.);
#1877=FACE_OUTER_BOUND('',#2192,.T.);
#1878=FACE_OUTER_BOUND('',#2193,.T.);
#1879=FACE_OUTER_BOUND('',#2194,.T.);
#1880=FACE_OUTER_BOUND('',#2195,.T.);
#1881=FACE_OUTER_BOUND('',#2196,.T.);
#1882=FACE_OUTER_BOUND('',#2197,.T.);
#1883=FACE_OUTER_BOUND('',#2198,.T.);
#1884=FACE_OUTER_BOUND('',#2199,.T.);
#1885=FACE_OUTER_BOUND('',#2200,.T.);
#1886=FACE_OUTER_BOUND('',#2201,.T.);
#1887=FACE_OUTER_BOUND('',#2202,.T.);
#1888=FACE_OUTER_BOUND('',#2203,.T.);
#1889=FACE_OUTER_BOUND('',#2204,.T.);
#1890=FACE_OUTER_BOUND('',#2205,.T.);
#1891=FACE_OUTER_BOUND('',#2206,.T.);
#1892=FACE_OUTER_BOUND('',#2207,.T.);
#1893=FACE_OUTER_BOUND('',#2208,.T.);
#1894=FACE_OUTER_BOUND('',#2209,.T.);
#1895=FACE_OUTER_BOUND('',#2210,.T.);
#1896=FACE_OUTER_BOUND('',#2211,.T.);
#1897=FACE_OUTER_BOUND('',#2212,.T.);
#1898=FACE_OUTER_BOUND('',#2213,.T.);
#1899=FACE_OUTER_BOUND('',#2214,.T.);
#1900=EDGE_LOOP('',(#3498,#3499,#3500,#3501));
#1901=EDGE_LOOP('',(#3502,#3503,#3504,#3505));
#1902=EDGE_LOOP('',(#3506,#3507,#3508));
#1903=EDGE_LOOP('',(#3509,#3510,#3511,#3512));
#1904=EDGE_LOOP('',(#3513,#3514,#3515,#3516));
#1905=EDGE_LOOP('',(#3517,#3518,#3519,#3520));
#1906=EDGE_LOOP('',(#3521,#3522,#3523,#3524));
#1907=EDGE_LOOP('',(#3525,#3526,#3527,#3528,#3529));
#1908=EDGE_LOOP('',(#3530,#3531,#3532,#3533));
#1909=EDGE_LOOP('',(#3534,#3535,#3536,#3537));
#1910=EDGE_LOOP('',(#3538,#3539,#3540,#3541));
#1911=EDGE_LOOP('',(#3542,#3543,#3544,#3545));
#1912=EDGE_LOOP('',(#3546,#3547,#3548,#3549));
#1913=EDGE_LOOP('',(#3550,#3551,#3552,#3553));
#1914=EDGE_LOOP('',(#3554,#3555,#3556,#3557));
#1915=EDGE_LOOP('',(#3558,#3559,#3560,#3561));
#1916=EDGE_LOOP('',(#3562,#3563,#3564,#3565));
#1917=EDGE_LOOP('',(#3566,#3567,#3568,#3569,#3570,#3571,#3572,#3573,#3574,
#3575,#3576,#3577,#3578,#3579));
#1918=EDGE_LOOP('',(#3580,#3581,#3582,#3583));
#1919=EDGE_LOOP('',(#3584,#3585,#3586,#3587));
#1920=EDGE_LOOP('',(#3588,#3589,#3590,#3591));
#1921=EDGE_LOOP('',(#3592,#3593,#3594,#3595));
#1922=EDGE_LOOP('',(#3596,#3597,#3598,#3599));
#1923=EDGE_LOOP('',(#3600,#3601,#3602,#3603));
#1924=EDGE_LOOP('',(#3604,#3605,#3606,#3607));
#1925=EDGE_LOOP('',(#3608,#3609,#3610,#3611));
#1926=EDGE_LOOP('',(#3612,#3613,#3614,#3615));
#1927=EDGE_LOOP('',(#3616,#3617,#3618,#3619,#3620,#3621,#3622,#3623,#3624,
#3625,#3626,#3627,#3628,#3629,#3630,#3631,#3632,#3633,#3634,#3635,#3636,
#3637,#3638,#3639,#3640,#3641,#3642,#3643,#3644,#3645));
#1928=EDGE_LOOP('',(#3646,#3647,#3648,#3649));
#1929=EDGE_LOOP('',(#3650,#3651,#3652,#3653,#3654,#3655,#3656,#3657));
#1930=EDGE_LOOP('',(#3658,#3659,#3660,#3661,#3662,#3663,#3664,#3665,#3666,
#3667,#3668,#3669,#3670));
#1931=EDGE_LOOP('',(#3671,#3672,#3673,#3674,#3675,#3676));
#1932=EDGE_LOOP('',(#3677,#3678,#3679,#3680));
#1933=EDGE_LOOP('',(#3681,#3682,#3683,#3684,#3685,#3686));
#1934=EDGE_LOOP('',(#3687,#3688,#3689,#3690,#3691,#3692,#3693,#3694,#3695,
#3696,#3697,#3698));
#1935=EDGE_LOOP('',(#3699,#3700,#3701,#3702,#3703,#3704,#3705,#3706,#3707,
#3708,#3709,#3710));
#1936=EDGE_LOOP('',(#3711,#3712,#3713,#3714,#3715,#3716,#3717,#3718,#3719,
#3720,#3721,#3722));
#1937=EDGE_LOOP('',(#3723));
#1938=EDGE_LOOP('',(#3724));
#1939=EDGE_LOOP('',(#3725));
#1940=EDGE_LOOP('',(#3726));
#1941=EDGE_LOOP('',(#3727,#3728,#3729,#3730));
#1942=EDGE_LOOP('',(#3731,#3732,#3733,#3734));
#1943=EDGE_LOOP('',(#3735,#3736,#3737,#3738));
#1944=EDGE_LOOP('',(#3739,#3740,#3741,#3742));
#1945=EDGE_LOOP('',(#3743,#3744,#3745,#3746));
#1946=EDGE_LOOP('',(#3747,#3748,#3749,#3750));
#1947=EDGE_LOOP('',(#3751,#3752,#3753,#3754));
#1948=EDGE_LOOP('',(#3755,#3756,#3757,#3758));
#1949=EDGE_LOOP('',(#3759,#3760,#3761,#3762,#3763,#3764,#3765));
#1950=EDGE_LOOP('',(#3766,#3767,#3768,#3769,#3770,#3771,#3772,#3773,#3774,
#3775,#3776,#3777,#3778,#3779,#3780,#3781));
#1951=EDGE_LOOP('',(#3782,#3783,#3784,#3785));
#1952=EDGE_LOOP('',(#3786,#3787,#3788,#3789,#3790,#3791));
#1953=EDGE_LOOP('',(#3792,#3793,#3794,#3795));
#1954=EDGE_LOOP('',(#3796,#3797,#3798,#3799));
#1955=EDGE_LOOP('',(#3800,#3801,#3802,#3803));
#1956=EDGE_LOOP('',(#3804,#3805,#3806,#3807));
#1957=EDGE_LOOP('',(#3808,#3809,#3810,#3811));
#1958=EDGE_LOOP('',(#3812,#3813,#3814,#3815));
#1959=EDGE_LOOP('',(#3816,#3817,#3818,#3819));
#1960=EDGE_LOOP('',(#3820,#3821,#3822,#3823));
#1961=EDGE_LOOP('',(#3824,#3825,#3826,#3827,#3828,#3829,#3830,#3831,#3832,
#3833,#3834,#3835,#3836,#3837));
#1962=EDGE_LOOP('',(#3838,#3839,#3840,#3841));
#1963=EDGE_LOOP('',(#3842,#3843,#3844,#3845));
#1964=EDGE_LOOP('',(#3846,#3847,#3848,#3849));
#1965=EDGE_LOOP('',(#3850,#3851,#3852,#3853));
#1966=EDGE_LOOP('',(#3854,#3855,#3856,#3857));
#1967=EDGE_LOOP('',(#3858,#3859,#3860,#3861));
#1968=EDGE_LOOP('',(#3862,#3863,#3864,#3865));
#1969=EDGE_LOOP('',(#3866,#3867,#3868,#3869));
#1970=EDGE_LOOP('',(#3870,#3871,#3872,#3873));
#1971=EDGE_LOOP('',(#3874,#3875,#3876,#3877));
#1972=EDGE_LOOP('',(#3878));
#1973=EDGE_LOOP('',(#3879));
#1974=EDGE_LOOP('',(#3880));
#1975=EDGE_LOOP('',(#3881));
#1976=EDGE_LOOP('',(#3882,#3883,#3884,#3885,#3886,#3887,#3888,#3889));
#1977=EDGE_LOOP('',(#3890,#3891,#3892,#3893,#3894));
#1978=EDGE_LOOP('',(#3895,#3896,#3897,#3898));
#1979=EDGE_LOOP('',(#3899,#3900,#3901,#3902));
#1980=EDGE_LOOP('',(#3903,#3904,#3905,#3906));
#1981=EDGE_LOOP('',(#3907,#3908,#3909,#3910));
#1982=EDGE_LOOP('',(#3911,#3912,#3913,#3914));
#1983=EDGE_LOOP('',(#3915,#3916,#3917,#3918));
#1984=EDGE_LOOP('',(#3919,#3920,#3921,#3922));
#1985=EDGE_LOOP('',(#3923,#3924,#3925,#3926));
#1986=EDGE_LOOP('',(#3927,#3928,#3929,#3930));
#1987=EDGE_LOOP('',(#3931,#3932,#3933,#3934));
#1988=EDGE_LOOP('',(#3935,#3936,#3937,#3938));
#1989=EDGE_LOOP('',(#3939,#3940,#3941,#3942));
#1990=EDGE_LOOP('',(#3943,#3944,#3945,#3946));
#1991=EDGE_LOOP('',(#3947,#3948,#3949,#3950));
#1992=EDGE_LOOP('',(#3951,#3952,#3953,#3954));
#1993=EDGE_LOOP('',(#3955,#3956,#3957,#3958));
#1994=EDGE_LOOP('',(#3959,#3960,#3961,#3962));
#1995=EDGE_LOOP('',(#3963,#3964,#3965,#3966));
#1996=EDGE_LOOP('',(#3967,#3968,#3969,#3970));
#1997=EDGE_LOOP('',(#3971,#3972,#3973,#3974));
#1998=EDGE_LOOP('',(#3975,#3976,#3977,#3978));
#1999=EDGE_LOOP('',(#3979,#3980,#3981,#3982));
#2000=EDGE_LOOP('',(#3983,#3984,#3985,#3986));
#2001=EDGE_LOOP('',(#3987,#3988,#3989,#3990));
#2002=EDGE_LOOP('',(#3991,#3992,#3993,#3994));
#2003=EDGE_LOOP('',(#3995,#3996,#3997,#3998));
#2004=EDGE_LOOP('',(#3999,#4000,#4001,#4002));
#2005=EDGE_LOOP('',(#4003,#4004,#4005,#4006));
#2006=EDGE_LOOP('',(#4007,#4008,#4009,#4010));
#2007=EDGE_LOOP('',(#4011,#4012,#4013,#4014));
#2008=EDGE_LOOP('',(#4015,#4016,#4017,#4018));
#2009=EDGE_LOOP('',(#4019,#4020,#4021,#4022));
#2010=EDGE_LOOP('',(#4023,#4024,#4025,#4026));
#2011=EDGE_LOOP('',(#4027,#4028,#4029,#4030));
#2012=EDGE_LOOP('',(#4031,#4032,#4033,#4034));
#2013=EDGE_LOOP('',(#4035,#4036,#4037,#4038));
#2014=EDGE_LOOP('',(#4039,#4040,#4041,#4042));
#2015=EDGE_LOOP('',(#4043,#4044,#4045,#4046));
#2016=EDGE_LOOP('',(#4047,#4048,#4049,#4050));
#2017=EDGE_LOOP('',(#4051,#4052,#4053,#4054));
#2018=EDGE_LOOP('',(#4055,#4056,#4057,#4058));
#2019=EDGE_LOOP('',(#4059,#4060,#4061,#4062));
#2020=EDGE_LOOP('',(#4063,#4064,#4065,#4066));
#2021=EDGE_LOOP('',(#4067,#4068,#4069,#4070));
#2022=EDGE_LOOP('',(#4071,#4072,#4073,#4074));
#2023=EDGE_LOOP('',(#4075,#4076,#4077,#4078));
#2024=EDGE_LOOP('',(#4079,#4080,#4081,#4082));
#2025=EDGE_LOOP('',(#4083,#4084,#4085,#4086));
#2026=EDGE_LOOP('',(#4087,#4088,#4089,#4090));
#2027=EDGE_LOOP('',(#4091,#4092,#4093,#4094));
#2028=EDGE_LOOP('',(#4095,#4096,#4097,#4098));
#2029=EDGE_LOOP('',(#4099,#4100,#4101,#4102));
#2030=EDGE_LOOP('',(#4103,#4104,#4105,#4106));
#2031=EDGE_LOOP('',(#4107,#4108,#4109,#4110));
#2032=EDGE_LOOP('',(#4111,#4112,#4113,#4114));
#2033=EDGE_LOOP('',(#4115,#4116,#4117,#4118,#4119,#4120,#4121,#4122,#4123,
#4124,#4125,#4126));
#2034=EDGE_LOOP('',(#4127,#4128,#4129,#4130));
#2035=EDGE_LOOP('',(#4131,#4132,#4133,#4134));
#2036=EDGE_LOOP('',(#4135,#4136,#4137,#4138));
#2037=EDGE_LOOP('',(#4139,#4140,#4141,#4142));
#2038=EDGE_LOOP('',(#4143,#4144,#4145,#4146));
#2039=EDGE_LOOP('',(#4147,#4148,#4149,#4150));
#2040=EDGE_LOOP('',(#4151,#4152,#4153,#4154));
#2041=EDGE_LOOP('',(#4155,#4156,#4157,#4158));
#2042=EDGE_LOOP('',(#4159,#4160,#4161,#4162));
#2043=EDGE_LOOP('',(#4163,#4164,#4165,#4166));
#2044=EDGE_LOOP('',(#4167,#4168,#4169,#4170));
#2045=EDGE_LOOP('',(#4171,#4172,#4173,#4174));
#2046=EDGE_LOOP('',(#4175,#4176,#4177,#4178,#4179,#4180,#4181,#4182,#4183,
#4184,#4185,#4186));
#2047=EDGE_LOOP('',(#4187,#4188,#4189,#4190));
#2048=EDGE_LOOP('',(#4191,#4192,#4193,#4194));
#2049=EDGE_LOOP('',(#4195,#4196,#4197,#4198));
#2050=EDGE_LOOP('',(#4199,#4200,#4201,#4202));
#2051=EDGE_LOOP('',(#4203,#4204,#4205,#4206));
#2052=EDGE_LOOP('',(#4207,#4208,#4209,#4210));
#2053=EDGE_LOOP('',(#4211,#4212,#4213,#4214));
#2054=EDGE_LOOP('',(#4215,#4216,#4217,#4218));
#2055=EDGE_LOOP('',(#4219,#4220,#4221,#4222));
#2056=EDGE_LOOP('',(#4223,#4224,#4225,#4226));
#2057=EDGE_LOOP('',(#4227,#4228,#4229,#4230));
#2058=EDGE_LOOP('',(#4231,#4232,#4233,#4234));
#2059=EDGE_LOOP('',(#4235,#4236,#4237,#4238,#4239,#4240,#4241,#4242,#4243,
#4244,#4245,#4246));
#2060=EDGE_LOOP('',(#4247,#4248,#4249,#4250));
#2061=EDGE_LOOP('',(#4251,#4252,#4253,#4254));
#2062=EDGE_LOOP('',(#4255,#4256,#4257,#4258));
#2063=EDGE_LOOP('',(#4259,#4260,#4261,#4262));
#2064=EDGE_LOOP('',(#4263,#4264,#4265,#4266));
#2065=EDGE_LOOP('',(#4267,#4268,#4269,#4270));
#2066=EDGE_LOOP('',(#4271,#4272,#4273,#4274,#4275,#4276));
#2067=EDGE_LOOP('',(#4277,#4278,#4279,#4280));
#2068=EDGE_LOOP('',(#4281,#4282,#4283,#4284));
#2069=EDGE_LOOP('',(#4285,#4286,#4287,#4288));
#2070=EDGE_LOOP('',(#4289,#4290,#4291,#4292));
#2071=EDGE_LOOP('',(#4293,#4294,#4295,#4296));
#2072=EDGE_LOOP('',(#4297,#4298,#4299,#4300));
#2073=EDGE_LOOP('',(#4301,#4302,#4303,#4304));
#2074=EDGE_LOOP('',(#4305,#4306,#4307,#4308));
#2075=EDGE_LOOP('',(#4309,#4310,#4311,#4312));
#2076=EDGE_LOOP('',(#4313,#4314,#4315,#4316));
#2077=EDGE_LOOP('',(#4317,#4318,#4319,#4320));
#2078=EDGE_LOOP('',(#4321,#4322,#4323,#4324,#4325,#4326));
#2079=EDGE_LOOP('',(#4327,#4328,#4329,#4330));
#2080=EDGE_LOOP('',(#4331,#4332,#4333,#4334));
#2081=EDGE_LOOP('',(#4335,#4336,#4337,#4338));
#2082=EDGE_LOOP('',(#4339,#4340,#4341,#4342));
#2083=EDGE_LOOP('',(#4343,#4344,#4345,#4346));
#2084=EDGE_LOOP('',(#4347,#4348,#4349,#4350));
#2085=EDGE_LOOP('',(#4351,#4352,#4353,#4354));
#2086=EDGE_LOOP('',(#4355,#4356,#4357,#4358));
#2087=EDGE_LOOP('',(#4359,#4360,#4361,#4362));
#2088=EDGE_LOOP('',(#4363,#4364,#4365,#4366));
#2089=EDGE_LOOP('',(#4367,#4368,#4369,#4370));
#2090=EDGE_LOOP('',(#4371,#4372,#4373,#4374));
#2091=EDGE_LOOP('',(#4375,#4376,#4377,#4378));
#2092=EDGE_LOOP('',(#4379,#4380,#4381,#4382));
#2093=EDGE_LOOP('',(#4383,#4384,#4385,#4386));
#2094=EDGE_LOOP('',(#4387,#4388,#4389,#4390));
#2095=EDGE_LOOP('',(#4391,#4392,#4393,#4394));
#2096=EDGE_LOOP('',(#4395,#4396,#4397,#4398));
#2097=EDGE_LOOP('',(#4399,#4400,#4401,#4402));
#2098=EDGE_LOOP('',(#4403,#4404,#4405,#4406));
#2099=EDGE_LOOP('',(#4407,#4408,#4409,#4410));
#2100=EDGE_LOOP('',(#4411,#4412,#4413,#4414));
#2101=EDGE_LOOP('',(#4415,#4416,#4417,#4418));
#2102=EDGE_LOOP('',(#4419,#4420,#4421,#4422));
#2103=EDGE_LOOP('',(#4423,#4424,#4425,#4426));
#2104=EDGE_LOOP('',(#4427,#4428,#4429,#4430));
#2105=EDGE_LOOP('',(#4431,#4432,#4433,#4434));
#2106=EDGE_LOOP('',(#4435,#4436,#4437,#4438,#4439,#4440,#4441,#4442,#4443,
#4444,#4445,#4446,#4447));
#2107=EDGE_LOOP('',(#4448,#4449,#4450,#4451,#4452,#4453,#4454));
#2108=EDGE_LOOP('',(#4455,#4456,#4457,#4458,#4459,#4460,#4461));
#2109=EDGE_LOOP('',(#4462,#4463,#4464,#4465,#4466,#4467,#4468));
#2110=EDGE_LOOP('',(#4469,#4470,#4471,#4472));
#2111=EDGE_LOOP('',(#4473,#4474,#4475,#4476));
#2112=EDGE_LOOP('',(#4477,#4478,#4479,#4480));
#2113=EDGE_LOOP('',(#4481,#4482,#4483,#4484));
#2114=EDGE_LOOP('',(#4485,#4486,#4487,#4488));
#2115=EDGE_LOOP('',(#4489,#4490,#4491,#4492));
#2116=EDGE_LOOP('',(#4493,#4494,#4495,#4496));
#2117=EDGE_LOOP('',(#4497,#4498,#4499,#4500));
#2118=EDGE_LOOP('',(#4501,#4502,#4503,#4504));
#2119=EDGE_LOOP('',(#4505,#4506,#4507,#4508));
#2120=EDGE_LOOP('',(#4509,#4510,#4511,#4512));
#2121=EDGE_LOOP('',(#4513,#4514,#4515,#4516));
#2122=EDGE_LOOP('',(#4517,#4518,#4519,#4520));
#2123=EDGE_LOOP('',(#4521,#4522,#4523,#4524));
#2124=EDGE_LOOP('',(#4525,#4526,#4527,#4528));
#2125=EDGE_LOOP('',(#4529,#4530,#4531,#4532));
#2126=EDGE_LOOP('',(#4533,#4534,#4535,#4536));
#2127=EDGE_LOOP('',(#4537,#4538,#4539,#4540));
#2128=EDGE_LOOP('',(#4541,#4542,#4543,#4544));
#2129=EDGE_LOOP('',(#4545,#4546,#4547,#4548));
#2130=EDGE_LOOP('',(#4549,#4550,#4551,#4552));
#2131=EDGE_LOOP('',(#4553,#4554,#4555,#4556));
#2132=EDGE_LOOP('',(#4557,#4558,#4559,#4560));
#2133=EDGE_LOOP('',(#4561,#4562,#4563,#4564));
#2134=EDGE_LOOP('',(#4565,#4566,#4567,#4568));
#2135=EDGE_LOOP('',(#4569,#4570,#4571,#4572));
#2136=EDGE_LOOP('',(#4573,#4574,#4575,#4576));
#2137=EDGE_LOOP('',(#4577,#4578,#4579,#4580));
#2138=EDGE_LOOP('',(#4581,#4582,#4583,#4584));
#2139=EDGE_LOOP('',(#4585,#4586,#4587,#4588));
#2140=EDGE_LOOP('',(#4589,#4590,#4591,#4592));
#2141=EDGE_LOOP('',(#4593,#4594,#4595,#4596));
#2142=EDGE_LOOP('',(#4597,#4598,#4599,#4600));
#2143=EDGE_LOOP('',(#4601,#4602,#4603,#4604));
#2144=EDGE_LOOP('',(#4605,#4606,#4607,#4608));
#2145=EDGE_LOOP('',(#4609,#4610,#4611,#4612));
#2146=EDGE_LOOP('',(#4613,#4614,#4615,#4616));
#2147=EDGE_LOOP('',(#4617,#4618,#4619,#4620));
#2148=EDGE_LOOP('',(#4621,#4622,#4623,#4624));
#2149=EDGE_LOOP('',(#4625,#4626,#4627,#4628));
#2150=EDGE_LOOP('',(#4629,#4630,#4631,#4632));
#2151=EDGE_LOOP('',(#4633,#4634,#4635,#4636));
#2152=EDGE_LOOP('',(#4637,#4638,#4639,#4640));
#2153=EDGE_LOOP('',(#4641,#4642,#4643,#4644));
#2154=EDGE_LOOP('',(#4645,#4646,#4647,#4648));
#2155=EDGE_LOOP('',(#4649,#4650,#4651,#4652));
#2156=EDGE_LOOP('',(#4653,#4654,#4655,#4656));
#2157=EDGE_LOOP('',(#4657,#4658,#4659,#4660));
#2158=EDGE_LOOP('',(#4661,#4662,#4663,#4664));
#2159=EDGE_LOOP('',(#4665,#4666,#4667,#4668));
#2160=EDGE_LOOP('',(#4669,#4670,#4671,#4672));
#2161=EDGE_LOOP('',(#4673,#4674,#4675,#4676));
#2162=EDGE_LOOP('',(#4677,#4678,#4679,#4680,#4681,#4682,#4683,#4684,#4685,
#4686,#4687,#4688,#4689,#4690,#4691,#4692,#4693,#4694,#4695,#4696,#4697,
#4698,#4699,#4700,#4701,#4702,#4703,#4704,#4705,#4706));
#2163=EDGE_LOOP('',(#4707,#4708,#4709,#4710,#4711,#4712,#4713,#4714,#4715,
#4716,#4717,#4718,#4719,#4720,#4721,#4722,#4723,#4724,#4725,#4726,#4727,
#4728));
#2164=EDGE_LOOP('',(#4729,#4730,#4731,#4732,#4733,#4734,#4735));
#2165=EDGE_LOOP('',(#4736,#4737,#4738,#4739));
#2166=EDGE_LOOP('',(#4740,#4741,#4742,#4743));
#2167=EDGE_LOOP('',(#4744,#4745,#4746,#4747));
#2168=EDGE_LOOP('',(#4748,#4749,#4750,#4751));
#2169=EDGE_LOOP('',(#4752,#4753,#4754,#4755));
#2170=EDGE_LOOP('',(#4756,#4757,#4758,#4759));
#2171=EDGE_LOOP('',(#4760,#4761,#4762,#4763));
#2172=EDGE_LOOP('',(#4764,#4765,#4766,#4767,#4768,#4769,#4770,#4771,#4772,
#4773,#4774,#4775,#4776,#4777,#4778,#4779,#4780,#4781,#4782,#4783,#4784,
#4785));
#2173=EDGE_LOOP('',(#4786,#4787,#4788,#4789));
#2174=EDGE_LOOP('',(#4790,#4791,#4792,#4793));
#2175=EDGE_LOOP('',(#4794,#4795,#4796,#4797));
#2176=EDGE_LOOP('',(#4798,#4799,#4800,#4801));
#2177=EDGE_LOOP('',(#4802,#4803,#4804,#4805));
#2178=EDGE_LOOP('',(#4806,#4807,#4808,#4809));
#2179=EDGE_LOOP('',(#4810,#4811,#4812,#4813,#4814,#4815,#4816,#4817));
#2180=EDGE_LOOP('',(#4818,#4819,#4820,#4821));
#2181=EDGE_LOOP('',(#4822,#4823,#4824,#4825));
#2182=EDGE_LOOP('',(#4826,#4827,#4828,#4829));
#2183=EDGE_LOOP('',(#4830,#4831,#4832,#4833));
#2184=EDGE_LOOP('',(#4834,#4835,#4836,#4837,#4838,#4839,#4840,#4841,#4842,
#4843,#4844,#4845));
#2185=EDGE_LOOP('',(#4846));
#2186=EDGE_LOOP('',(#4847));
#2187=EDGE_LOOP('',(#4848));
#2188=EDGE_LOOP('',(#4849));
#2189=EDGE_LOOP('',(#4850,#4851,#4852,#4853,#4854,#4855,#4856,#4857));
#2190=EDGE_LOOP('',(#4858,#4859,#4860,#4861,#4862,#4863,#4864,#4865,#4866,
#4867,#4868,#4869));
#2191=EDGE_LOOP('',(#4870,#4871,#4872,#4873));
#2192=EDGE_LOOP('',(#4874,#4875,#4876,#4877));
#2193=EDGE_LOOP('',(#4878,#4879,#4880,#4881));
#2194=EDGE_LOOP('',(#4882,#4883,#4884,#4885));
#2195=EDGE_LOOP('',(#4886,#4887,#4888,#4889));
#2196=EDGE_LOOP('',(#4890,#4891,#4892,#4893,#4894,#4895,#4896,#4897,#4898,
#4899,#4900,#4901,#4902,#4903,#4904,#4905,#4906,#4907,#4908,#4909));
#2197=EDGE_LOOP('',(#4910,#4911,#4912,#4913));
#2198=EDGE_LOOP('',(#4914,#4915,#4916,#4917));
#2199=EDGE_LOOP('',(#4918,#4919,#4920,#4921));
#2200=EDGE_LOOP('',(#4922,#4923,#4924,#4925));
#2201=EDGE_LOOP('',(#4926,#4927,#4928,#4929));
#2202=EDGE_LOOP('',(#4930,#4931,#4932,#4933));
#2203=EDGE_LOOP('',(#4934,#4935,#4936,#4937));
#2204=EDGE_LOOP('',(#4938,#4939,#4940,#4941));
#2205=EDGE_LOOP('',(#4942,#4943,#4944,#4945));
#2206=EDGE_LOOP('',(#4946));
#2207=EDGE_LOOP('',(#4947,#4948,#4949,#4950));
#2208=EDGE_LOOP('',(#4951));
#2209=EDGE_LOOP('',(#4952,#4953,#4954,#4955));
#2210=EDGE_LOOP('',(#4956));
#2211=EDGE_LOOP('',(#4957,#4958,#4959,#4960));
#2212=EDGE_LOOP('',(#4961));
#2213=EDGE_LOOP('',(#4962,#4963,#4964,#4965));
#2214=EDGE_LOOP('',(#4966,#4967,#4968,#4969));
#2215=CIRCLE('',#5274,1.5);
#2216=CIRCLE('',#5275,3.5);
#2217=CIRCLE('',#5276,1.5);
#2218=CIRCLE('',#5277,5.);
#2219=CIRCLE('',#5279,1.5);
#2220=CIRCLE('',#5282,1.5);
#2221=CIRCLE('',#5283,1.5);
#2222=CIRCLE('',#5285,1.5);
#2223=CIRCLE('',#5286,5.);
#2224=CIRCLE('',#5287,3.5);
#2225=CIRCLE('',#5289,5.);
#2226=CIRCLE('',#5293,2.);
#2227=CIRCLE('',#5294,2.);
#2228=CIRCLE('',#5296,2.);
#2229=CIRCLE('',#5297,5.);
#2230=CIRCLE('',#5298,3.);
#2231=CIRCLE('',#5300,2.);
#2232=CIRCLE('',#5302,2.);
#2233=CIRCLE('',#5303,5.);
#2234=CIRCLE('',#5304,3.);
#2235=CIRCLE('',#5306,2.);
#2236=CIRCLE('',#5308,2.);
#2237=CIRCLE('',#5309,5.);
#2238=CIRCLE('',#5310,3.);
#2239=CIRCLE('',#5312,2.);
#2240=CIRCLE('',#5314,2.);
#2241=CIRCLE('',#5315,5.);
#2242=CIRCLE('',#5316,3.);
#2243=CIRCLE('',#5318,2.);
#2244=CIRCLE('',#5320,1.6);
#2245=CIRCLE('',#5321,1.6);
#2246=CIRCLE('',#5322,1.6);
#2247=CIRCLE('',#5323,1.6);
#2248=CIRCLE('',#5325,2.5);
#2249=CIRCLE('',#5330,2.5);
#2250=CIRCLE('',#5332,2.5);
#2251=CIRCLE('',#5337,1.5);
#2252=CIRCLE('',#5340,1.5);
#2253=CIRCLE('',#5352,5.);
#2254=CIRCLE('',#5353,5.);
#2255=CIRCLE('',#5354,5.);
#2256=CIRCLE('',#5355,5.);
#2257=CIRCLE('',#5356,1.6);
#2258=CIRCLE('',#5357,1.6);
#2259=CIRCLE('',#5358,1.6);
#2260=CIRCLE('',#5359,1.6);
#2261=CIRCLE('',#5498,2.34999999999999);
#2262=CIRCLE('',#5499,2.34999999999999);
#2263=CIRCLE('',#5500,2.34999999999999);
#2264=CIRCLE('',#5501,2.34999999999999);
#2265=CIRCLE('',#5503,5.);
#2266=CIRCLE('',#5504,5.);
#2267=CIRCLE('',#5505,5.);
#2268=CIRCLE('',#5506,5.);
#2269=CIRCLE('',#5514,5.);
#2270=CIRCLE('',#5515,5.);
#2271=CIRCLE('',#5516,5.);
#2272=CIRCLE('',#5517,5.);
#2273=CIRCLE('',#5527,2.34999999999999);
#2274=CIRCLE('',#5530,2.34999999999999);
#2275=CIRCLE('',#5533,2.34999999999999);
#2276=CIRCLE('',#5536,2.34999999999999);
#2277=VERTEX_POINT('',#6626);
#2278=VERTEX_POINT('',#6627);
#2279=VERTEX_POINT('',#6629);
#2280=VERTEX_POINT('',#6631);
#2281=VERTEX_POINT('',#6635);
#2282=VERTEX_POINT('',#6636);
#2283=VERTEX_POINT('',#6641);
#2284=VERTEX_POINT('',#6645);
#2285=VERTEX_POINT('',#6646);
#2286=VERTEX_POINT('',#6648);
#2287=VERTEX_POINT('',#6650);
#2288=VERTEX_POINT('',#6654);
#2289=VERTEX_POINT('',#6655);
#2290=VERTEX_POINT('',#6660);
#2291=VERTEX_POINT('',#6662);
#2292=VERTEX_POINT('',#6671);
#2293=VERTEX_POINT('',#6672);
#2294=VERTEX_POINT('',#6674);
#2295=VERTEX_POINT('',#6676);
#2296=VERTEX_POINT('',#6680);
#2297=VERTEX_POINT('',#6681);
#2298=VERTEX_POINT('',#6686);
#2299=VERTEX_POINT('',#6687);
#2300=VERTEX_POINT('',#6692);
#2301=VERTEX_POINT('',#6693);
#2302=VERTEX_POINT('',#6698);
#2303=VERTEX_POINT('',#6699);
#2304=VERTEX_POINT('',#6704);
#2305=VERTEX_POINT('',#6705);
#2306=VERTEX_POINT('',#6710);
#2307=VERTEX_POINT('',#6711);
#2308=VERTEX_POINT('',#6716);
#2309=VERTEX_POINT('',#6717);
#2310=VERTEX_POINT('',#6722);
#2311=VERTEX_POINT('',#6723);
#2312=VERTEX_POINT('',#6730);
#2313=VERTEX_POINT('',#6731);
#2314=VERTEX_POINT('',#6733);
#2315=VERTEX_POINT('',#6735);
#2316=VERTEX_POINT('',#6738);
#2317=VERTEX_POINT('',#6739);
#2318=VERTEX_POINT('',#6741);
#2319=VERTEX_POINT('',#6743);
#2320=VERTEX_POINT('',#6746);
#2321=VERTEX_POINT('',#6747);
#2322=VERTEX_POINT('',#6749);
#2323=VERTEX_POINT('',#6751);
#2324=VERTEX_POINT('',#6754);
#2325=VERTEX_POINT('',#6755);
#2326=VERTEX_POINT('',#6757);
#2327=VERTEX_POINT('',#6759);
#2328=VERTEX_POINT('',#6762);
#2329=VERTEX_POINT('',#6763);
#2330=VERTEX_POINT('',#6765);
#2331=VERTEX_POINT('',#6767);
#2332=VERTEX_POINT('',#6770);
#2333=VERTEX_POINT('',#6771);
#2334=VERTEX_POINT('',#6773);
#2335=VERTEX_POINT('',#6775);
#2336=VERTEX_POINT('',#6778);
#2337=VERTEX_POINT('',#6779);
#2338=VERTEX_POINT('',#6781);
#2339=VERTEX_POINT('',#6783);
#2340=VERTEX_POINT('',#6786);
#2341=VERTEX_POINT('',#6787);
#2342=VERTEX_POINT('',#6789);
#2343=VERTEX_POINT('',#6791);
#2344=VERTEX_POINT('',#6794);
#2345=VERTEX_POINT('',#6795);
#2346=VERTEX_POINT('',#6797);
#2347=VERTEX_POINT('',#6799);
#2348=VERTEX_POINT('',#6802);
#2349=VERTEX_POINT('',#6803);
#2350=VERTEX_POINT('',#6808);
#2351=VERTEX_POINT('',#6813);
#2352=VERTEX_POINT('',#6818);
#2353=VERTEX_POINT('',#6823);
#2354=VERTEX_POINT('',#6828);
#2355=VERTEX_POINT('',#6833);
#2356=VERTEX_POINT('',#6838);
#2357=VERTEX_POINT('',#6843);
#2358=VERTEX_POINT('',#6848);
#2359=VERTEX_POINT('',#6853);
#2360=VERTEX_POINT('',#6858);
#2361=VERTEX_POINT('',#6863);
#2362=VERTEX_POINT('',#6868);
#2363=VERTEX_POINT('',#6873);
#2364=VERTEX_POINT('',#6878);
#2365=VERTEX_POINT('',#6883);
#2366=VERTEX_POINT('',#6888);
#2367=VERTEX_POINT('',#6893);
#2368=VERTEX_POINT('',#6898);
#2369=VERTEX_POINT('',#6903);
#2370=VERTEX_POINT('',#6908);
#2371=VERTEX_POINT('',#6913);
#2372=VERTEX_POINT('',#6918);
#2373=VERTEX_POINT('',#6923);
#2374=VERTEX_POINT('',#6928);
#2375=VERTEX_POINT('',#6933);
#2376=VERTEX_POINT('',#6938);
#2377=VERTEX_POINT('',#6943);
#2378=VERTEX_POINT('',#6952);
#2379=VERTEX_POINT('',#6953);
#2380=VERTEX_POINT('',#6955);
#2381=VERTEX_POINT('',#6957);
#2382=VERTEX_POINT('',#6960);
#2383=VERTEX_POINT('',#6961);
#2384=VERTEX_POINT('',#6963);
#2385=VERTEX_POINT('',#6965);
#2386=VERTEX_POINT('',#6967);
#2387=VERTEX_POINT('',#6969);
#2388=VERTEX_POINT('',#6971);
#2389=VERTEX_POINT('',#6973);
#2390=VERTEX_POINT('',#6976);
#2391=VERTEX_POINT('',#6977);
#2392=VERTEX_POINT('',#6983);
#2393=VERTEX_POINT('',#6985);
#2394=VERTEX_POINT('',#6987);
#2395=VERTEX_POINT('',#6989);
#2396=VERTEX_POINT('',#6995);
#2397=VERTEX_POINT('',#7001);
#2398=VERTEX_POINT('',#7007);
#2399=VERTEX_POINT('',#7013);
#2400=VERTEX_POINT('',#7019);
#2401=VERTEX_POINT('',#7025);
#2402=VERTEX_POINT('',#7031);
#2403=VERTEX_POINT('',#7042);
#2404=VERTEX_POINT('',#7043);
#2405=VERTEX_POINT('',#7045);
#2406=VERTEX_POINT('',#7047);
#2407=VERTEX_POINT('',#7049);
#2408=VERTEX_POINT('',#7051);
#2409=VERTEX_POINT('',#7054);
#2410=VERTEX_POINT('',#7055);
#2411=VERTEX_POINT('',#7057);
#2412=VERTEX_POINT('',#7059);
#2413=VERTEX_POINT('',#7062);
#2414=VERTEX_POINT('',#7063);
#2415=VERTEX_POINT('',#7065);
#2416=VERTEX_POINT('',#7067);
#2417=VERTEX_POINT('',#7069);
#2418=VERTEX_POINT('',#7071);
#2419=VERTEX_POINT('',#7074);
#2420=VERTEX_POINT('',#7075);
#2421=VERTEX_POINT('',#7077);
#2422=VERTEX_POINT('',#7079);
#2423=VERTEX_POINT('',#7081);
#2424=VERTEX_POINT('',#7083);
#2425=VERTEX_POINT('',#7085);
#2426=VERTEX_POINT('',#7087);
#2427=VERTEX_POINT('',#7089);
#2428=VERTEX_POINT('',#7091);
#2429=VERTEX_POINT('',#7093);
#2430=VERTEX_POINT('',#7095);
#2431=VERTEX_POINT('',#7098);
#2432=VERTEX_POINT('',#7099);
#2433=VERTEX_POINT('',#7101);
#2434=VERTEX_POINT('',#7103);
#2435=VERTEX_POINT('',#7105);
#2436=VERTEX_POINT('',#7107);
#2437=VERTEX_POINT('',#7109);
#2438=VERTEX_POINT('',#7111);
#2439=VERTEX_POINT('',#7113);
#2440=VERTEX_POINT('',#7115);
#2441=VERTEX_POINT('',#7117);
#2442=VERTEX_POINT('',#7119);
#2443=VERTEX_POINT('',#7122);
#2444=VERTEX_POINT('',#7123);
#2445=VERTEX_POINT('',#7125);
#2446=VERTEX_POINT('',#7127);
#2447=VERTEX_POINT('',#7129);
#2448=VERTEX_POINT('',#7131);
#2449=VERTEX_POINT('',#7133);
#2450=VERTEX_POINT('',#7135);
#2451=VERTEX_POINT('',#7137);
#2452=VERTEX_POINT('',#7139);
#2453=VERTEX_POINT('',#7141);
#2454=VERTEX_POINT('',#7143);
#2455=VERTEX_POINT('',#7146);
#2456=VERTEX_POINT('',#7148);
#2457=VERTEX_POINT('',#7150);
#2458=VERTEX_POINT('',#7152);
#2459=VERTEX_POINT('',#7155);
#2460=VERTEX_POINT('',#7156);
#2461=VERTEX_POINT('',#7158);
#2462=VERTEX_POINT('',#7160);
#2463=VERTEX_POINT('',#7164);
#2464=VERTEX_POINT('',#7166);
#2465=VERTEX_POINT('',#7170);
#2466=VERTEX_POINT('',#7172);
#2467=VERTEX_POINT('',#7176);
#2468=VERTEX_POINT('',#7178);
#2469=VERTEX_POINT('',#7182);
#2470=VERTEX_POINT('',#7184);
#2471=VERTEX_POINT('',#7188);
#2472=VERTEX_POINT('',#7192);
#2473=VERTEX_POINT('',#7196);
#2474=VERTEX_POINT('',#7198);
#2475=VERTEX_POINT('',#7204);
#2476=VERTEX_POINT('',#7206);
#2477=VERTEX_POINT('',#7208);
#2478=VERTEX_POINT('',#7211);
#2479=VERTEX_POINT('',#7214);
#2480=VERTEX_POINT('',#7222);
#2481=VERTEX_POINT('',#7224);
#2482=VERTEX_POINT('',#7228);
#2483=VERTEX_POINT('',#7232);
#2484=VERTEX_POINT('',#7236);
#2485=VERTEX_POINT('',#7238);
#2486=VERTEX_POINT('',#7242);
#2487=VERTEX_POINT('',#7246);
#2488=VERTEX_POINT('',#7253);
#2489=VERTEX_POINT('',#7256);
#2490=VERTEX_POINT('',#7258);
#2491=VERTEX_POINT('',#7260);
#2492=VERTEX_POINT('',#7262);
#2493=VERTEX_POINT('',#7264);
#2494=VERTEX_POINT('',#7266);
#2495=VERTEX_POINT('',#7269);
#2496=VERTEX_POINT('',#7270);
#2497=VERTEX_POINT('',#7272);
#2498=VERTEX_POINT('',#7274);
#2499=VERTEX_POINT('',#7277);
#2500=VERTEX_POINT('',#7278);
#2501=VERTEX_POINT('',#7280);
#2502=VERTEX_POINT('',#7282);
#2503=VERTEX_POINT('',#7285);
#2504=VERTEX_POINT('',#7286);
#2505=VERTEX_POINT('',#7288);
#2506=VERTEX_POINT('',#7290);
#2507=VERTEX_POINT('',#7293);
#2508=VERTEX_POINT('',#7294);
#2509=VERTEX_POINT('',#7296);
#2510=VERTEX_POINT('',#7298);
#2511=VERTEX_POINT('',#7301);
#2512=VERTEX_POINT('',#7302);
#2513=VERTEX_POINT('',#7304);
#2514=VERTEX_POINT('',#7306);
#2515=VERTEX_POINT('',#7309);
#2516=VERTEX_POINT('',#7310);
#2517=VERTEX_POINT('',#7312);
#2518=VERTEX_POINT('',#7314);
#2519=VERTEX_POINT('',#7317);
#2520=VERTEX_POINT('',#7318);
#2521=VERTEX_POINT('',#7320);
#2522=VERTEX_POINT('',#7322);
#2523=VERTEX_POINT('',#7325);
#2524=VERTEX_POINT('',#7326);
#2525=VERTEX_POINT('',#7328);
#2526=VERTEX_POINT('',#7330);
#2527=VERTEX_POINT('',#7333);
#2528=VERTEX_POINT('',#7334);
#2529=VERTEX_POINT('',#7336);
#2530=VERTEX_POINT('',#7338);
#2531=VERTEX_POINT('',#7341);
#2532=VERTEX_POINT('',#7342);
#2533=VERTEX_POINT('',#7344);
#2534=VERTEX_POINT('',#7346);
#2535=VERTEX_POINT('',#7349);
#2536=VERTEX_POINT('',#7351);
#2537=VERTEX_POINT('',#7353);
#2538=VERTEX_POINT('',#7355);
#2539=VERTEX_POINT('',#7448);
#2540=VERTEX_POINT('',#7450);
#2541=VERTEX_POINT('',#7454);
#2542=VERTEX_POINT('',#7458);
#2543=VERTEX_POINT('',#7462);
#2544=VERTEX_POINT('',#7466);
#2545=VERTEX_POINT('',#7470);
#2546=VERTEX_POINT('',#7474);
#2547=VERTEX_POINT('',#7478);
#2548=VERTEX_POINT('',#7482);
#2549=VERTEX_POINT('',#7486);
#2550=VERTEX_POINT('',#7490);
#2551=VERTEX_POINT('',#7497);
#2552=VERTEX_POINT('',#7499);
#2553=VERTEX_POINT('',#7503);
#2554=VERTEX_POINT('',#7507);
#2555=VERTEX_POINT('',#7511);
#2556=VERTEX_POINT('',#7515);
#2557=VERTEX_POINT('',#7519);
#2558=VERTEX_POINT('',#7523);
#2559=VERTEX_POINT('',#7527);
#2560=VERTEX_POINT('',#7531);
#2561=VERTEX_POINT('',#7535);
#2562=VERTEX_POINT('',#7539);
#2563=VERTEX_POINT('',#7546);
#2564=VERTEX_POINT('',#7548);
#2565=VERTEX_POINT('',#7552);
#2566=VERTEX_POINT('',#7556);
#2567=VERTEX_POINT('',#7560);
#2568=VERTEX_POINT('',#7564);
#2569=VERTEX_POINT('',#7568);
#2570=VERTEX_POINT('',#7572);
#2571=VERTEX_POINT('',#7576);
#2572=VERTEX_POINT('',#7580);
#2573=VERTEX_POINT('',#7584);
#2574=VERTEX_POINT('',#7588);
#2575=VERTEX_POINT('',#7595);
#2576=VERTEX_POINT('',#7597);
#2577=VERTEX_POINT('',#7601);
#2578=VERTEX_POINT('',#7605);
#2579=VERTEX_POINT('',#7609);
#2580=VERTEX_POINT('',#7613);
#2581=VERTEX_POINT('',#7620);
#2582=VERTEX_POINT('',#7622);
#2583=VERTEX_POINT('',#7626);
#2584=VERTEX_POINT('',#7630);
#2585=VERTEX_POINT('',#7637);
#2586=VERTEX_POINT('',#7639);
#2587=VERTEX_POINT('',#7643);
#2588=VERTEX_POINT('',#7647);
#2589=VERTEX_POINT('',#7651);
#2590=VERTEX_POINT('',#7655);
#2591=VERTEX_POINT('',#7662);
#2592=VERTEX_POINT('',#7663);
#2593=VERTEX_POINT('',#7665);
#2594=VERTEX_POINT('',#7667);
#2595=VERTEX_POINT('',#7680);
#2596=VERTEX_POINT('',#7686);
#2597=VERTEX_POINT('',#7703);
#2598=VERTEX_POINT('',#7709);
#2599=VERTEX_POINT('',#7726);
#2600=VERTEX_POINT('',#7732);
#2601=VERTEX_POINT('',#7749);
#2602=VERTEX_POINT('',#7755);
#2603=VERTEX_POINT('',#7763);
#2604=VERTEX_POINT('',#7765);
#2605=VERTEX_POINT('',#7772);
#2606=VERTEX_POINT('',#7773);
#2607=VERTEX_POINT('',#7775);
#2608=VERTEX_POINT('',#7777);
#2609=VERTEX_POINT('',#7790);
#2610=VERTEX_POINT('',#7796);
#2611=VERTEX_POINT('',#7813);
#2612=VERTEX_POINT('',#7819);
#2613=VERTEX_POINT('',#7836);
#2614=VERTEX_POINT('',#7842);
#2615=VERTEX_POINT('',#7859);
#2616=VERTEX_POINT('',#7865);
#2617=VERTEX_POINT('',#7873);
#2618=VERTEX_POINT('',#7875);
#2619=VERTEX_POINT('',#7891);
#2620=VERTEX_POINT('',#7893);
#2621=VERTEX_POINT('',#7910);
#2622=VERTEX_POINT('',#7927);
#2623=VERTEX_POINT('',#7944);
#2624=VERTEX_POINT('',#7961);
#2625=VERTEX_POINT('',#7978);
#2626=VERTEX_POINT('',#7995);
#2627=VERTEX_POINT('',#8012);
#2628=VERTEX_POINT('',#8029);
#2629=VERTEX_POINT('',#8046);
#2630=VERTEX_POINT('',#8054);
#2631=VERTEX_POINT('',#8058);
#2632=VERTEX_POINT('',#8073);
#2633=VERTEX_POINT('',#8074);
#2634=VERTEX_POINT('',#8079);
#2635=VERTEX_POINT('',#8081);
#2636=VERTEX_POINT('',#8095);
#2637=VERTEX_POINT('',#8100);
#2638=VERTEX_POINT('',#8114);
#2639=VERTEX_POINT('',#8119);
#2640=VERTEX_POINT('',#8133);
#2641=VERTEX_POINT('',#8138);
#2642=VERTEX_POINT('',#8152);
#2643=VERTEX_POINT('',#8157);
#2644=VERTEX_POINT('',#8171);
#2645=VERTEX_POINT('',#8176);
#2646=VERTEX_POINT('',#8190);
#2647=VERTEX_POINT('',#8195);
#2648=VERTEX_POINT('',#8209);
#2649=VERTEX_POINT('',#8214);
#2650=VERTEX_POINT('',#8228);
#2651=VERTEX_POINT('',#8233);
#2652=VERTEX_POINT('',#8247);
#2653=VERTEX_POINT('',#8252);
#2654=VERTEX_POINT('',#8259);
#2655=VERTEX_POINT('',#8261);
#2656=VERTEX_POINT('',#8272);
#2657=VERTEX_POINT('',#8274);
#2658=VERTEX_POINT('',#8288);
#2659=VERTEX_POINT('',#8302);
#2660=VERTEX_POINT('',#8316);
#2661=VERTEX_POINT('',#8330);
#2662=VERTEX_POINT('',#8344);
#2663=VERTEX_POINT('',#8358);
#2664=VERTEX_POINT('',#8372);
#2665=VERTEX_POINT('',#8386);
#2666=VERTEX_POINT('',#8400);
#2667=VERTEX_POINT('',#8414);
#2668=VERTEX_POINT('',#8428);
#2669=VERTEX_POINT('',#8442);
#2670=VERTEX_POINT('',#8456);
#2671=VERTEX_POINT('',#8470);
#2672=VERTEX_POINT('',#8484);
#2673=VERTEX_POINT('',#8489);
#2674=VERTEX_POINT('',#8503);
#2675=VERTEX_POINT('',#8508);
#2676=VERTEX_POINT('',#8522);
#2677=VERTEX_POINT('',#8527);
#2678=VERTEX_POINT('',#8541);
#2679=VERTEX_POINT('',#8546);
#2680=VERTEX_POINT('',#8560);
#2681=VERTEX_POINT('',#8565);
#2682=VERTEX_POINT('',#8579);
#2683=VERTEX_POINT('',#8584);
#2684=VERTEX_POINT('',#8598);
#2685=VERTEX_POINT('',#8603);
#2686=VERTEX_POINT('',#8617);
#2687=VERTEX_POINT('',#8622);
#2688=VERTEX_POINT('',#8636);
#2689=VERTEX_POINT('',#8641);
#2690=VERTEX_POINT('',#8655);
#2691=VERTEX_POINT('',#8660);
#2692=VERTEX_POINT('',#8677);
#2693=VERTEX_POINT('',#8691);
#2694=VERTEX_POINT('',#8705);
#2695=VERTEX_POINT('',#8719);
#2696=VERTEX_POINT('',#8733);
#2697=VERTEX_POINT('',#8747);
#2698=VERTEX_POINT('',#8761);
#2699=VERTEX_POINT('',#8775);
#2700=VERTEX_POINT('',#8789);
#2701=VERTEX_POINT('',#8803);
#2702=VERTEX_POINT('',#8817);
#2703=VERTEX_POINT('',#8831);
#2704=VERTEX_POINT('',#8845);
#2705=VERTEX_POINT('',#8859);
#2706=VERTEX_POINT('',#8900);
#2707=VERTEX_POINT('',#8901);
#2708=VERTEX_POINT('',#8903);
#2709=VERTEX_POINT('',#8905);
#2710=VERTEX_POINT('',#8909);
#2711=VERTEX_POINT('',#8911);
#2712=VERTEX_POINT('',#8915);
#2713=VERTEX_POINT('',#8917);
#2714=VERTEX_POINT('',#8919);
#2715=VERTEX_POINT('',#8921);
#2716=VERTEX_POINT('',#8923);
#2717=VERTEX_POINT('',#8927);
#2718=VERTEX_POINT('',#8928);
#2719=VERTEX_POINT('',#8930);
#2720=VERTEX_POINT('',#8932);
#2721=VERTEX_POINT('',#8936);
#2722=VERTEX_POINT('',#8937);
#2723=VERTEX_POINT('',#8942);
#2724=VERTEX_POINT('',#8943);
#2725=VERTEX_POINT('',#8950);
#2726=VERTEX_POINT('',#8952);
#2727=VERTEX_POINT('',#8954);
#2728=VERTEX_POINT('',#8956);
#2729=VERTEX_POINT('',#8958);
#2730=VERTEX_POINT('',#8960);
#2731=VERTEX_POINT('',#8962);
#2732=VERTEX_POINT('',#8964);
#2733=VERTEX_POINT('',#8967);
#2734=VERTEX_POINT('',#8969);
#2735=VERTEX_POINT('',#8971);
#2736=VERTEX_POINT('',#8973);
#2737=VERTEX_POINT('',#8976);
#2738=VERTEX_POINT('',#8978);
#2739=VERTEX_POINT('',#8980);
#2740=VERTEX_POINT('',#8982);
#2741=VERTEX_POINT('',#8984);
#2742=VERTEX_POINT('',#8986);
#2743=VERTEX_POINT('',#8990);
#2744=VERTEX_POINT('',#8993);
#2745=VERTEX_POINT('',#8995);
#2746=VERTEX_POINT('',#9001);
#2747=VERTEX_POINT('',#9005);
#2748=VERTEX_POINT('',#9009);
#2749=VERTEX_POINT('',#9013);
#2750=VERTEX_POINT('',#9017);
#2751=VERTEX_POINT('',#9019);
#2752=VERTEX_POINT('',#9021);
#2753=VERTEX_POINT('',#9023);
#2754=VERTEX_POINT('',#9025);
#2755=VERTEX_POINT('',#9027);
#2756=VERTEX_POINT('',#9030);
#2757=VERTEX_POINT('',#9032);
#2758=VERTEX_POINT('',#9052);
#2759=VERTEX_POINT('',#9057);
#2760=VERTEX_POINT('',#9062);
#2761=VERTEX_POINT('',#9067);
#2762=EDGE_CURVE('',#2277,#2278,#2215,.T.);
#2763=EDGE_CURVE('',#2277,#2279,#2216,.T.);
#2764=EDGE_CURVE('',#2279,#2280,#2217,.T.);
#2765=EDGE_CURVE('',#2280,#2278,#2218,.T.);
#2766=EDGE_CURVE('',#2281,#2282,#2219,.T.);
#2767=EDGE_CURVE('',#2281,#2280,#527,.T.);
#2768=EDGE_CURVE('',#2279,#2282,#528,.T.);
#2769=EDGE_CURVE('',#2277,#2283,#529,.T.);
#2770=EDGE_CURVE('',#2283,#2279,#530,.T.);
#2771=EDGE_CURVE('',#2284,#2285,#2220,.T.);
#2772=EDGE_CURVE('',#2284,#2286,#531,.T.);
#2773=EDGE_CURVE('',#2286,#2287,#2221,.T.);
#2774=EDGE_CURVE('',#2287,#2285,#532,.T.);
#2775=EDGE_CURVE('',#2288,#2289,#2222,.T.);
#2776=EDGE_CURVE('',#2288,#2287,#2223,.T.);
#2777=EDGE_CURVE('',#2286,#2289,#2224,.T.);
#2778=EDGE_CURVE('',#2288,#2290,#533,.T.);
#2779=EDGE_CURVE('',#2290,#2291,#2225,.T.);
#2780=EDGE_CURVE('',#2291,#2287,#534,.T.);
#2781=EDGE_CURVE('',#2280,#2291,#535,.T.);
#2782=EDGE_CURVE('',#2290,#2278,#536,.T.);
#2783=EDGE_CURVE('',#2285,#2281,#537,.T.);
#2784=EDGE_CURVE('',#2292,#2293,#2226,.T.);
#2785=EDGE_CURVE('',#2293,#2294,#538,.T.);
#2786=EDGE_CURVE('',#2294,#2295,#2227,.F.);
#2787=EDGE_CURVE('',#2295,#2292,#539,.T.);
#2788=EDGE_CURVE('',#2296,#2297,#2228,.T.);
#2789=EDGE_CURVE('',#2297,#2293,#2229,.T.);
#2790=EDGE_CURVE('',#2292,#2296,#2230,.T.);
#2791=EDGE_CURVE('',#2298,#2299,#2231,.T.);
#2792=EDGE_CURVE('',#2299,#2297,#540,.T.);
#2793=EDGE_CURVE('',#2296,#2298,#541,.T.);
#2794=EDGE_CURVE('',#2300,#2301,#2232,.T.);
#2795=EDGE_CURVE('',#2301,#2299,#2233,.T.);
#2796=EDGE_CURVE('',#2298,#2300,#2234,.T.);
#2797=EDGE_CURVE('',#2302,#2303,#2235,.T.);
#2798=EDGE_CURVE('',#2303,#2301,#542,.T.);
#2799=EDGE_CURVE('',#2300,#2302,#543,.T.);
#2800=EDGE_CURVE('',#2304,#2305,#2236,.T.);
#2801=EDGE_CURVE('',#2305,#2303,#2237,.T.);
#2802=EDGE_CURVE('',#2302,#2304,#2238,.T.);
#2803=EDGE_CURVE('',#2306,#2307,#2239,.T.);
#2804=EDGE_CURVE('',#2307,#2305,#544,.T.);
#2805=EDGE_CURVE('',#2304,#2306,#545,.T.);
#2806=EDGE_CURVE('',#2308,#2309,#2240,.T.);
#2807=EDGE_CURVE('',#2309,#2307,#2241,.T.);
#2808=EDGE_CURVE('',#2306,#2308,#2242,.T.);
#2809=EDGE_CURVE('',#2310,#2311,#2243,.F.);
#2810=EDGE_CURVE('',#2311,#2309,#546,.T.);
#2811=EDGE_CURVE('',#2308,#2310,#547,.T.);
#2812=EDGE_CURVE('',#2282,#2310,#548,.T.);
#2813=EDGE_CURVE('',#2295,#2284,#549,.T.);
#2814=EDGE_CURVE('',#2312,#2313,#550,.T.);
#2815=EDGE_CURVE('',#2313,#2314,#551,.T.);
#2816=EDGE_CURVE('',#2314,#2315,#552,.T.);
#2817=EDGE_CURVE('',#2315,#2312,#553,.T.);
#2818=EDGE_CURVE('',#2316,#2317,#554,.T.);
#2819=EDGE_CURVE('',#2317,#2318,#555,.T.);
#2820=EDGE_CURVE('',#2318,#2319,#556,.T.);
#2821=EDGE_CURVE('',#2319,#2316,#557,.T.);
#2822=EDGE_CURVE('',#2320,#2321,#558,.T.);
#2823=EDGE_CURVE('',#2321,#2322,#559,.T.);
#2824=EDGE_CURVE('',#2322,#2323,#560,.T.);
#2825=EDGE_CURVE('',#2323,#2320,#561,.T.);
#2826=EDGE_CURVE('',#2324,#2325,#562,.T.);
#2827=EDGE_CURVE('',#2325,#2326,#563,.T.);
#2828=EDGE_CURVE('',#2326,#2327,#564,.T.);
#2829=EDGE_CURVE('',#2327,#2324,#565,.T.);
#2830=EDGE_CURVE('',#2328,#2329,#566,.T.);
#2831=EDGE_CURVE('',#2329,#2330,#567,.T.);
#2832=EDGE_CURVE('',#2330,#2331,#568,.T.);
#2833=EDGE_CURVE('',#2331,#2328,#569,.T.);
#2834=EDGE_CURVE('',#2332,#2333,#570,.T.);
#2835=EDGE_CURVE('',#2333,#2334,#571,.T.);
#2836=EDGE_CURVE('',#2334,#2335,#572,.T.);
#2837=EDGE_CURVE('',#2335,#2332,#573,.T.);
#2838=EDGE_CURVE('',#2336,#2337,#574,.T.);
#2839=EDGE_CURVE('',#2337,#2338,#575,.T.);
#2840=EDGE_CURVE('',#2338,#2339,#576,.T.);
#2841=EDGE_CURVE('',#2339,#2336,#577,.T.);
#2842=EDGE_CURVE('',#2340,#2341,#578,.T.);
#2843=EDGE_CURVE('',#2341,#2342,#579,.T.);
#2844=EDGE_CURVE('',#2342,#2343,#580,.T.);
#2845=EDGE_CURVE('',#2343,#2340,#581,.T.);
#2846=EDGE_CURVE('',#2344,#2345,#582,.T.);
#2847=EDGE_CURVE('',#2345,#2346,#583,.T.);
#2848=EDGE_CURVE('',#2346,#2347,#584,.T.);
#2849=EDGE_CURVE('',#2347,#2344,#585,.T.);
#2850=EDGE_CURVE('',#2348,#2349,#217,.T.);
#2851=EDGE_CURVE('',#2349,#2350,#218,.T.);
#2852=EDGE_CURVE('',#2350,#2351,#219,.T.);
#2853=EDGE_CURVE('',#2351,#2352,#220,.T.);
#2854=EDGE_CURVE('',#2352,#2353,#221,.T.);
#2855=EDGE_CURVE('',#2353,#2354,#222,.T.);
#2856=EDGE_CURVE('',#2354,#2355,#223,.T.);
#2857=EDGE_CURVE('',#2355,#2356,#224,.T.);
#2858=EDGE_CURVE('',#2356,#2357,#225,.T.);
#2859=EDGE_CURVE('',#2357,#2358,#226,.T.);
#2860=EDGE_CURVE('',#2358,#2359,#227,.T.);
#2861=EDGE_CURVE('',#2359,#2360,#228,.T.);
#2862=EDGE_CURVE('',#2360,#2361,#229,.T.);
#2863=EDGE_CURVE('',#2361,#2362,#230,.T.);
#2864=EDGE_CURVE('',#2362,#2363,#231,.T.);
#2865=EDGE_CURVE('',#2363,#2364,#232,.T.);
#2866=EDGE_CURVE('',#2364,#2365,#233,.T.);
#2867=EDGE_CURVE('',#2365,#2366,#234,.T.);
#2868=EDGE_CURVE('',#2366,#2367,#235,.T.);
#2869=EDGE_CURVE('',#2367,#2368,#236,.T.);
#2870=EDGE_CURVE('',#2368,#2369,#237,.T.);
#2871=EDGE_CURVE('',#2369,#2370,#238,.T.);
#2872=EDGE_CURVE('',#2370,#2371,#239,.T.);
#2873=EDGE_CURVE('',#2371,#2372,#240,.T.);
#2874=EDGE_CURVE('',#2372,#2373,#241,.T.);
#2875=EDGE_CURVE('',#2373,#2374,#242,.T.);
#2876=EDGE_CURVE('',#2374,#2375,#243,.T.);
#2877=EDGE_CURVE('',#2375,#2376,#244,.T.);
#2878=EDGE_CURVE('',#2376,#2377,#245,.T.);
#2879=EDGE_CURVE('',#2377,#2348,#246,.T.);
#2880=EDGE_CURVE('',#2378,#2379,#586,.T.);
#2881=EDGE_CURVE('',#2378,#2380,#587,.T.);
#2882=EDGE_CURVE('',#2380,#2381,#588,.T.);
#2883=EDGE_CURVE('',#2381,#2379,#589,.T.);
#2884=EDGE_CURVE('',#2382,#2383,#590,.T.);
#2885=EDGE_CURVE('',#2383,#2384,#591,.T.);
#2886=EDGE_CURVE('',#2384,#2385,#592,.T.);
#2887=EDGE_CURVE('',#2385,#2386,#593,.T.);
#2888=EDGE_CURVE('',#2386,#2387,#594,.T.);
#2889=EDGE_CURVE('',#2387,#2388,#595,.T.);
#2890=EDGE_CURVE('',#2388,#2389,#596,.T.);
#2891=EDGE_CURVE('',#2382,#2389,#597,.T.);
#2892=EDGE_CURVE('',#2390,#2391,#181,.T.);
#2893=EDGE_CURVE('',#2391,#2392,#598,.T.);
#2894=EDGE_CURVE('',#2392,#2393,#599,.T.);
#2895=EDGE_CURVE('',#2393,#2394,#600,.T.);
#2896=EDGE_CURVE('',#2394,#2395,#182,.T.);
#2897=EDGE_CURVE('',#2395,#2396,#183,.T.);
#2898=EDGE_CURVE('',#2396,#2397,#184,.T.);
#2899=EDGE_CURVE('',#2397,#2398,#185,.T.);
#2900=EDGE_CURVE('',#2398,#2399,#186,.T.);
#2901=EDGE_CURVE('',#2399,#2400,#187,.T.);
#2902=EDGE_CURVE('',#2400,#2401,#188,.T.);
#2903=EDGE_CURVE('',#2401,#2402,#189,.T.);
#2904=EDGE_CURVE('',#2402,#2390,#190,.T.);
#2905=EDGE_CURVE('',#2403,#2404,#601,.T.);
#2906=EDGE_CURVE('',#2404,#2405,#602,.T.);
#2907=EDGE_CURVE('',#2405,#2406,#603,.T.);
#2908=EDGE_CURVE('',#2406,#2407,#604,.T.);
#2909=EDGE_CURVE('',#2407,#2408,#605,.T.);
#2910=EDGE_CURVE('',#2408,#2403,#606,.T.);
#2911=EDGE_CURVE('',#2409,#2410,#607,.T.);
#2912=EDGE_CURVE('',#2410,#2411,#608,.T.);
#2913=EDGE_CURVE('',#2411,#2412,#609,.T.);
#2914=EDGE_CURVE('',#2412,#2409,#610,.T.);
#2915=EDGE_CURVE('',#2413,#2414,#611,.T.);
#2916=EDGE_CURVE('',#2414,#2415,#612,.T.);
#2917=EDGE_CURVE('',#2415,#2416,#613,.T.);
#2918=EDGE_CURVE('',#2416,#2417,#614,.T.);
#2919=EDGE_CURVE('',#2417,#2418,#615,.T.);
#2920=EDGE_CURVE('',#2418,#2413,#616,.T.);
#2921=EDGE_CURVE('',#2419,#2420,#617,.T.);
#2922=EDGE_CURVE('',#2420,#2421,#618,.T.);
#2923=EDGE_CURVE('',#2421,#2422,#619,.T.);
#2924=EDGE_CURVE('',#2422,#2423,#620,.T.);
#2925=EDGE_CURVE('',#2423,#2424,#621,.T.);
#2926=EDGE_CURVE('',#2424,#2425,#622,.T.);
#2927=EDGE_CURVE('',#2425,#2426,#623,.T.);
#2928=EDGE_CURVE('',#2426,#2427,#624,.T.);
#2929=EDGE_CURVE('',#2427,#2428,#625,.T.);
#2930=EDGE_CURVE('',#2428,#2429,#626,.T.);
#2931=EDGE_CURVE('',#2429,#2430,#627,.T.);
#2932=EDGE_CURVE('',#2430,#2419,#628,.T.);
#2933=EDGE_CURVE('',#2431,#2432,#629,.T.);
#2934=EDGE_CURVE('',#2432,#2433,#630,.T.);
#2935=EDGE_CURVE('',#2433,#2434,#631,.T.);
#2936=EDGE_CURVE('',#2434,#2435,#632,.T.);
#2937=EDGE_CURVE('',#2435,#2436,#633,.T.);
#2938=EDGE_CURVE('',#2436,#2437,#634,.T.);
#2939=EDGE_CURVE('',#2437,#2438,#635,.T.);
#2940=EDGE_CURVE('',#2438,#2439,#636,.T.);
#2941=EDGE_CURVE('',#2439,#2440,#637,.T.);
#2942=EDGE_CURVE('',#2440,#2441,#638,.T.);
#2943=EDGE_CURVE('',#2441,#2442,#639,.T.);
#2944=EDGE_CURVE('',#2442,#2431,#640,.T.);
#2945=EDGE_CURVE('',#2443,#2444,#641,.T.);
#2946=EDGE_CURVE('',#2444,#2445,#642,.T.);
#2947=EDGE_CURVE('',#2445,#2446,#643,.T.);
#2948=EDGE_CURVE('',#2446,#2447,#644,.T.);
#2949=EDGE_CURVE('',#2447,#2448,#645,.T.);
#2950=EDGE_CURVE('',#2448,#2449,#646,.T.);
#2951=EDGE_CURVE('',#2449,#2450,#647,.T.);
#2952=EDGE_CURVE('',#2450,#2451,#648,.T.);
#2953=EDGE_CURVE('',#2451,#2452,#649,.T.);
#2954=EDGE_CURVE('',#2452,#2453,#650,.T.);
#2955=EDGE_CURVE('',#2453,#2454,#651,.T.);
#2956=EDGE_CURVE('',#2454,#2443,#652,.T.);
#2957=EDGE_CURVE('',#2455,#2455,#2244,.T.);
#2958=EDGE_CURVE('',#2456,#2456,#2245,.T.);
#2959=EDGE_CURVE('',#2457,#2457,#2246,.T.);
#2960=EDGE_CURVE('',#2458,#2458,#2247,.T.);
#2961=EDGE_CURVE('',#2459,#2460,#653,.T.);
#2962=EDGE_CURVE('',#2460,#2461,#2248,.T.);
#2963=EDGE_CURVE('',#2461,#2462,#654,.T.);
#2964=EDGE_CURVE('',#2462,#2459,#179,.T.);
#2965=EDGE_CURVE('',#2462,#2463,#655,.T.);
#2966=EDGE_CURVE('',#2463,#2464,#180,.T.);
#2967=EDGE_CURVE('',#2464,#2459,#656,.T.);
#2968=EDGE_CURVE('',#2463,#2465,#657,.T.);
#2969=EDGE_CURVE('',#2465,#2466,#2249,.T.);
#2970=EDGE_CURVE('',#2466,#2464,#658,.T.);
#2971=EDGE_CURVE('',#2465,#2467,#659,.T.);
#2972=EDGE_CURVE('',#2467,#2468,#2250,.T.);
#2973=EDGE_CURVE('',#2468,#2466,#660,.T.);
#2974=EDGE_CURVE('',#2463,#2469,#661,.T.);
#2975=EDGE_CURVE('',#2469,#2470,#662,.T.);
#2976=EDGE_CURVE('',#2465,#2470,#663,.T.);
#2977=EDGE_CURVE('',#2462,#2471,#664,.T.);
#2978=EDGE_CURVE('',#2469,#2471,#665,.T.);
#2979=EDGE_CURVE('',#2472,#2461,#666,.T.);
#2980=EDGE_CURVE('',#2471,#2472,#667,.T.);
#2981=EDGE_CURVE('',#2278,#2473,#668,.T.);
#2982=EDGE_CURVE('',#2473,#2474,#2251,.T.);
#2983=EDGE_CURVE('',#2474,#2277,#669,.T.);
#2984=EDGE_CURVE('',#2311,#2474,#670,.T.);
#2985=EDGE_CURVE('',#2475,#2473,#671,.T.);
#2986=EDGE_CURVE('',#2476,#2475,#672,.T.);
#2987=EDGE_CURVE('',#2477,#2476,#2252,.T.);
#2988=EDGE_CURVE('',#2294,#2477,#673,.T.);
#2989=EDGE_CURVE('',#2478,#2293,#674,.T.);
#2990=EDGE_CURVE('',#2460,#2478,#675,.T.);
#2991=EDGE_CURVE('',#2479,#2468,#676,.T.);
#2992=EDGE_CURVE('',#2309,#2479,#677,.T.);
#2993=EDGE_CURVE('',#2289,#2477,#678,.T.);
#2994=EDGE_CURVE('',#2476,#2288,#679,.T.);
#2995=EDGE_CURVE('',#2480,#2384,#680,.T.);
#2996=EDGE_CURVE('',#2383,#2481,#681,.T.);
#2997=EDGE_CURVE('',#2480,#2481,#682,.T.);
#2998=EDGE_CURVE('',#2482,#2382,#683,.T.);
#2999=EDGE_CURVE('',#2481,#2482,#684,.T.);
#3000=EDGE_CURVE('',#2483,#2389,#685,.T.);
#3001=EDGE_CURVE('',#2483,#2482,#686,.T.);
#3002=EDGE_CURVE('',#2484,#2387,#687,.T.);
#3003=EDGE_CURVE('',#2386,#2485,#688,.T.);
#3004=EDGE_CURVE('',#2484,#2485,#689,.T.);
#3005=EDGE_CURVE('',#2486,#2385,#690,.T.);
#3006=EDGE_CURVE('',#2485,#2486,#691,.T.);
#3007=EDGE_CURVE('',#2487,#2388,#692,.T.);
#3008=EDGE_CURVE('',#2487,#2483,#693,.T.);
#3009=EDGE_CURVE('',#2475,#2290,#694,.T.);
#3010=EDGE_CURVE('',#2467,#2488,#695,.T.);
#3011=EDGE_CURVE('',#2488,#2472,#696,.T.);
#3012=EDGE_CURVE('',#2489,#2478,#2253,.T.);
#3013=EDGE_CURVE('',#2489,#2490,#697,.T.);
#3014=EDGE_CURVE('',#2491,#2490,#2254,.T.);
#3015=EDGE_CURVE('',#2492,#2491,#698,.T.);
#3016=EDGE_CURVE('',#2493,#2492,#2255,.T.);
#3017=EDGE_CURVE('',#2493,#2494,#699,.T.);
#3018=EDGE_CURVE('',#2479,#2494,#2256,.T.);
#3019=EDGE_CURVE('',#2495,#2496,#700,.T.);
#3020=EDGE_CURVE('',#2496,#2497,#701,.T.);
#3021=EDGE_CURVE('',#2497,#2498,#702,.T.);
#3022=EDGE_CURVE('',#2498,#2495,#703,.T.);
#3023=EDGE_CURVE('',#2499,#2500,#704,.T.);
#3024=EDGE_CURVE('',#2500,#2501,#705,.T.);
#3025=EDGE_CURVE('',#2501,#2502,#706,.T.);
#3026=EDGE_CURVE('',#2502,#2499,#707,.T.);
#3027=EDGE_CURVE('',#2503,#2504,#708,.T.);
#3028=EDGE_CURVE('',#2504,#2505,#709,.T.);
#3029=EDGE_CURVE('',#2505,#2506,#710,.T.);
#3030=EDGE_CURVE('',#2506,#2503,#711,.T.);
#3031=EDGE_CURVE('',#2507,#2508,#712,.T.);
#3032=EDGE_CURVE('',#2508,#2509,#713,.T.);
#3033=EDGE_CURVE('',#2509,#2510,#714,.T.);
#3034=EDGE_CURVE('',#2510,#2507,#715,.T.);
#3035=EDGE_CURVE('',#2511,#2512,#716,.T.);
#3036=EDGE_CURVE('',#2512,#2513,#717,.T.);
#3037=EDGE_CURVE('',#2513,#2514,#718,.T.);
#3038=EDGE_CURVE('',#2514,#2511,#719,.T.);
#3039=EDGE_CURVE('',#2515,#2516,#720,.T.);
#3040=EDGE_CURVE('',#2516,#2517,#721,.T.);
#3041=EDGE_CURVE('',#2517,#2518,#722,.T.);
#3042=EDGE_CURVE('',#2518,#2515,#723,.T.);
#3043=EDGE_CURVE('',#2519,#2520,#724,.T.);
#3044=EDGE_CURVE('',#2520,#2521,#725,.T.);
#3045=EDGE_CURVE('',#2521,#2522,#726,.T.);
#3046=EDGE_CURVE('',#2522,#2519,#727,.T.);
#3047=EDGE_CURVE('',#2523,#2524,#728,.T.);
#3048=EDGE_CURVE('',#2524,#2525,#729,.T.);
#3049=EDGE_CURVE('',#2525,#2526,#730,.T.);
#3050=EDGE_CURVE('',#2526,#2523,#731,.T.);
#3051=EDGE_CURVE('',#2527,#2528,#732,.T.);
#3052=EDGE_CURVE('',#2528,#2529,#733,.T.);
#3053=EDGE_CURVE('',#2529,#2530,#734,.T.);
#3054=EDGE_CURVE('',#2530,#2527,#735,.T.);
#3055=EDGE_CURVE('',#2531,#2532,#736,.T.);
#3056=EDGE_CURVE('',#2533,#2531,#737,.T.);
#3057=EDGE_CURVE('',#2534,#2533,#738,.T.);
#3058=EDGE_CURVE('',#2532,#2534,#739,.T.);
#3059=EDGE_CURVE('',#2535,#2535,#2257,.T.);
#3060=EDGE_CURVE('',#2536,#2536,#2258,.T.);
#3061=EDGE_CURVE('',#2537,#2537,#2259,.T.);
#3062=EDGE_CURVE('',#2538,#2538,#2260,.T.);
#3063=EDGE_CURVE('',#2484,#2487,#740,.T.);
#3064=EDGE_CURVE('',#2480,#2486,#741,.T.);
#3065=EDGE_CURVE('',#2470,#2488,#742,.T.);
#3066=EDGE_CURVE('',#2378,#2534,#743,.T.);
#3067=EDGE_CURVE('',#2532,#2379,#744,.T.);
#3068=EDGE_CURVE('',#2533,#2380,#745,.T.);
#3069=EDGE_CURVE('',#2497,#2315,#746,.T.);
#3070=EDGE_CURVE('',#2498,#2314,#747,.T.);
#3071=EDGE_CURVE('',#2495,#2313,#748,.T.);
#3072=EDGE_CURVE('',#2496,#2312,#749,.T.);
#3073=EDGE_CURVE('',#2501,#2319,#750,.T.);
#3074=EDGE_CURVE('',#2502,#2318,#751,.T.);
#3075=EDGE_CURVE('',#2499,#2317,#752,.T.);
#3076=EDGE_CURVE('',#2500,#2316,#753,.T.);
#3077=EDGE_CURVE('',#2505,#2323,#754,.T.);
#3078=EDGE_CURVE('',#2506,#2322,#755,.T.);
#3079=EDGE_CURVE('',#2503,#2321,#756,.T.);
#3080=EDGE_CURVE('',#2504,#2320,#757,.T.);
#3081=EDGE_CURVE('',#2509,#2327,#758,.T.);
#3082=EDGE_CURVE('',#2510,#2326,#759,.T.);
#3083=EDGE_CURVE('',#2507,#2325,#760,.T.);
#3084=EDGE_CURVE('',#2508,#2324,#761,.T.);
#3085=EDGE_CURVE('',#2513,#2331,#762,.T.);
#3086=EDGE_CURVE('',#2514,#2330,#763,.T.);
#3087=EDGE_CURVE('',#2511,#2329,#764,.T.);
#3088=EDGE_CURVE('',#2512,#2328,#765,.T.);
#3089=EDGE_CURVE('',#2517,#2335,#766,.T.);
#3090=EDGE_CURVE('',#2518,#2334,#767,.T.);
#3091=EDGE_CURVE('',#2515,#2333,#768,.T.);
#3092=EDGE_CURVE('',#2516,#2332,#769,.T.);
#3093=EDGE_CURVE('',#2521,#2339,#770,.T.);
#3094=EDGE_CURVE('',#2522,#2338,#771,.T.);
#3095=EDGE_CURVE('',#2519,#2337,#772,.T.);
#3096=EDGE_CURVE('',#2520,#2336,#773,.T.);
#3097=EDGE_CURVE('',#2525,#2343,#774,.T.);
#3098=EDGE_CURVE('',#2526,#2342,#775,.T.);
#3099=EDGE_CURVE('',#2523,#2341,#776,.T.);
#3100=EDGE_CURVE('',#2524,#2340,#777,.T.);
#3101=EDGE_CURVE('',#2529,#2347,#778,.T.);
#3102=EDGE_CURVE('',#2530,#2346,#779,.T.);
#3103=EDGE_CURVE('',#2527,#2345,#780,.T.);
#3104=EDGE_CURVE('',#2528,#2344,#781,.T.);
#3105=EDGE_CURVE('',#2538,#2458,#782,.T.);
#3106=EDGE_CURVE('',#2537,#2457,#783,.T.);
#3107=EDGE_CURVE('',#2536,#2456,#784,.T.);
#3108=EDGE_CURVE('',#2535,#2455,#785,.T.);
#3109=EDGE_CURVE('',#2443,#2539,#786,.T.);
#3110=EDGE_CURVE('',#2539,#2540,#787,.T.);
#3111=EDGE_CURVE('',#2444,#2540,#788,.T.);
#3112=EDGE_CURVE('',#2454,#2541,#789,.T.);
#3113=EDGE_CURVE('',#2541,#2539,#790,.T.);
#3114=EDGE_CURVE('',#2453,#2542,#791,.T.);
#3115=EDGE_CURVE('',#2542,#2541,#792,.T.);
#3116=EDGE_CURVE('',#2452,#2543,#793,.T.);
#3117=EDGE_CURVE('',#2543,#2542,#794,.T.);
#3118=EDGE_CURVE('',#2451,#2544,#795,.T.);
#3119=EDGE_CURVE('',#2544,#2543,#796,.T.);
#3120=EDGE_CURVE('',#2450,#2545,#797,.T.);
#3121=EDGE_CURVE('',#2545,#2544,#798,.T.);
#3122=EDGE_CURVE('',#2449,#2546,#799,.T.);
#3123=EDGE_CURVE('',#2546,#2545,#800,.T.);
#3124=EDGE_CURVE('',#2448,#2547,#801,.T.);
#3125=EDGE_CURVE('',#2547,#2546,#802,.T.);
#3126=EDGE_CURVE('',#2447,#2548,#803,.T.);
#3127=EDGE_CURVE('',#2548,#2547,#804,.T.);
#3128=EDGE_CURVE('',#2446,#2549,#805,.T.);
#3129=EDGE_CURVE('',#2549,#2548,#806,.T.);
#3130=EDGE_CURVE('',#2445,#2550,#807,.T.);
#3131=EDGE_CURVE('',#2550,#2549,#808,.T.);
#3132=EDGE_CURVE('',#2540,#2550,#809,.T.);
#3133=EDGE_CURVE('',#2431,#2551,#810,.T.);
#3134=EDGE_CURVE('',#2551,#2552,#811,.T.);
#3135=EDGE_CURVE('',#2432,#2552,#812,.T.);
#3136=EDGE_CURVE('',#2442,#2553,#813,.T.);
#3137=EDGE_CURVE('',#2553,#2551,#814,.T.);
#3138=EDGE_CURVE('',#2441,#2554,#815,.T.);
#3139=EDGE_CURVE('',#2554,#2553,#816,.T.);
#3140=EDGE_CURVE('',#2440,#2555,#817,.T.);
#3141=EDGE_CURVE('',#2555,#2554,#818,.T.);
#3142=EDGE_CURVE('',#2439,#2556,#819,.T.);
#3143=EDGE_CURVE('',#2556,#2555,#820,.T.);
#3144=EDGE_CURVE('',#2438,#2557,#821,.T.);
#3145=EDGE_CURVE('',#2557,#2556,#822,.T.);
#3146=EDGE_CURVE('',#2437,#2558,#823,.T.);
#3147=EDGE_CURVE('',#2558,#2557,#824,.T.);
#3148=EDGE_CURVE('',#2436,#2559,#825,.T.);
#3149=EDGE_CURVE('',#2559,#2558,#826,.T.);
#3150=EDGE_CURVE('',#2435,#2560,#827,.T.);
#3151=EDGE_CURVE('',#2560,#2559,#828,.T.);
#3152=EDGE_CURVE('',#2434,#2561,#829,.T.);
#3153=EDGE_CURVE('',#2561,#2560,#830,.T.);
#3154=EDGE_CURVE('',#2433,#2562,#831,.T.);
#3155=EDGE_CURVE('',#2562,#2561,#832,.T.);
#3156=EDGE_CURVE('',#2552,#2562,#833,.T.);
#3157=EDGE_CURVE('',#2419,#2563,#834,.T.);
#3158=EDGE_CURVE('',#2563,#2564,#835,.T.);
#3159=EDGE_CURVE('',#2420,#2564,#836,.T.);
#3160=EDGE_CURVE('',#2430,#2565,#837,.T.);
#3161=EDGE_CURVE('',#2565,#2563,#838,.T.);
#3162=EDGE_CURVE('',#2429,#2566,#839,.T.);
#3163=EDGE_CURVE('',#2566,#2565,#840,.T.);
#3164=EDGE_CURVE('',#2428,#2567,#841,.T.);
#3165=EDGE_CURVE('',#2567,#2566,#842,.T.);
#3166=EDGE_CURVE('',#2427,#2568,#843,.T.);
#3167=EDGE_CURVE('',#2568,#2567,#844,.T.);
#3168=EDGE_CURVE('',#2426,#2569,#845,.T.);
#3169=EDGE_CURVE('',#2569,#2568,#846,.T.);
#3170=EDGE_CURVE('',#2425,#2570,#847,.T.);
#3171=EDGE_CURVE('',#2570,#2569,#848,.T.);
#3172=EDGE_CURVE('',#2424,#2571,#849,.T.);
#3173=EDGE_CURVE('',#2571,#2570,#850,.T.);
#3174=EDGE_CURVE('',#2423,#2572,#851,.T.);
#3175=EDGE_CURVE('',#2572,#2571,#852,.T.);
#3176=EDGE_CURVE('',#2422,#2573,#853,.T.);
#3177=EDGE_CURVE('',#2573,#2572,#854,.T.);
#3178=EDGE_CURVE('',#2421,#2574,#855,.T.);
#3179=EDGE_CURVE('',#2574,#2573,#856,.T.);
#3180=EDGE_CURVE('',#2564,#2574,#857,.T.);
#3181=EDGE_CURVE('',#2413,#2575,#858,.T.);
#3182=EDGE_CURVE('',#2575,#2576,#859,.T.);
#3183=EDGE_CURVE('',#2414,#2576,#860,.T.);
#3184=EDGE_CURVE('',#2418,#2577,#861,.T.);
#3185=EDGE_CURVE('',#2577,#2575,#862,.T.);
#3186=EDGE_CURVE('',#2417,#2578,#863,.T.);
#3187=EDGE_CURVE('',#2578,#2577,#864,.T.);
#3188=EDGE_CURVE('',#2416,#2579,#865,.T.);
#3189=EDGE_CURVE('',#2579,#2578,#866,.T.);
#3190=EDGE_CURVE('',#2415,#2580,#867,.T.);
#3191=EDGE_CURVE('',#2580,#2579,#868,.T.);
#3192=EDGE_CURVE('',#2576,#2580,#869,.T.);
#3193=EDGE_CURVE('',#2409,#2581,#870,.T.);
#3194=EDGE_CURVE('',#2581,#2582,#871,.T.);
#3195=EDGE_CURVE('',#2410,#2582,#872,.T.);
#3196=EDGE_CURVE('',#2412,#2583,#873,.T.);
#3197=EDGE_CURVE('',#2583,#2581,#874,.T.);
#3198=EDGE_CURVE('',#2411,#2584,#875,.T.);
#3199=EDGE_CURVE('',#2584,#2583,#876,.T.);
#3200=EDGE_CURVE('',#2582,#2584,#877,.T.);
#3201=EDGE_CURVE('',#2403,#2585,#878,.T.);
#3202=EDGE_CURVE('',#2585,#2586,#879,.T.);
#3203=EDGE_CURVE('',#2404,#2586,#880,.T.);
#3204=EDGE_CURVE('',#2408,#2587,#881,.T.);
#3205=EDGE_CURVE('',#2587,#2585,#882,.T.);
#3206=EDGE_CURVE('',#2407,#2588,#883,.T.);
#3207=EDGE_CURVE('',#2588,#2587,#884,.T.);
#3208=EDGE_CURVE('',#2406,#2589,#885,.T.);
#3209=EDGE_CURVE('',#2589,#2588,#886,.T.);
#3210=EDGE_CURVE('',#2405,#2590,#887,.T.);
#3211=EDGE_CURVE('',#2590,#2589,#888,.T.);
#3212=EDGE_CURVE('',#2586,#2590,#889,.T.);
#3213=EDGE_CURVE('',#2591,#2592,#890,.T.);
#3214=EDGE_CURVE('',#2591,#2593,#891,.T.);
#3215=EDGE_CURVE('',#2593,#2594,#892,.T.);
#3216=EDGE_CURVE('',#2592,#2594,#893,.T.);
#3217=EDGE_CURVE('',#2595,#2591,#191,.T.);
#3218=EDGE_CURVE('',#2595,#2596,#894,.T.);
#3219=EDGE_CURVE('',#2596,#2593,#192,.T.);
#3220=EDGE_CURVE('',#2597,#2595,#193,.T.);
#3221=EDGE_CURVE('',#2597,#2598,#895,.T.);
#3222=EDGE_CURVE('',#2598,#2596,#194,.T.);
#3223=EDGE_CURVE('',#2599,#2597,#195,.T.);
#3224=EDGE_CURVE('',#2599,#2600,#896,.T.);
#3225=EDGE_CURVE('',#2600,#2598,#196,.T.);
#3226=EDGE_CURVE('',#2601,#2599,#197,.T.);
#3227=EDGE_CURVE('',#2601,#2602,#897,.T.);
#3228=EDGE_CURVE('',#2602,#2600,#198,.T.);
#3229=EDGE_CURVE('',#2603,#2601,#898,.T.);
#3230=EDGE_CURVE('',#2603,#2604,#899,.T.);
#3231=EDGE_CURVE('',#2604,#2602,#900,.T.);
#3232=EDGE_CURVE('',#2592,#2603,#901,.T.);
#3233=EDGE_CURVE('',#2594,#2604,#902,.T.);
#3234=EDGE_CURVE('',#2605,#2606,#903,.T.);
#3235=EDGE_CURVE('',#2605,#2607,#904,.T.);
#3236=EDGE_CURVE('',#2607,#2608,#905,.T.);
#3237=EDGE_CURVE('',#2606,#2608,#906,.T.);
#3238=EDGE_CURVE('',#2609,#2605,#199,.T.);
#3239=EDGE_CURVE('',#2609,#2610,#907,.T.);
#3240=EDGE_CURVE('',#2610,#2607,#200,.T.);
#3241=EDGE_CURVE('',#2611,#2609,#201,.T.);
#3242=EDGE_CURVE('',#2611,#2612,#908,.T.);
#3243=EDGE_CURVE('',#2612,#2610,#202,.T.);
#3244=EDGE_CURVE('',#2613,#2611,#203,.T.);
#3245=EDGE_CURVE('',#2613,#2614,#909,.T.);
#3246=EDGE_CURVE('',#2614,#2612,#204,.T.);
#3247=EDGE_CURVE('',#2615,#2613,#205,.T.);
#3248=EDGE_CURVE('',#2615,#2616,#910,.T.);
#3249=EDGE_CURVE('',#2616,#2614,#206,.T.);
#3250=EDGE_CURVE('',#2617,#2615,#911,.T.);
#3251=EDGE_CURVE('',#2617,#2618,#912,.T.);
#3252=EDGE_CURVE('',#2618,#2616,#913,.T.);
#3253=EDGE_CURVE('',#2606,#2617,#914,.T.);
#3254=EDGE_CURVE('',#2608,#2618,#915,.T.);
#3255=EDGE_CURVE('',#2390,#2619,#916,.T.);
#3256=EDGE_CURVE('',#2619,#2620,#207,.T.);
#3257=EDGE_CURVE('',#2391,#2620,#917,.T.);
#3258=EDGE_CURVE('',#2402,#2621,#918,.T.);
#3259=EDGE_CURVE('',#2621,#2619,#208,.T.);
#3260=EDGE_CURVE('',#2401,#2622,#919,.T.);
#3261=EDGE_CURVE('',#2622,#2621,#209,.T.);
#3262=EDGE_CURVE('',#2400,#2623,#920,.T.);
#3263=EDGE_CURVE('',#2623,#2622,#210,.T.);
#3264=EDGE_CURVE('',#2399,#2624,#921,.T.);
#3265=EDGE_CURVE('',#2624,#2623,#211,.T.);
#3266=EDGE_CURVE('',#2398,#2625,#922,.T.);
#3267=EDGE_CURVE('',#2625,#2624,#212,.T.);
#3268=EDGE_CURVE('',#2397,#2626,#923,.T.);
#3269=EDGE_CURVE('',#2626,#2625,#213,.T.);
#3270=EDGE_CURVE('',#2396,#2627,#924,.T.);
#3271=EDGE_CURVE('',#2627,#2626,#214,.T.);
#3272=EDGE_CURVE('',#2395,#2628,#925,.T.);
#3273=EDGE_CURVE('',#2628,#2627,#215,.T.);
#3274=EDGE_CURVE('',#2394,#2629,#926,.T.);
#3275=EDGE_CURVE('',#2629,#2628,#216,.T.);
#3276=EDGE_CURVE('',#2393,#2630,#927,.T.);
#3277=EDGE_CURVE('',#2630,#2629,#928,.T.);
#3278=EDGE_CURVE('',#2392,#2631,#929,.T.);
#3279=EDGE_CURVE('',#2631,#2630,#930,.T.);
#3280=EDGE_CURVE('',#2620,#2631,#931,.T.);
#3281=EDGE_CURVE('',#2632,#2633,#247,.T.);
#3282=EDGE_CURVE('',#2632,#2634,#932,.T.);
#3283=EDGE_CURVE('',#2634,#2635,#248,.T.);
#3284=EDGE_CURVE('',#2633,#2635,#933,.T.);
#3285=EDGE_CURVE('',#2633,#2636,#249,.T.);
#3286=EDGE_CURVE('',#2635,#2637,#250,.T.);
#3287=EDGE_CURVE('',#2636,#2637,#934,.T.);
#3288=EDGE_CURVE('',#2636,#2638,#251,.T.);
#3289=EDGE_CURVE('',#2637,#2639,#252,.T.);
#3290=EDGE_CURVE('',#2638,#2639,#935,.T.);
#3291=EDGE_CURVE('',#2638,#2640,#253,.T.);
#3292=EDGE_CURVE('',#2639,#2641,#254,.T.);
#3293=EDGE_CURVE('',#2640,#2641,#936,.T.);
#3294=EDGE_CURVE('',#2640,#2642,#255,.T.);
#3295=EDGE_CURVE('',#2641,#2643,#256,.T.);
#3296=EDGE_CURVE('',#2642,#2643,#937,.T.);
#3297=EDGE_CURVE('',#2642,#2644,#257,.T.);
#3298=EDGE_CURVE('',#2643,#2645,#258,.T.);
#3299=EDGE_CURVE('',#2644,#2645,#938,.T.);
#3300=EDGE_CURVE('',#2644,#2646,#259,.T.);
#3301=EDGE_CURVE('',#2645,#2647,#260,.T.);
#3302=EDGE_CURVE('',#2646,#2647,#939,.T.);
#3303=EDGE_CURVE('',#2646,#2648,#261,.T.);
#3304=EDGE_CURVE('',#2647,#2649,#262,.T.);
#3305=EDGE_CURVE('',#2648,#2649,#940,.T.);
#3306=EDGE_CURVE('',#2648,#2650,#263,.T.);
#3307=EDGE_CURVE('',#2649,#2651,#264,.T.);
#3308=EDGE_CURVE('',#2650,#2651,#941,.T.);
#3309=EDGE_CURVE('',#2650,#2652,#265,.T.);
#3310=EDGE_CURVE('',#2651,#2653,#266,.T.);
#3311=EDGE_CURVE('',#2652,#2653,#942,.T.);
#3312=EDGE_CURVE('',#2652,#2654,#943,.T.);
#3313=EDGE_CURVE('',#2653,#2655,#944,.T.);
#3314=EDGE_CURVE('',#2654,#2655,#945,.T.);
#3315=EDGE_CURVE('',#2363,#2656,#946,.T.);
#3316=EDGE_CURVE('',#2656,#2657,#267,.T.);
#3317=EDGE_CURVE('',#2364,#2657,#947,.T.);
#3318=EDGE_CURVE('',#2657,#2658,#268,.T.);
#3319=EDGE_CURVE('',#2365,#2658,#948,.T.);
#3320=EDGE_CURVE('',#2658,#2659,#269,.T.);
#3321=EDGE_CURVE('',#2366,#2659,#949,.T.);
#3322=EDGE_CURVE('',#2659,#2660,#270,.T.);
#3323=EDGE_CURVE('',#2367,#2660,#950,.T.);
#3324=EDGE_CURVE('',#2660,#2661,#271,.T.);
#3325=EDGE_CURVE('',#2368,#2661,#951,.T.);
#3326=EDGE_CURVE('',#2661,#2662,#272,.T.);
#3327=EDGE_CURVE('',#2369,#2662,#952,.T.);
#3328=EDGE_CURVE('',#2662,#2663,#273,.T.);
#3329=EDGE_CURVE('',#2370,#2663,#953,.T.);
#3330=EDGE_CURVE('',#2663,#2664,#274,.T.);
#3331=EDGE_CURVE('',#2371,#2664,#954,.T.);
#3332=EDGE_CURVE('',#2664,#2665,#275,.T.);
#3333=EDGE_CURVE('',#2372,#2665,#955,.T.);
#3334=EDGE_CURVE('',#2665,#2666,#276,.T.);
#3335=EDGE_CURVE('',#2373,#2666,#956,.T.);
#3336=EDGE_CURVE('',#2666,#2667,#277,.T.);
#3337=EDGE_CURVE('',#2374,#2667,#957,.T.);
#3338=EDGE_CURVE('',#2667,#2668,#278,.T.);
#3339=EDGE_CURVE('',#2375,#2668,#958,.T.);
#3340=EDGE_CURVE('',#2668,#2669,#279,.T.);
#3341=EDGE_CURVE('',#2376,#2669,#959,.T.);
#3342=EDGE_CURVE('',#2669,#2670,#280,.T.);
#3343=EDGE_CURVE('',#2377,#2670,#960,.T.);
#3344=EDGE_CURVE('',#2670,#2671,#281,.T.);
#3345=EDGE_CURVE('',#2348,#2671,#961,.T.);
#3346=EDGE_CURVE('',#2672,#2632,#282,.T.);
#3347=EDGE_CURVE('',#2672,#2673,#962,.T.);
#3348=EDGE_CURVE('',#2673,#2634,#283,.T.);
#3349=EDGE_CURVE('',#2674,#2672,#284,.T.);
#3350=EDGE_CURVE('',#2674,#2675,#963,.T.);
#3351=EDGE_CURVE('',#2675,#2673,#285,.T.);
#3352=EDGE_CURVE('',#2676,#2674,#286,.T.);
#3353=EDGE_CURVE('',#2676,#2677,#964,.T.);
#3354=EDGE_CURVE('',#2677,#2675,#287,.T.);
#3355=EDGE_CURVE('',#2678,#2676,#288,.T.);
#3356=EDGE_CURVE('',#2678,#2679,#965,.T.);
#3357=EDGE_CURVE('',#2679,#2677,#289,.T.);
#3358=EDGE_CURVE('',#2680,#2678,#290,.T.);
#3359=EDGE_CURVE('',#2680,#2681,#966,.T.);
#3360=EDGE_CURVE('',#2681,#2679,#291,.T.);
#3361=EDGE_CURVE('',#2682,#2680,#292,.T.);
#3362=EDGE_CURVE('',#2682,#2683,#967,.T.);
#3363=EDGE_CURVE('',#2683,#2681,#293,.T.);
#3364=EDGE_CURVE('',#2684,#2682,#294,.T.);
#3365=EDGE_CURVE('',#2684,#2685,#968,.T.);
#3366=EDGE_CURVE('',#2685,#2683,#295,.T.);
#3367=EDGE_CURVE('',#2686,#2684,#296,.T.);
#3368=EDGE_CURVE('',#2686,#2687,#969,.T.);
#3369=EDGE_CURVE('',#2687,#2685,#297,.T.);
#3370=EDGE_CURVE('',#2688,#2686,#298,.T.);
#3371=EDGE_CURVE('',#2688,#2689,#970,.T.);
#3372=EDGE_CURVE('',#2689,#2687,#299,.T.);
#3373=EDGE_CURVE('',#2690,#2688,#300,.T.);
#3374=EDGE_CURVE('',#2690,#2691,#971,.T.);
#3375=EDGE_CURVE('',#2691,#2689,#301,.T.);
#3376=EDGE_CURVE('',#2654,#2690,#972,.T.);
#3377=EDGE_CURVE('',#2655,#2691,#973,.T.);
#3378=EDGE_CURVE('',#2362,#2692,#974,.T.);
#3379=EDGE_CURVE('',#2692,#2656,#302,.T.);
#3380=EDGE_CURVE('',#2361,#2693,#975,.T.);
#3381=EDGE_CURVE('',#2693,#2692,#303,.T.);
#3382=EDGE_CURVE('',#2360,#2694,#976,.T.);
#3383=EDGE_CURVE('',#2694,#2693,#304,.T.);
#3384=EDGE_CURVE('',#2359,#2695,#977,.T.);
#3385=EDGE_CURVE('',#2695,#2694,#305,.T.);
#3386=EDGE_CURVE('',#2358,#2696,#978,.T.);
#3387=EDGE_CURVE('',#2696,#2695,#306,.T.);
#3388=EDGE_CURVE('',#2357,#2697,#979,.T.);
#3389=EDGE_CURVE('',#2697,#2696,#307,.T.);
#3390=EDGE_CURVE('',#2356,#2698,#980,.T.);
#3391=EDGE_CURVE('',#2698,#2697,#308,.T.);
#3392=EDGE_CURVE('',#2355,#2699,#981,.T.);
#3393=EDGE_CURVE('',#2699,#2698,#309,.T.);
#3394=EDGE_CURVE('',#2354,#2700,#982,.T.);
#3395=EDGE_CURVE('',#2700,#2699,#310,.T.);
#3396=EDGE_CURVE('',#2353,#2701,#983,.T.);
#3397=EDGE_CURVE('',#2701,#2700,#311,.T.);
#3398=EDGE_CURVE('',#2352,#2702,#984,.T.);
#3399=EDGE_CURVE('',#2702,#2701,#312,.T.);
#3400=EDGE_CURVE('',#2351,#2703,#985,.T.);
#3401=EDGE_CURVE('',#2703,#2702,#313,.T.);
#3402=EDGE_CURVE('',#2350,#2704,#986,.T.);
#3403=EDGE_CURVE('',#2704,#2703,#314,.T.);
#3404=EDGE_CURVE('',#2349,#2705,#987,.T.);
#3405=EDGE_CURVE('',#2705,#2704,#315,.T.);
#3406=EDGE_CURVE('',#2671,#2705,#316,.T.);
#3407=EDGE_CURVE('',#2297,#2489,#988,.T.);
#3408=EDGE_CURVE('',#2494,#2307,#989,.T.);
#3409=EDGE_CURVE('',#2305,#2493,#990,.T.);
#3410=EDGE_CURVE('',#2492,#2303,#991,.T.);
#3411=EDGE_CURVE('',#2301,#2491,#992,.T.);
#3412=EDGE_CURVE('',#2490,#2299,#993,.T.);
#3413=EDGE_CURVE('',#2531,#2381,#994,.T.);
#3414=EDGE_CURVE('',#2706,#2707,#995,.T.);
#3415=EDGE_CURVE('',#2708,#2707,#996,.T.);
#3416=EDGE_CURVE('',#2708,#2709,#997,.T.);
#3417=EDGE_CURVE('',#2709,#2706,#998,.T.);
#3418=EDGE_CURVE('',#2710,#2707,#999,.T.);
#3419=EDGE_CURVE('',#2711,#2710,#1000,.T.);
#3420=EDGE_CURVE('',#2708,#2711,#1001,.T.);
#3421=EDGE_CURVE('',#2709,#2712,#1002,.T.);
#3422=EDGE_CURVE('',#2711,#2713,#1003,.T.);
#3423=EDGE_CURVE('',#2714,#2713,#1004,.T.);
#3424=EDGE_CURVE('',#2714,#2715,#1005,.T.);
#3425=EDGE_CURVE('',#2716,#2715,#1006,.T.);
#3426=EDGE_CURVE('',#2712,#2716,#1007,.T.);
#3427=EDGE_CURVE('',#2717,#2718,#1008,.T.);
#3428=EDGE_CURVE('',#2719,#2717,#1009,.T.);
#3429=EDGE_CURVE('',#2720,#2719,#1010,.T.);
#3430=EDGE_CURVE('',#2718,#2720,#1011,.T.);
#3431=EDGE_CURVE('',#2721,#2722,#1012,.T.);
#3432=EDGE_CURVE('',#2721,#2719,#1013,.T.);
#3433=EDGE_CURVE('',#2722,#2717,#1014,.T.);
#3434=EDGE_CURVE('',#2723,#2724,#1015,.T.);
#3435=EDGE_CURVE('',#2723,#2718,#1016,.T.);
#3436=EDGE_CURVE('',#2724,#2720,#1017,.T.);
#3437=EDGE_CURVE('',#2722,#2723,#1018,.T.);
#3438=EDGE_CURVE('',#2724,#2725,#1019,.T.);
#3439=EDGE_CURVE('',#2726,#2725,#1020,.T.);
#3440=EDGE_CURVE('',#2726,#2727,#1021,.T.);
#3441=EDGE_CURVE('',#2727,#2728,#1022,.T.);
#3442=EDGE_CURVE('',#2728,#2729,#1023,.T.);
#3443=EDGE_CURVE('',#2729,#2730,#1024,.T.);
#3444=EDGE_CURVE('',#2730,#2731,#1025,.T.);
#3445=EDGE_CURVE('',#2731,#2732,#1026,.T.);
#3446=EDGE_CURVE('',#2732,#2721,#1027,.T.);
#3447=EDGE_CURVE('',#2733,#2733,#2261,.T.);
#3448=EDGE_CURVE('',#2734,#2734,#2262,.T.);
#3449=EDGE_CURVE('',#2735,#2735,#2263,.T.);
#3450=EDGE_CURVE('',#2736,#2736,#2264,.T.);
#3451=EDGE_CURVE('',#2737,#2716,#2265,.T.);
#3452=EDGE_CURVE('',#2715,#2738,#2266,.T.);
#3453=EDGE_CURVE('',#2738,#2739,#1028,.T.);
#3454=EDGE_CURVE('',#2739,#2740,#2267,.T.);
#3455=EDGE_CURVE('',#2740,#2741,#1029,.T.);
#3456=EDGE_CURVE('',#2741,#2742,#2268,.T.);
#3457=EDGE_CURVE('',#2742,#2737,#1030,.T.);
#3458=EDGE_CURVE('',#2743,#2706,#1031,.T.);
#3459=EDGE_CURVE('',#2725,#2743,#1032,.T.);
#3460=EDGE_CURVE('',#2744,#2732,#1033,.T.);
#3461=EDGE_CURVE('',#2745,#2744,#1034,.T.);
#3462=EDGE_CURVE('',#2745,#2710,#1035,.T.);
#3463=EDGE_CURVE('',#2713,#2745,#1036,.T.);
#3464=EDGE_CURVE('',#2726,#2746,#1037,.T.);
#3465=EDGE_CURVE('',#2746,#2743,#1038,.T.);
#3466=EDGE_CURVE('',#2747,#2731,#1039,.T.);
#3467=EDGE_CURVE('',#2744,#2747,#1040,.T.);
#3468=EDGE_CURVE('',#2730,#2748,#1041,.T.);
#3469=EDGE_CURVE('',#2747,#2748,#1042,.T.);
#3470=EDGE_CURVE('',#2749,#2746,#1043,.T.);
#3471=EDGE_CURVE('',#2749,#2727,#1044,.T.);
#3472=EDGE_CURVE('',#2750,#2712,#2269,.T.);
#3473=EDGE_CURVE('',#2750,#2751,#1045,.T.);
#3474=EDGE_CURVE('',#2752,#2751,#2270,.T.);
#3475=EDGE_CURVE('',#2752,#2753,#1046,.T.);
#3476=EDGE_CURVE('',#2754,#2753,#2271,.T.);
#3477=EDGE_CURVE('',#2754,#2755,#1047,.T.);
#3478=EDGE_CURVE('',#2714,#2755,#2272,.T.);
#3479=EDGE_CURVE('',#2748,#2756,#1048,.T.);
#3480=EDGE_CURVE('',#2756,#2757,#1049,.T.);
#3481=EDGE_CURVE('',#2757,#2749,#1050,.T.);
#3482=EDGE_CURVE('',#2756,#2729,#1051,.T.);
#3483=EDGE_CURVE('',#2728,#2757,#1052,.T.);
#3484=EDGE_CURVE('',#2750,#2737,#1053,.T.);
#3485=EDGE_CURVE('',#2755,#2738,#1054,.T.);
#3486=EDGE_CURVE('',#2754,#2739,#1055,.T.);
#3487=EDGE_CURVE('',#2751,#2742,#1056,.T.);
#3488=EDGE_CURVE('',#2752,#2741,#1057,.T.);
#3489=EDGE_CURVE('',#2753,#2740,#1058,.T.);
#3490=EDGE_CURVE('',#2736,#2758,#1059,.T.);
#3491=EDGE_CURVE('',#2758,#2758,#2273,.T.);
#3492=EDGE_CURVE('',#2735,#2759,#1060,.T.);
#3493=EDGE_CURVE('',#2759,#2759,#2274,.T.);
#3494=EDGE_CURVE('',#2734,#2760,#1061,.T.);
#3495=EDGE_CURVE('',#2760,#2760,#2275,.T.);
#3496=EDGE_CURVE('',#2733,#2761,#1062,.T.);
#3497=EDGE_CURVE('',#2761,#2761,#2276,.T.);
#3498=ORIENTED_EDGE('',*,*,#2762,.F.);
#3499=ORIENTED_EDGE('',*,*,#2763,.T.);
#3500=ORIENTED_EDGE('',*,*,#2764,.T.);
#3501=ORIENTED_EDGE('',*,*,#2765,.T.);
#3502=ORIENTED_EDGE('',*,*,#2766,.F.);
#3503=ORIENTED_EDGE('',*,*,#2767,.T.);
#3504=ORIENTED_EDGE('',*,*,#2764,.F.);
#3505=ORIENTED_EDGE('',*,*,#2768,.T.);
#3506=ORIENTED_EDGE('',*,*,#2763,.F.);
#3507=ORIENTED_EDGE('',*,*,#2769,.T.);
#3508=ORIENTED_EDGE('',*,*,#2770,.T.);
#3509=ORIENTED_EDGE('',*,*,#2771,.F.);
#3510=ORIENTED_EDGE('',*,*,#2772,.T.);
#3511=ORIENTED_EDGE('',*,*,#2773,.T.);
#3512=ORIENTED_EDGE('',*,*,#2774,.T.);
#3513=ORIENTED_EDGE('',*,*,#2775,.F.);
#3514=ORIENTED_EDGE('',*,*,#2776,.T.);
#3515=ORIENTED_EDGE('',*,*,#2773,.F.);
#3516=ORIENTED_EDGE('',*,*,#2777,.T.);
#3517=ORIENTED_EDGE('',*,*,#2776,.F.);
#3518=ORIENTED_EDGE('',*,*,#2778,.T.);
#3519=ORIENTED_EDGE('',*,*,#2779,.T.);
#3520=ORIENTED_EDGE('',*,*,#2780,.T.);
#3521=ORIENTED_EDGE('',*,*,#2765,.F.);
#3522=ORIENTED_EDGE('',*,*,#2781,.T.);
#3523=ORIENTED_EDGE('',*,*,#2779,.F.);
#3524=ORIENTED_EDGE('',*,*,#2782,.T.);
#3525=ORIENTED_EDGE('',*,*,#2767,.F.);
#3526=ORIENTED_EDGE('',*,*,#2783,.F.);
#3527=ORIENTED_EDGE('',*,*,#2774,.F.);
#3528=ORIENTED_EDGE('',*,*,#2780,.F.);
#3529=ORIENTED_EDGE('',*,*,#2781,.F.);
#3530=ORIENTED_EDGE('',*,*,#2784,.T.);
#3531=ORIENTED_EDGE('',*,*,#2785,.T.);
#3532=ORIENTED_EDGE('',*,*,#2786,.T.);
#3533=ORIENTED_EDGE('',*,*,#2787,.T.);
#3534=ORIENTED_EDGE('',*,*,#2788,.T.);
#3535=ORIENTED_EDGE('',*,*,#2789,.T.);
#3536=ORIENTED_EDGE('',*,*,#2784,.F.);
#3537=ORIENTED_EDGE('',*,*,#2790,.T.);
#3538=ORIENTED_EDGE('',*,*,#2791,.T.);
#3539=ORIENTED_EDGE('',*,*,#2792,.T.);
#3540=ORIENTED_EDGE('',*,*,#2788,.F.);
#3541=ORIENTED_EDGE('',*,*,#2793,.T.);
#3542=ORIENTED_EDGE('',*,*,#2794,.T.);
#3543=ORIENTED_EDGE('',*,*,#2795,.T.);
#3544=ORIENTED_EDGE('',*,*,#2791,.F.);
#3545=ORIENTED_EDGE('',*,*,#2796,.T.);
#3546=ORIENTED_EDGE('',*,*,#2797,.T.);
#3547=ORIENTED_EDGE('',*,*,#2798,.T.);
#3548=ORIENTED_EDGE('',*,*,#2794,.F.);
#3549=ORIENTED_EDGE('',*,*,#2799,.T.);
#3550=ORIENTED_EDGE('',*,*,#2800,.T.);
#3551=ORIENTED_EDGE('',*,*,#2801,.T.);
#3552=ORIENTED_EDGE('',*,*,#2797,.F.);
#3553=ORIENTED_EDGE('',*,*,#2802,.T.);
#3554=ORIENTED_EDGE('',*,*,#2803,.T.);
#3555=ORIENTED_EDGE('',*,*,#2804,.T.);
#3556=ORIENTED_EDGE('',*,*,#2800,.F.);
#3557=ORIENTED_EDGE('',*,*,#2805,.T.);
#3558=ORIENTED_EDGE('',*,*,#2806,.T.);
#3559=ORIENTED_EDGE('',*,*,#2807,.T.);
#3560=ORIENTED_EDGE('',*,*,#2803,.F.);
#3561=ORIENTED_EDGE('',*,*,#2808,.T.);
#3562=ORIENTED_EDGE('',*,*,#2809,.T.);
#3563=ORIENTED_EDGE('',*,*,#2810,.T.);
#3564=ORIENTED_EDGE('',*,*,#2806,.F.);
#3565=ORIENTED_EDGE('',*,*,#2811,.T.);
#3566=ORIENTED_EDGE('',*,*,#2812,.T.);
#3567=ORIENTED_EDGE('',*,*,#2811,.F.);
#3568=ORIENTED_EDGE('',*,*,#2808,.F.);
#3569=ORIENTED_EDGE('',*,*,#2805,.F.);
#3570=ORIENTED_EDGE('',*,*,#2802,.F.);
#3571=ORIENTED_EDGE('',*,*,#2799,.F.);
#3572=ORIENTED_EDGE('',*,*,#2796,.F.);
#3573=ORIENTED_EDGE('',*,*,#2793,.F.);
#3574=ORIENTED_EDGE('',*,*,#2790,.F.);
#3575=ORIENTED_EDGE('',*,*,#2787,.F.);
#3576=ORIENTED_EDGE('',*,*,#2813,.T.);
#3577=ORIENTED_EDGE('',*,*,#2771,.T.);
#3578=ORIENTED_EDGE('',*,*,#2783,.T.);
#3579=ORIENTED_EDGE('',*,*,#2766,.T.);
#3580=ORIENTED_EDGE('',*,*,#2814,.T.);
#3581=ORIENTED_EDGE('',*,*,#2815,.T.);
#3582=ORIENTED_EDGE('',*,*,#2816,.T.);
#3583=ORIENTED_EDGE('',*,*,#2817,.T.);
#3584=ORIENTED_EDGE('',*,*,#2818,.T.);
#3585=ORIENTED_EDGE('',*,*,#2819,.T.);
#3586=ORIENTED_EDGE('',*,*,#2820,.T.);
#3587=ORIENTED_EDGE('',*,*,#2821,.T.);
#3588=ORIENTED_EDGE('',*,*,#2822,.T.);
#3589=ORIENTED_EDGE('',*,*,#2823,.T.);
#3590=ORIENTED_EDGE('',*,*,#2824,.T.);
#3591=ORIENTED_EDGE('',*,*,#2825,.T.);
#3592=ORIENTED_EDGE('',*,*,#2826,.T.);
#3593=ORIENTED_EDGE('',*,*,#2827,.T.);
#3594=ORIENTED_EDGE('',*,*,#2828,.T.);
#3595=ORIENTED_EDGE('',*,*,#2829,.T.);
#3596=ORIENTED_EDGE('',*,*,#2830,.T.);
#3597=ORIENTED_EDGE('',*,*,#2831,.T.);
#3598=ORIENTED_EDGE('',*,*,#2832,.T.);
#3599=ORIENTED_EDGE('',*,*,#2833,.T.);
#3600=ORIENTED_EDGE('',*,*,#2834,.T.);
#3601=ORIENTED_EDGE('',*,*,#2835,.T.);
#3602=ORIENTED_EDGE('',*,*,#2836,.T.);
#3603=ORIENTED_EDGE('',*,*,#2837,.T.);
#3604=ORIENTED_EDGE('',*,*,#2838,.T.);
#3605=ORIENTED_EDGE('',*,*,#2839,.T.);
#3606=ORIENTED_EDGE('',*,*,#2840,.T.);
#3607=ORIENTED_EDGE('',*,*,#2841,.T.);
#3608=ORIENTED_EDGE('',*,*,#2842,.T.);
#3609=ORIENTED_EDGE('',*,*,#2843,.T.);
#3610=ORIENTED_EDGE('',*,*,#2844,.T.);
#3611=ORIENTED_EDGE('',*,*,#2845,.T.);
#3612=ORIENTED_EDGE('',*,*,#2846,.T.);
#3613=ORIENTED_EDGE('',*,*,#2847,.T.);
#3614=ORIENTED_EDGE('',*,*,#2848,.T.);
#3615=ORIENTED_EDGE('',*,*,#2849,.T.);
#3616=ORIENTED_EDGE('',*,*,#2850,.T.);
#3617=ORIENTED_EDGE('',*,*,#2851,.T.);
#3618=ORIENTED_EDGE('',*,*,#2852,.T.);
#3619=ORIENTED_EDGE('',*,*,#2853,.T.);
#3620=ORIENTED_EDGE('',*,*,#2854,.T.);
#3621=ORIENTED_EDGE('',*,*,#2855,.T.);
#3622=ORIENTED_EDGE('',*,*,#2856,.T.);
#3623=ORIENTED_EDGE('',*,*,#2857,.T.);
#3624=ORIENTED_EDGE('',*,*,#2858,.T.);
#3625=ORIENTED_EDGE('',*,*,#2859,.T.);
#3626=ORIENTED_EDGE('',*,*,#2860,.T.);
#3627=ORIENTED_EDGE('',*,*,#2861,.T.);
#3628=ORIENTED_EDGE('',*,*,#2862,.T.);
#3629=ORIENTED_EDGE('',*,*,#2863,.T.);
#3630=ORIENTED_EDGE('',*,*,#2864,.T.);
#3631=ORIENTED_EDGE('',*,*,#2865,.T.);
#3632=ORIENTED_EDGE('',*,*,#2866,.T.);
#3633=ORIENTED_EDGE('',*,*,#2867,.T.);
#3634=ORIENTED_EDGE('',*,*,#2868,.T.);
#3635=ORIENTED_EDGE('',*,*,#2869,.T.);
#3636=ORIENTED_EDGE('',*,*,#2870,.T.);
#3637=ORIENTED_EDGE('',*,*,#2871,.T.);
#3638=ORIENTED_EDGE('',*,*,#2872,.T.);
#3639=ORIENTED_EDGE('',*,*,#2873,.T.);
#3640=ORIENTED_EDGE('',*,*,#2874,.T.);
#3641=ORIENTED_EDGE('',*,*,#2875,.T.);
#3642=ORIENTED_EDGE('',*,*,#2876,.T.);
#3643=ORIENTED_EDGE('',*,*,#2877,.T.);
#3644=ORIENTED_EDGE('',*,*,#2878,.T.);
#3645=ORIENTED_EDGE('',*,*,#2879,.T.);
#3646=ORIENTED_EDGE('',*,*,#2880,.F.);
#3647=ORIENTED_EDGE('',*,*,#2881,.T.);
#3648=ORIENTED_EDGE('',*,*,#2882,.T.);
#3649=ORIENTED_EDGE('',*,*,#2883,.T.);
#3650=ORIENTED_EDGE('',*,*,#2884,.T.);
#3651=ORIENTED_EDGE('',*,*,#2885,.T.);
#3652=ORIENTED_EDGE('',*,*,#2886,.T.);
#3653=ORIENTED_EDGE('',*,*,#2887,.T.);
#3654=ORIENTED_EDGE('',*,*,#2888,.T.);
#3655=ORIENTED_EDGE('',*,*,#2889,.T.);
#3656=ORIENTED_EDGE('',*,*,#2890,.T.);
#3657=ORIENTED_EDGE('',*,*,#2891,.F.);
#3658=ORIENTED_EDGE('',*,*,#2892,.T.);
#3659=ORIENTED_EDGE('',*,*,#2893,.T.);
#3660=ORIENTED_EDGE('',*,*,#2894,.T.);
#3661=ORIENTED_EDGE('',*,*,#2895,.T.);
#3662=ORIENTED_EDGE('',*,*,#2896,.T.);
#3663=ORIENTED_EDGE('',*,*,#2897,.T.);
#3664=ORIENTED_EDGE('',*,*,#2898,.T.);
#3665=ORIENTED_EDGE('',*,*,#2899,.T.);
#3666=ORIENTED_EDGE('',*,*,#2900,.T.);
#3667=ORIENTED_EDGE('',*,*,#2901,.T.);
#3668=ORIENTED_EDGE('',*,*,#2902,.T.);
#3669=ORIENTED_EDGE('',*,*,#2903,.T.);
#3670=ORIENTED_EDGE('',*,*,#2904,.T.);
#3671=ORIENTED_EDGE('',*,*,#2905,.T.);
#3672=ORIENTED_EDGE('',*,*,#2906,.T.);
#3673=ORIENTED_EDGE('',*,*,#2907,.T.);
#3674=ORIENTED_EDGE('',*,*,#2908,.T.);
#3675=ORIENTED_EDGE('',*,*,#2909,.T.);
#3676=ORIENTED_EDGE('',*,*,#2910,.T.);
#3677=ORIENTED_EDGE('',*,*,#2911,.T.);
#3678=ORIENTED_EDGE('',*,*,#2912,.T.);
#3679=ORIENTED_EDGE('',*,*,#2913,.T.);
#3680=ORIENTED_EDGE('',*,*,#2914,.T.);
#3681=ORIENTED_EDGE('',*,*,#2915,.T.);
#3682=ORIENTED_EDGE('',*,*,#2916,.T.);
#3683=ORIENTED_EDGE('',*,*,#2917,.T.);
#3684=ORIENTED_EDGE('',*,*,#2918,.T.);
#3685=ORIENTED_EDGE('',*,*,#2919,.T.);
#3686=ORIENTED_EDGE('',*,*,#2920,.T.);
#3687=ORIENTED_EDGE('',*,*,#2921,.T.);
#3688=ORIENTED_EDGE('',*,*,#2922,.T.);
#3689=ORIENTED_EDGE('',*,*,#2923,.T.);
#3690=ORIENTED_EDGE('',*,*,#2924,.T.);
#3691=ORIENTED_EDGE('',*,*,#2925,.T.);
#3692=ORIENTED_EDGE('',*,*,#2926,.T.);
#3693=ORIENTED_EDGE('',*,*,#2927,.T.);
#3694=ORIENTED_EDGE('',*,*,#2928,.T.);
#3695=ORIENTED_EDGE('',*,*,#2929,.T.);
#3696=ORIENTED_EDGE('',*,*,#2930,.T.);
#3697=ORIENTED_EDGE('',*,*,#2931,.T.);
#3698=ORIENTED_EDGE('',*,*,#2932,.T.);
#3699=ORIENTED_EDGE('',*,*,#2933,.T.);
#3700=ORIENTED_EDGE('',*,*,#2934,.T.);
#3701=ORIENTED_EDGE('',*,*,#2935,.T.);
#3702=ORIENTED_EDGE('',*,*,#2936,.T.);
#3703=ORIENTED_EDGE('',*,*,#2937,.T.);
#3704=ORIENTED_EDGE('',*,*,#2938,.T.);
#3705=ORIENTED_EDGE('',*,*,#2939,.T.);
#3706=ORIENTED_EDGE('',*,*,#2940,.T.);
#3707=ORIENTED_EDGE('',*,*,#2941,.T.);
#3708=ORIENTED_EDGE('',*,*,#2942,.T.);
#3709=ORIENTED_EDGE('',*,*,#2943,.T.);
#3710=ORIENTED_EDGE('',*,*,#2944,.T.);
#3711=ORIENTED_EDGE('',*,*,#2945,.T.);
#3712=ORIENTED_EDGE('',*,*,#2946,.T.);
#3713=ORIENTED_EDGE('',*,*,#2947,.T.);
#3714=ORIENTED_EDGE('',*,*,#2948,.T.);
#3715=ORIENTED_EDGE('',*,*,#2949,.T.);
#3716=ORIENTED_EDGE('',*,*,#2950,.T.);
#3717=ORIENTED_EDGE('',*,*,#2951,.T.);
#3718=ORIENTED_EDGE('',*,*,#2952,.T.);
#3719=ORIENTED_EDGE('',*,*,#2953,.T.);
#3720=ORIENTED_EDGE('',*,*,#2954,.T.);
#3721=ORIENTED_EDGE('',*,*,#2955,.T.);
#3722=ORIENTED_EDGE('',*,*,#2956,.T.);
#3723=ORIENTED_EDGE('',*,*,#2957,.T.);
#3724=ORIENTED_EDGE('',*,*,#2958,.T.);
#3725=ORIENTED_EDGE('',*,*,#2959,.T.);
#3726=ORIENTED_EDGE('',*,*,#2960,.T.);
#3727=ORIENTED_EDGE('',*,*,#2961,.T.);
#3728=ORIENTED_EDGE('',*,*,#2962,.T.);
#3729=ORIENTED_EDGE('',*,*,#2963,.T.);
#3730=ORIENTED_EDGE('',*,*,#2964,.T.);
#3731=ORIENTED_EDGE('',*,*,#2965,.T.);
#3732=ORIENTED_EDGE('',*,*,#2966,.T.);
#3733=ORIENTED_EDGE('',*,*,#2967,.T.);
#3734=ORIENTED_EDGE('',*,*,#2964,.F.);
#3735=ORIENTED_EDGE('',*,*,#2968,.T.);
#3736=ORIENTED_EDGE('',*,*,#2969,.T.);
#3737=ORIENTED_EDGE('',*,*,#2970,.T.);
#3738=ORIENTED_EDGE('',*,*,#2966,.F.);
#3739=ORIENTED_EDGE('',*,*,#2969,.F.);
#3740=ORIENTED_EDGE('',*,*,#2971,.T.);
#3741=ORIENTED_EDGE('',*,*,#2972,.T.);
#3742=ORIENTED_EDGE('',*,*,#2973,.T.);
#3743=ORIENTED_EDGE('',*,*,#2968,.F.);
#3744=ORIENTED_EDGE('',*,*,#2974,.T.);
#3745=ORIENTED_EDGE('',*,*,#2975,.T.);
#3746=ORIENTED_EDGE('',*,*,#2976,.F.);
#3747=ORIENTED_EDGE('',*,*,#2965,.F.);
#3748=ORIENTED_EDGE('',*,*,#2977,.T.);
#3749=ORIENTED_EDGE('',*,*,#2978,.F.);
#3750=ORIENTED_EDGE('',*,*,#2974,.F.);
#3751=ORIENTED_EDGE('',*,*,#2963,.F.);
#3752=ORIENTED_EDGE('',*,*,#2979,.F.);
#3753=ORIENTED_EDGE('',*,*,#2980,.F.);
#3754=ORIENTED_EDGE('',*,*,#2977,.F.);
#3755=ORIENTED_EDGE('',*,*,#2762,.T.);
#3756=ORIENTED_EDGE('',*,*,#2981,.T.);
#3757=ORIENTED_EDGE('',*,*,#2982,.T.);
#3758=ORIENTED_EDGE('',*,*,#2983,.T.);
#3759=ORIENTED_EDGE('',*,*,#2983,.F.);
#3760=ORIENTED_EDGE('',*,*,#2984,.F.);
#3761=ORIENTED_EDGE('',*,*,#2809,.F.);
#3762=ORIENTED_EDGE('',*,*,#2812,.F.);
#3763=ORIENTED_EDGE('',*,*,#2768,.F.);
#3764=ORIENTED_EDGE('',*,*,#2770,.F.);
#3765=ORIENTED_EDGE('',*,*,#2769,.F.);
#3766=ORIENTED_EDGE('',*,*,#2984,.T.);
#3767=ORIENTED_EDGE('',*,*,#2982,.F.);
#3768=ORIENTED_EDGE('',*,*,#2985,.F.);
#3769=ORIENTED_EDGE('',*,*,#2986,.F.);
#3770=ORIENTED_EDGE('',*,*,#2987,.F.);
#3771=ORIENTED_EDGE('',*,*,#2988,.F.);
#3772=ORIENTED_EDGE('',*,*,#2785,.F.);
#3773=ORIENTED_EDGE('',*,*,#2989,.F.);
#3774=ORIENTED_EDGE('',*,*,#2990,.F.);
#3775=ORIENTED_EDGE('',*,*,#2961,.F.);
#3776=ORIENTED_EDGE('',*,*,#2967,.F.);
#3777=ORIENTED_EDGE('',*,*,#2970,.F.);
#3778=ORIENTED_EDGE('',*,*,#2973,.F.);
#3779=ORIENTED_EDGE('',*,*,#2991,.F.);
#3780=ORIENTED_EDGE('',*,*,#2992,.F.);
#3781=ORIENTED_EDGE('',*,*,#2810,.F.);
#3782=ORIENTED_EDGE('',*,*,#2775,.T.);
#3783=ORIENTED_EDGE('',*,*,#2993,.T.);
#3784=ORIENTED_EDGE('',*,*,#2987,.T.);
#3785=ORIENTED_EDGE('',*,*,#2994,.T.);
#3786=ORIENTED_EDGE('',*,*,#2993,.F.);
#3787=ORIENTED_EDGE('',*,*,#2777,.F.);
#3788=ORIENTED_EDGE('',*,*,#2772,.F.);
#3789=ORIENTED_EDGE('',*,*,#2813,.F.);
#3790=ORIENTED_EDGE('',*,*,#2786,.F.);
#3791=ORIENTED_EDGE('',*,*,#2988,.T.);
#3792=ORIENTED_EDGE('',*,*,#2995,.T.);
#3793=ORIENTED_EDGE('',*,*,#2885,.F.);
#3794=ORIENTED_EDGE('',*,*,#2996,.T.);
#3795=ORIENTED_EDGE('',*,*,#2997,.F.);
#3796=ORIENTED_EDGE('',*,*,#2998,.F.);
#3797=ORIENTED_EDGE('',*,*,#2999,.F.);
#3798=ORIENTED_EDGE('',*,*,#2996,.F.);
#3799=ORIENTED_EDGE('',*,*,#2884,.F.);
#3800=ORIENTED_EDGE('',*,*,#2998,.T.);
#3801=ORIENTED_EDGE('',*,*,#2891,.T.);
#3802=ORIENTED_EDGE('',*,*,#3000,.F.);
#3803=ORIENTED_EDGE('',*,*,#3001,.T.);
#3804=ORIENTED_EDGE('',*,*,#3002,.T.);
#3805=ORIENTED_EDGE('',*,*,#2888,.F.);
#3806=ORIENTED_EDGE('',*,*,#3003,.T.);
#3807=ORIENTED_EDGE('',*,*,#3004,.F.);
#3808=ORIENTED_EDGE('',*,*,#3005,.F.);
#3809=ORIENTED_EDGE('',*,*,#3006,.F.);
#3810=ORIENTED_EDGE('',*,*,#3003,.F.);
#3811=ORIENTED_EDGE('',*,*,#2887,.F.);
#3812=ORIENTED_EDGE('',*,*,#3000,.T.);
#3813=ORIENTED_EDGE('',*,*,#2890,.F.);
#3814=ORIENTED_EDGE('',*,*,#3007,.F.);
#3815=ORIENTED_EDGE('',*,*,#3008,.T.);
#3816=ORIENTED_EDGE('',*,*,#2981,.F.);
#3817=ORIENTED_EDGE('',*,*,#2782,.F.);
#3818=ORIENTED_EDGE('',*,*,#3009,.F.);
#3819=ORIENTED_EDGE('',*,*,#2985,.T.);
#3820=ORIENTED_EDGE('',*,*,#2994,.F.);
#3821=ORIENTED_EDGE('',*,*,#2986,.T.);
#3822=ORIENTED_EDGE('',*,*,#3009,.T.);
#3823=ORIENTED_EDGE('',*,*,#2778,.F.);
#3824=ORIENTED_EDGE('',*,*,#2972,.F.);
#3825=ORIENTED_EDGE('',*,*,#3010,.T.);
#3826=ORIENTED_EDGE('',*,*,#3011,.T.);
#3827=ORIENTED_EDGE('',*,*,#2979,.T.);
#3828=ORIENTED_EDGE('',*,*,#2962,.F.);
#3829=ORIENTED_EDGE('',*,*,#2990,.T.);
#3830=ORIENTED_EDGE('',*,*,#3012,.F.);
#3831=ORIENTED_EDGE('',*,*,#3013,.T.);
#3832=ORIENTED_EDGE('',*,*,#3014,.F.);
#3833=ORIENTED_EDGE('',*,*,#3015,.F.);
#3834=ORIENTED_EDGE('',*,*,#3016,.F.);
#3835=ORIENTED_EDGE('',*,*,#3017,.T.);
#3836=ORIENTED_EDGE('',*,*,#3018,.F.);
#3837=ORIENTED_EDGE('',*,*,#2991,.T.);
#3838=ORIENTED_EDGE('',*,*,#3019,.T.);
#3839=ORIENTED_EDGE('',*,*,#3020,.T.);
#3840=ORIENTED_EDGE('',*,*,#3021,.T.);
#3841=ORIENTED_EDGE('',*,*,#3022,.T.);
#3842=ORIENTED_EDGE('',*,*,#3023,.T.);
#3843=ORIENTED_EDGE('',*,*,#3024,.T.);
#3844=ORIENTED_EDGE('',*,*,#3025,.T.);
#3845=ORIENTED_EDGE('',*,*,#3026,.T.);
#3846=ORIENTED_EDGE('',*,*,#3027,.T.);
#3847=ORIENTED_EDGE('',*,*,#3028,.T.);
#3848=ORIENTED_EDGE('',*,*,#3029,.T.);
#3849=ORIENTED_EDGE('',*,*,#3030,.T.);
#3850=ORIENTED_EDGE('',*,*,#3031,.T.);
#3851=ORIENTED_EDGE('',*,*,#3032,.T.);
#3852=ORIENTED_EDGE('',*,*,#3033,.T.);
#3853=ORIENTED_EDGE('',*,*,#3034,.T.);
#3854=ORIENTED_EDGE('',*,*,#3035,.T.);
#3855=ORIENTED_EDGE('',*,*,#3036,.T.);
#3856=ORIENTED_EDGE('',*,*,#3037,.T.);
#3857=ORIENTED_EDGE('',*,*,#3038,.T.);
#3858=ORIENTED_EDGE('',*,*,#3039,.T.);
#3859=ORIENTED_EDGE('',*,*,#3040,.T.);
#3860=ORIENTED_EDGE('',*,*,#3041,.T.);
#3861=ORIENTED_EDGE('',*,*,#3042,.T.);
#3862=ORIENTED_EDGE('',*,*,#3043,.T.);
#3863=ORIENTED_EDGE('',*,*,#3044,.T.);
#3864=ORIENTED_EDGE('',*,*,#3045,.T.);
#3865=ORIENTED_EDGE('',*,*,#3046,.T.);
#3866=ORIENTED_EDGE('',*,*,#3047,.T.);
#3867=ORIENTED_EDGE('',*,*,#3048,.T.);
#3868=ORIENTED_EDGE('',*,*,#3049,.T.);
#3869=ORIENTED_EDGE('',*,*,#3050,.T.);
#3870=ORIENTED_EDGE('',*,*,#3051,.T.);
#3871=ORIENTED_EDGE('',*,*,#3052,.T.);
#3872=ORIENTED_EDGE('',*,*,#3053,.T.);
#3873=ORIENTED_EDGE('',*,*,#3054,.T.);
#3874=ORIENTED_EDGE('',*,*,#3055,.F.);
#3875=ORIENTED_EDGE('',*,*,#3056,.F.);
#3876=ORIENTED_EDGE('',*,*,#3057,.F.);
#3877=ORIENTED_EDGE('',*,*,#3058,.F.);
#3878=ORIENTED_EDGE('',*,*,#3059,.F.);
#3879=ORIENTED_EDGE('',*,*,#3060,.F.);
#3880=ORIENTED_EDGE('',*,*,#3061,.F.);
#3881=ORIENTED_EDGE('',*,*,#3062,.F.);
#3882=ORIENTED_EDGE('',*,*,#2999,.T.);
#3883=ORIENTED_EDGE('',*,*,#3001,.F.);
#3884=ORIENTED_EDGE('',*,*,#3008,.F.);
#3885=ORIENTED_EDGE('',*,*,#3063,.F.);
#3886=ORIENTED_EDGE('',*,*,#3004,.T.);
#3887=ORIENTED_EDGE('',*,*,#3006,.T.);
#3888=ORIENTED_EDGE('',*,*,#3064,.F.);
#3889=ORIENTED_EDGE('',*,*,#2997,.T.);
#3890=ORIENTED_EDGE('',*,*,#2980,.T.);
#3891=ORIENTED_EDGE('',*,*,#3011,.F.);
#3892=ORIENTED_EDGE('',*,*,#3065,.F.);
#3893=ORIENTED_EDGE('',*,*,#2975,.F.);
#3894=ORIENTED_EDGE('',*,*,#2978,.T.);
#3895=ORIENTED_EDGE('',*,*,#2971,.F.);
#3896=ORIENTED_EDGE('',*,*,#2976,.T.);
#3897=ORIENTED_EDGE('',*,*,#3065,.T.);
#3898=ORIENTED_EDGE('',*,*,#3010,.F.);
#3899=ORIENTED_EDGE('',*,*,#3058,.T.);
#3900=ORIENTED_EDGE('',*,*,#3066,.F.);
#3901=ORIENTED_EDGE('',*,*,#2880,.T.);
#3902=ORIENTED_EDGE('',*,*,#3067,.F.);
#3903=ORIENTED_EDGE('',*,*,#3066,.T.);
#3904=ORIENTED_EDGE('',*,*,#3057,.T.);
#3905=ORIENTED_EDGE('',*,*,#3068,.T.);
#3906=ORIENTED_EDGE('',*,*,#2881,.F.);
#3907=ORIENTED_EDGE('',*,*,#3021,.F.);
#3908=ORIENTED_EDGE('',*,*,#3069,.T.);
#3909=ORIENTED_EDGE('',*,*,#2816,.F.);
#3910=ORIENTED_EDGE('',*,*,#3070,.F.);
#3911=ORIENTED_EDGE('',*,*,#3022,.F.);
#3912=ORIENTED_EDGE('',*,*,#3070,.T.);
#3913=ORIENTED_EDGE('',*,*,#2815,.F.);
#3914=ORIENTED_EDGE('',*,*,#3071,.F.);
#3915=ORIENTED_EDGE('',*,*,#3019,.F.);
#3916=ORIENTED_EDGE('',*,*,#3071,.T.);
#3917=ORIENTED_EDGE('',*,*,#2814,.F.);
#3918=ORIENTED_EDGE('',*,*,#3072,.F.);
#3919=ORIENTED_EDGE('',*,*,#3020,.F.);
#3920=ORIENTED_EDGE('',*,*,#3072,.T.);
#3921=ORIENTED_EDGE('',*,*,#2817,.F.);
#3922=ORIENTED_EDGE('',*,*,#3069,.F.);
#3923=ORIENTED_EDGE('',*,*,#3025,.F.);
#3924=ORIENTED_EDGE('',*,*,#3073,.T.);
#3925=ORIENTED_EDGE('',*,*,#2820,.F.);
#3926=ORIENTED_EDGE('',*,*,#3074,.F.);
#3927=ORIENTED_EDGE('',*,*,#3026,.F.);
#3928=ORIENTED_EDGE('',*,*,#3074,.T.);
#3929=ORIENTED_EDGE('',*,*,#2819,.F.);
#3930=ORIENTED_EDGE('',*,*,#3075,.F.);
#3931=ORIENTED_EDGE('',*,*,#3023,.F.);
#3932=ORIENTED_EDGE('',*,*,#3075,.T.);
#3933=ORIENTED_EDGE('',*,*,#2818,.F.);
#3934=ORIENTED_EDGE('',*,*,#3076,.F.);
#3935=ORIENTED_EDGE('',*,*,#3024,.F.);
#3936=ORIENTED_EDGE('',*,*,#3076,.T.);
#3937=ORIENTED_EDGE('',*,*,#2821,.F.);
#3938=ORIENTED_EDGE('',*,*,#3073,.F.);
#3939=ORIENTED_EDGE('',*,*,#3029,.F.);
#3940=ORIENTED_EDGE('',*,*,#3077,.T.);
#3941=ORIENTED_EDGE('',*,*,#2824,.F.);
#3942=ORIENTED_EDGE('',*,*,#3078,.F.);
#3943=ORIENTED_EDGE('',*,*,#3030,.F.);
#3944=ORIENTED_EDGE('',*,*,#3078,.T.);
#3945=ORIENTED_EDGE('',*,*,#2823,.F.);
#3946=ORIENTED_EDGE('',*,*,#3079,.F.);
#3947=ORIENTED_EDGE('',*,*,#3027,.F.);
#3948=ORIENTED_EDGE('',*,*,#3079,.T.);
#3949=ORIENTED_EDGE('',*,*,#2822,.F.);
#3950=ORIENTED_EDGE('',*,*,#3080,.F.);
#3951=ORIENTED_EDGE('',*,*,#3028,.F.);
#3952=ORIENTED_EDGE('',*,*,#3080,.T.);
#3953=ORIENTED_EDGE('',*,*,#2825,.F.);
#3954=ORIENTED_EDGE('',*,*,#3077,.F.);
#3955=ORIENTED_EDGE('',*,*,#3033,.F.);
#3956=ORIENTED_EDGE('',*,*,#3081,.T.);
#3957=ORIENTED_EDGE('',*,*,#2828,.F.);
#3958=ORIENTED_EDGE('',*,*,#3082,.F.);
#3959=ORIENTED_EDGE('',*,*,#3034,.F.);
#3960=ORIENTED_EDGE('',*,*,#3082,.T.);
#3961=ORIENTED_EDGE('',*,*,#2827,.F.);
#3962=ORIENTED_EDGE('',*,*,#3083,.F.);
#3963=ORIENTED_EDGE('',*,*,#3031,.F.);
#3964=ORIENTED_EDGE('',*,*,#3083,.T.);
#3965=ORIENTED_EDGE('',*,*,#2826,.F.);
#3966=ORIENTED_EDGE('',*,*,#3084,.F.);
#3967=ORIENTED_EDGE('',*,*,#3032,.F.);
#3968=ORIENTED_EDGE('',*,*,#3084,.T.);
#3969=ORIENTED_EDGE('',*,*,#2829,.F.);
#3970=ORIENTED_EDGE('',*,*,#3081,.F.);
#3971=ORIENTED_EDGE('',*,*,#3037,.F.);
#3972=ORIENTED_EDGE('',*,*,#3085,.T.);
#3973=ORIENTED_EDGE('',*,*,#2832,.F.);
#3974=ORIENTED_EDGE('',*,*,#3086,.F.);
#3975=ORIENTED_EDGE('',*,*,#3038,.F.);
#3976=ORIENTED_EDGE('',*,*,#3086,.T.);
#3977=ORIENTED_EDGE('',*,*,#2831,.F.);
#3978=ORIENTED_EDGE('',*,*,#3087,.F.);
#3979=ORIENTED_EDGE('',*,*,#3035,.F.);
#3980=ORIENTED_EDGE('',*,*,#3087,.T.);
#3981=ORIENTED_EDGE('',*,*,#2830,.F.);
#3982=ORIENTED_EDGE('',*,*,#3088,.F.);
#3983=ORIENTED_EDGE('',*,*,#3036,.F.);
#3984=ORIENTED_EDGE('',*,*,#3088,.T.);
#3985=ORIENTED_EDGE('',*,*,#2833,.F.);
#3986=ORIENTED_EDGE('',*,*,#3085,.F.);
#3987=ORIENTED_EDGE('',*,*,#3041,.F.);
#3988=ORIENTED_EDGE('',*,*,#3089,.T.);
#3989=ORIENTED_EDGE('',*,*,#2836,.F.);
#3990=ORIENTED_EDGE('',*,*,#3090,.F.);
#3991=ORIENTED_EDGE('',*,*,#3042,.F.);
#3992=ORIENTED_EDGE('',*,*,#3090,.T.);
#3993=ORIENTED_EDGE('',*,*,#2835,.F.);
#3994=ORIENTED_EDGE('',*,*,#3091,.F.);
#3995=ORIENTED_EDGE('',*,*,#3039,.F.);
#3996=ORIENTED_EDGE('',*,*,#3091,.T.);
#3997=ORIENTED_EDGE('',*,*,#2834,.F.);
#3998=ORIENTED_EDGE('',*,*,#3092,.F.);
#3999=ORIENTED_EDGE('',*,*,#3040,.F.);
#4000=ORIENTED_EDGE('',*,*,#3092,.T.);
#4001=ORIENTED_EDGE('',*,*,#2837,.F.);
#4002=ORIENTED_EDGE('',*,*,#3089,.F.);
#4003=ORIENTED_EDGE('',*,*,#3045,.F.);
#4004=ORIENTED_EDGE('',*,*,#3093,.T.);
#4005=ORIENTED_EDGE('',*,*,#2840,.F.);
#4006=ORIENTED_EDGE('',*,*,#3094,.F.);
#4007=ORIENTED_EDGE('',*,*,#3046,.F.);
#4008=ORIENTED_EDGE('',*,*,#3094,.T.);
#4009=ORIENTED_EDGE('',*,*,#2839,.F.);
#4010=ORIENTED_EDGE('',*,*,#3095,.F.);
#4011=ORIENTED_EDGE('',*,*,#3043,.F.);
#4012=ORIENTED_EDGE('',*,*,#3095,.T.);
#4013=ORIENTED_EDGE('',*,*,#2838,.F.);
#4014=ORIENTED_EDGE('',*,*,#3096,.F.);
#4015=ORIENTED_EDGE('',*,*,#3044,.F.);
#4016=ORIENTED_EDGE('',*,*,#3096,.T.);
#4017=ORIENTED_EDGE('',*,*,#2841,.F.);
#4018=ORIENTED_EDGE('',*,*,#3093,.F.);
#4019=ORIENTED_EDGE('',*,*,#3049,.F.);
#4020=ORIENTED_EDGE('',*,*,#3097,.T.);
#4021=ORIENTED_EDGE('',*,*,#2844,.F.);
#4022=ORIENTED_EDGE('',*,*,#3098,.F.);
#4023=ORIENTED_EDGE('',*,*,#3050,.F.);
#4024=ORIENTED_EDGE('',*,*,#3098,.T.);
#4025=ORIENTED_EDGE('',*,*,#2843,.F.);
#4026=ORIENTED_EDGE('',*,*,#3099,.F.);
#4027=ORIENTED_EDGE('',*,*,#3047,.F.);
#4028=ORIENTED_EDGE('',*,*,#3099,.T.);
#4029=ORIENTED_EDGE('',*,*,#2842,.F.);
#4030=ORIENTED_EDGE('',*,*,#3100,.F.);
#4031=ORIENTED_EDGE('',*,*,#3048,.F.);
#4032=ORIENTED_EDGE('',*,*,#3100,.T.);
#4033=ORIENTED_EDGE('',*,*,#2845,.F.);
#4034=ORIENTED_EDGE('',*,*,#3097,.F.);
#4035=ORIENTED_EDGE('',*,*,#3053,.F.);
#4036=ORIENTED_EDGE('',*,*,#3101,.T.);
#4037=ORIENTED_EDGE('',*,*,#2848,.F.);
#4038=ORIENTED_EDGE('',*,*,#3102,.F.);
#4039=ORIENTED_EDGE('',*,*,#3054,.F.);
#4040=ORIENTED_EDGE('',*,*,#3102,.T.);
#4041=ORIENTED_EDGE('',*,*,#2847,.F.);
#4042=ORIENTED_EDGE('',*,*,#3103,.F.);
#4043=ORIENTED_EDGE('',*,*,#3051,.F.);
#4044=ORIENTED_EDGE('',*,*,#3103,.T.);
#4045=ORIENTED_EDGE('',*,*,#2846,.F.);
#4046=ORIENTED_EDGE('',*,*,#3104,.F.);
#4047=ORIENTED_EDGE('',*,*,#3052,.F.);
#4048=ORIENTED_EDGE('',*,*,#3104,.T.);
#4049=ORIENTED_EDGE('',*,*,#2849,.F.);
#4050=ORIENTED_EDGE('',*,*,#3101,.F.);
#4051=ORIENTED_EDGE('',*,*,#3062,.T.);
#4052=ORIENTED_EDGE('',*,*,#3105,.T.);
#4053=ORIENTED_EDGE('',*,*,#2960,.F.);
#4054=ORIENTED_EDGE('',*,*,#3105,.F.);
#4055=ORIENTED_EDGE('',*,*,#3061,.T.);
#4056=ORIENTED_EDGE('',*,*,#3106,.T.);
#4057=ORIENTED_EDGE('',*,*,#2959,.F.);
#4058=ORIENTED_EDGE('',*,*,#3106,.F.);
#4059=ORIENTED_EDGE('',*,*,#3060,.T.);
#4060=ORIENTED_EDGE('',*,*,#3107,.T.);
#4061=ORIENTED_EDGE('',*,*,#2958,.F.);
#4062=ORIENTED_EDGE('',*,*,#3107,.F.);
#4063=ORIENTED_EDGE('',*,*,#3059,.T.);
#4064=ORIENTED_EDGE('',*,*,#3108,.T.);
#4065=ORIENTED_EDGE('',*,*,#2957,.F.);
#4066=ORIENTED_EDGE('',*,*,#3108,.F.);
#4067=ORIENTED_EDGE('',*,*,#2945,.F.);
#4068=ORIENTED_EDGE('',*,*,#3109,.T.);
#4069=ORIENTED_EDGE('',*,*,#3110,.T.);
#4070=ORIENTED_EDGE('',*,*,#3111,.F.);
#4071=ORIENTED_EDGE('',*,*,#2956,.F.);
#4072=ORIENTED_EDGE('',*,*,#3112,.T.);
#4073=ORIENTED_EDGE('',*,*,#3113,.T.);
#4074=ORIENTED_EDGE('',*,*,#3109,.F.);
#4075=ORIENTED_EDGE('',*,*,#2955,.F.);
#4076=ORIENTED_EDGE('',*,*,#3114,.T.);
#4077=ORIENTED_EDGE('',*,*,#3115,.T.);
#4078=ORIENTED_EDGE('',*,*,#3112,.F.);
#4079=ORIENTED_EDGE('',*,*,#2954,.F.);
#4080=ORIENTED_EDGE('',*,*,#3116,.T.);
#4081=ORIENTED_EDGE('',*,*,#3117,.T.);
#4082=ORIENTED_EDGE('',*,*,#3114,.F.);
#4083=ORIENTED_EDGE('',*,*,#2953,.F.);
#4084=ORIENTED_EDGE('',*,*,#3118,.T.);
#4085=ORIENTED_EDGE('',*,*,#3119,.T.);
#4086=ORIENTED_EDGE('',*,*,#3116,.F.);
#4087=ORIENTED_EDGE('',*,*,#2952,.F.);
#4088=ORIENTED_EDGE('',*,*,#3120,.T.);
#4089=ORIENTED_EDGE('',*,*,#3121,.T.);
#4090=ORIENTED_EDGE('',*,*,#3118,.F.);
#4091=ORIENTED_EDGE('',*,*,#2951,.F.);
#4092=ORIENTED_EDGE('',*,*,#3122,.T.);
#4093=ORIENTED_EDGE('',*,*,#3123,.T.);
#4094=ORIENTED_EDGE('',*,*,#3120,.F.);
#4095=ORIENTED_EDGE('',*,*,#2950,.F.);
#4096=ORIENTED_EDGE('',*,*,#3124,.T.);
#4097=ORIENTED_EDGE('',*,*,#3125,.T.);
#4098=ORIENTED_EDGE('',*,*,#3122,.F.);
#4099=ORIENTED_EDGE('',*,*,#2949,.F.);
#4100=ORIENTED_EDGE('',*,*,#3126,.T.);
#4101=ORIENTED_EDGE('',*,*,#3127,.T.);
#4102=ORIENTED_EDGE('',*,*,#3124,.F.);
#4103=ORIENTED_EDGE('',*,*,#2948,.F.);
#4104=ORIENTED_EDGE('',*,*,#3128,.T.);
#4105=ORIENTED_EDGE('',*,*,#3129,.T.);
#4106=ORIENTED_EDGE('',*,*,#3126,.F.);
#4107=ORIENTED_EDGE('',*,*,#2947,.F.);
#4108=ORIENTED_EDGE('',*,*,#3130,.T.);
#4109=ORIENTED_EDGE('',*,*,#3131,.T.);
#4110=ORIENTED_EDGE('',*,*,#3128,.F.);
#4111=ORIENTED_EDGE('',*,*,#2946,.F.);
#4112=ORIENTED_EDGE('',*,*,#3111,.T.);
#4113=ORIENTED_EDGE('',*,*,#3132,.T.);
#4114=ORIENTED_EDGE('',*,*,#3130,.F.);
#4115=ORIENTED_EDGE('',*,*,#3132,.F.);
#4116=ORIENTED_EDGE('',*,*,#3110,.F.);
#4117=ORIENTED_EDGE('',*,*,#3113,.F.);
#4118=ORIENTED_EDGE('',*,*,#3115,.F.);
#4119=ORIENTED_EDGE('',*,*,#3117,.F.);
#4120=ORIENTED_EDGE('',*,*,#3119,.F.);
#4121=ORIENTED_EDGE('',*,*,#3121,.F.);
#4122=ORIENTED_EDGE('',*,*,#3123,.F.);
#4123=ORIENTED_EDGE('',*,*,#3125,.F.);
#4124=ORIENTED_EDGE('',*,*,#3127,.F.);
#4125=ORIENTED_EDGE('',*,*,#3129,.F.);
#4126=ORIENTED_EDGE('',*,*,#3131,.F.);
#4127=ORIENTED_EDGE('',*,*,#2933,.F.);
#4128=ORIENTED_EDGE('',*,*,#3133,.T.);
#4129=ORIENTED_EDGE('',*,*,#3134,.T.);
#4130=ORIENTED_EDGE('',*,*,#3135,.F.);
#4131=ORIENTED_EDGE('',*,*,#2944,.F.);
#4132=ORIENTED_EDGE('',*,*,#3136,.T.);
#4133=ORIENTED_EDGE('',*,*,#3137,.T.);
#4134=ORIENTED_EDGE('',*,*,#3133,.F.);
#4135=ORIENTED_EDGE('',*,*,#2943,.F.);
#4136=ORIENTED_EDGE('',*,*,#3138,.T.);
#4137=ORIENTED_EDGE('',*,*,#3139,.T.);
#4138=ORIENTED_EDGE('',*,*,#3136,.F.);
#4139=ORIENTED_EDGE('',*,*,#2942,.F.);
#4140=ORIENTED_EDGE('',*,*,#3140,.T.);
#4141=ORIENTED_EDGE('',*,*,#3141,.T.);
#4142=ORIENTED_EDGE('',*,*,#3138,.F.);
#4143=ORIENTED_EDGE('',*,*,#2941,.F.);
#4144=ORIENTED_EDGE('',*,*,#3142,.T.);
#4145=ORIENTED_EDGE('',*,*,#3143,.T.);
#4146=ORIENTED_EDGE('',*,*,#3140,.F.);
#4147=ORIENTED_EDGE('',*,*,#2940,.F.);
#4148=ORIENTED_EDGE('',*,*,#3144,.T.);
#4149=ORIENTED_EDGE('',*,*,#3145,.T.);
#4150=ORIENTED_EDGE('',*,*,#3142,.F.);
#4151=ORIENTED_EDGE('',*,*,#2939,.F.);
#4152=ORIENTED_EDGE('',*,*,#3146,.T.);
#4153=ORIENTED_EDGE('',*,*,#3147,.T.);
#4154=ORIENTED_EDGE('',*,*,#3144,.F.);
#4155=ORIENTED_EDGE('',*,*,#2938,.F.);
#4156=ORIENTED_EDGE('',*,*,#3148,.T.);
#4157=ORIENTED_EDGE('',*,*,#3149,.T.);
#4158=ORIENTED_EDGE('',*,*,#3146,.F.);
#4159=ORIENTED_EDGE('',*,*,#2937,.F.);
#4160=ORIENTED_EDGE('',*,*,#3150,.T.);
#4161=ORIENTED_EDGE('',*,*,#3151,.T.);
#4162=ORIENTED_EDGE('',*,*,#3148,.F.);
#4163=ORIENTED_EDGE('',*,*,#2936,.F.);
#4164=ORIENTED_EDGE('',*,*,#3152,.T.);
#4165=ORIENTED_EDGE('',*,*,#3153,.T.);
#4166=ORIENTED_EDGE('',*,*,#3150,.F.);
#4167=ORIENTED_EDGE('',*,*,#2935,.F.);
#4168=ORIENTED_EDGE('',*,*,#3154,.T.);
#4169=ORIENTED_EDGE('',*,*,#3155,.T.);
#4170=ORIENTED_EDGE('',*,*,#3152,.F.);
#4171=ORIENTED_EDGE('',*,*,#2934,.F.);
#4172=ORIENTED_EDGE('',*,*,#3135,.T.);
#4173=ORIENTED_EDGE('',*,*,#3156,.T.);
#4174=ORIENTED_EDGE('',*,*,#3154,.F.);
#4175=ORIENTED_EDGE('',*,*,#3156,.F.);
#4176=ORIENTED_EDGE('',*,*,#3134,.F.);
#4177=ORIENTED_EDGE('',*,*,#3137,.F.);
#4178=ORIENTED_EDGE('',*,*,#3139,.F.);
#4179=ORIENTED_EDGE('',*,*,#3141,.F.);
#4180=ORIENTED_EDGE('',*,*,#3143,.F.);
#4181=ORIENTED_EDGE('',*,*,#3145,.F.);
#4182=ORIENTED_EDGE('',*,*,#3147,.F.);
#4183=ORIENTED_EDGE('',*,*,#3149,.F.);
#4184=ORIENTED_EDGE('',*,*,#3151,.F.);
#4185=ORIENTED_EDGE('',*,*,#3153,.F.);
#4186=ORIENTED_EDGE('',*,*,#3155,.F.);
#4187=ORIENTED_EDGE('',*,*,#2921,.F.);
#4188=ORIENTED_EDGE('',*,*,#3157,.T.);
#4189=ORIENTED_EDGE('',*,*,#3158,.T.);
#4190=ORIENTED_EDGE('',*,*,#3159,.F.);
#4191=ORIENTED_EDGE('',*,*,#2932,.F.);
#4192=ORIENTED_EDGE('',*,*,#3160,.T.);
#4193=ORIENTED_EDGE('',*,*,#3161,.T.);
#4194=ORIENTED_EDGE('',*,*,#3157,.F.);
#4195=ORIENTED_EDGE('',*,*,#2931,.F.);
#4196=ORIENTED_EDGE('',*,*,#3162,.T.);
#4197=ORIENTED_EDGE('',*,*,#3163,.T.);
#4198=ORIENTED_EDGE('',*,*,#3160,.F.);
#4199=ORIENTED_EDGE('',*,*,#2930,.F.);
#4200=ORIENTED_EDGE('',*,*,#3164,.T.);
#4201=ORIENTED_EDGE('',*,*,#3165,.T.);
#4202=ORIENTED_EDGE('',*,*,#3162,.F.);
#4203=ORIENTED_EDGE('',*,*,#2929,.F.);
#4204=ORIENTED_EDGE('',*,*,#3166,.T.);
#4205=ORIENTED_EDGE('',*,*,#3167,.T.);
#4206=ORIENTED_EDGE('',*,*,#3164,.F.);
#4207=ORIENTED_EDGE('',*,*,#2928,.F.);
#4208=ORIENTED_EDGE('',*,*,#3168,.T.);
#4209=ORIENTED_EDGE('',*,*,#3169,.T.);
#4210=ORIENTED_EDGE('',*,*,#3166,.F.);
#4211=ORIENTED_EDGE('',*,*,#2927,.F.);
#4212=ORIENTED_EDGE('',*,*,#3170,.T.);
#4213=ORIENTED_EDGE('',*,*,#3171,.T.);
#4214=ORIENTED_EDGE('',*,*,#3168,.F.);
#4215=ORIENTED_EDGE('',*,*,#2926,.F.);
#4216=ORIENTED_EDGE('',*,*,#3172,.T.);
#4217=ORIENTED_EDGE('',*,*,#3173,.T.);
#4218=ORIENTED_EDGE('',*,*,#3170,.F.);
#4219=ORIENTED_EDGE('',*,*,#2925,.F.);
#4220=ORIENTED_EDGE('',*,*,#3174,.T.);
#4221=ORIENTED_EDGE('',*,*,#3175,.T.);
#4222=ORIENTED_EDGE('',*,*,#3172,.F.);
#4223=ORIENTED_EDGE('',*,*,#2924,.F.);
#4224=ORIENTED_EDGE('',*,*,#3176,.T.);
#4225=ORIENTED_EDGE('',*,*,#3177,.T.);
#4226=ORIENTED_EDGE('',*,*,#3174,.F.);
#4227=ORIENTED_EDGE('',*,*,#2923,.F.);
#4228=ORIENTED_EDGE('',*,*,#3178,.T.);
#4229=ORIENTED_EDGE('',*,*,#3179,.T.);
#4230=ORIENTED_EDGE('',*,*,#3176,.F.);
#4231=ORIENTED_EDGE('',*,*,#2922,.F.);
#4232=ORIENTED_EDGE('',*,*,#3159,.T.);
#4233=ORIENTED_EDGE('',*,*,#3180,.T.);
#4234=ORIENTED_EDGE('',*,*,#3178,.F.);
#4235=ORIENTED_EDGE('',*,*,#3180,.F.);
#4236=ORIENTED_EDGE('',*,*,#3158,.F.);
#4237=ORIENTED_EDGE('',*,*,#3161,.F.);
#4238=ORIENTED_EDGE('',*,*,#3163,.F.);
#4239=ORIENTED_EDGE('',*,*,#3165,.F.);
#4240=ORIENTED_EDGE('',*,*,#3167,.F.);
#4241=ORIENTED_EDGE('',*,*,#3169,.F.);
#4242=ORIENTED_EDGE('',*,*,#3171,.F.);
#4243=ORIENTED_EDGE('',*,*,#3173,.F.);
#4244=ORIENTED_EDGE('',*,*,#3175,.F.);
#4245=ORIENTED_EDGE('',*,*,#3177,.F.);
#4246=ORIENTED_EDGE('',*,*,#3179,.F.);
#4247=ORIENTED_EDGE('',*,*,#2915,.F.);
#4248=ORIENTED_EDGE('',*,*,#3181,.T.);
#4249=ORIENTED_EDGE('',*,*,#3182,.T.);
#4250=ORIENTED_EDGE('',*,*,#3183,.F.);
#4251=ORIENTED_EDGE('',*,*,#2920,.F.);
#4252=ORIENTED_EDGE('',*,*,#3184,.T.);
#4253=ORIENTED_EDGE('',*,*,#3185,.T.);
#4254=ORIENTED_EDGE('',*,*,#3181,.F.);
#4255=ORIENTED_EDGE('',*,*,#2919,.F.);
#4256=ORIENTED_EDGE('',*,*,#3186,.T.);
#4257=ORIENTED_EDGE('',*,*,#3187,.T.);
#4258=ORIENTED_EDGE('',*,*,#3184,.F.);
#4259=ORIENTED_EDGE('',*,*,#2918,.F.);
#4260=ORIENTED_EDGE('',*,*,#3188,.T.);
#4261=ORIENTED_EDGE('',*,*,#3189,.T.);
#4262=ORIENTED_EDGE('',*,*,#3186,.F.);
#4263=ORIENTED_EDGE('',*,*,#2917,.F.);
#4264=ORIENTED_EDGE('',*,*,#3190,.T.);
#4265=ORIENTED_EDGE('',*,*,#3191,.T.);
#4266=ORIENTED_EDGE('',*,*,#3188,.F.);
#4267=ORIENTED_EDGE('',*,*,#2916,.F.);
#4268=ORIENTED_EDGE('',*,*,#3183,.T.);
#4269=ORIENTED_EDGE('',*,*,#3192,.T.);
#4270=ORIENTED_EDGE('',*,*,#3190,.F.);
#4271=ORIENTED_EDGE('',*,*,#3192,.F.);
#4272=ORIENTED_EDGE('',*,*,#3182,.F.);
#4273=ORIENTED_EDGE('',*,*,#3185,.F.);
#4274=ORIENTED_EDGE('',*,*,#3187,.F.);
#4275=ORIENTED_EDGE('',*,*,#3189,.F.);
#4276=ORIENTED_EDGE('',*,*,#3191,.F.);
#4277=ORIENTED_EDGE('',*,*,#2911,.F.);
#4278=ORIENTED_EDGE('',*,*,#3193,.T.);
#4279=ORIENTED_EDGE('',*,*,#3194,.T.);
#4280=ORIENTED_EDGE('',*,*,#3195,.F.);
#4281=ORIENTED_EDGE('',*,*,#2914,.F.);
#4282=ORIENTED_EDGE('',*,*,#3196,.T.);
#4283=ORIENTED_EDGE('',*,*,#3197,.T.);
#4284=ORIENTED_EDGE('',*,*,#3193,.F.);
#4285=ORIENTED_EDGE('',*,*,#2913,.F.);
#4286=ORIENTED_EDGE('',*,*,#3198,.T.);
#4287=ORIENTED_EDGE('',*,*,#3199,.T.);
#4288=ORIENTED_EDGE('',*,*,#3196,.F.);
#4289=ORIENTED_EDGE('',*,*,#2912,.F.);
#4290=ORIENTED_EDGE('',*,*,#3195,.T.);
#4291=ORIENTED_EDGE('',*,*,#3200,.T.);
#4292=ORIENTED_EDGE('',*,*,#3198,.F.);
#4293=ORIENTED_EDGE('',*,*,#3200,.F.);
#4294=ORIENTED_EDGE('',*,*,#3194,.F.);
#4295=ORIENTED_EDGE('',*,*,#3197,.F.);
#4296=ORIENTED_EDGE('',*,*,#3199,.F.);
#4297=ORIENTED_EDGE('',*,*,#2905,.F.);
#4298=ORIENTED_EDGE('',*,*,#3201,.T.);
#4299=ORIENTED_EDGE('',*,*,#3202,.T.);
#4300=ORIENTED_EDGE('',*,*,#3203,.F.);
#4301=ORIENTED_EDGE('',*,*,#2910,.F.);
#4302=ORIENTED_EDGE('',*,*,#3204,.T.);
#4303=ORIENTED_EDGE('',*,*,#3205,.T.);
#4304=ORIENTED_EDGE('',*,*,#3201,.F.);
#4305=ORIENTED_EDGE('',*,*,#2909,.F.);
#4306=ORIENTED_EDGE('',*,*,#3206,.T.);
#4307=ORIENTED_EDGE('',*,*,#3207,.T.);
#4308=ORIENTED_EDGE('',*,*,#3204,.F.);
#4309=ORIENTED_EDGE('',*,*,#2908,.F.);
#4310=ORIENTED_EDGE('',*,*,#3208,.T.);
#4311=ORIENTED_EDGE('',*,*,#3209,.T.);
#4312=ORIENTED_EDGE('',*,*,#3206,.F.);
#4313=ORIENTED_EDGE('',*,*,#2907,.F.);
#4314=ORIENTED_EDGE('',*,*,#3210,.T.);
#4315=ORIENTED_EDGE('',*,*,#3211,.T.);
#4316=ORIENTED_EDGE('',*,*,#3208,.F.);
#4317=ORIENTED_EDGE('',*,*,#2906,.F.);
#4318=ORIENTED_EDGE('',*,*,#3203,.T.);
#4319=ORIENTED_EDGE('',*,*,#3212,.T.);
#4320=ORIENTED_EDGE('',*,*,#3210,.F.);
#4321=ORIENTED_EDGE('',*,*,#3212,.F.);
#4322=ORIENTED_EDGE('',*,*,#3202,.F.);
#4323=ORIENTED_EDGE('',*,*,#3205,.F.);
#4324=ORIENTED_EDGE('',*,*,#3207,.F.);
#4325=ORIENTED_EDGE('',*,*,#3209,.F.);
#4326=ORIENTED_EDGE('',*,*,#3211,.F.);
#4327=ORIENTED_EDGE('',*,*,#3213,.F.);
#4328=ORIENTED_EDGE('',*,*,#3214,.T.);
#4329=ORIENTED_EDGE('',*,*,#3215,.T.);
#4330=ORIENTED_EDGE('',*,*,#3216,.F.);
#4331=ORIENTED_EDGE('',*,*,#3217,.F.);
#4332=ORIENTED_EDGE('',*,*,#3218,.T.);
#4333=ORIENTED_EDGE('',*,*,#3219,.T.);
#4334=ORIENTED_EDGE('',*,*,#3214,.F.);
#4335=ORIENTED_EDGE('',*,*,#3220,.F.);
#4336=ORIENTED_EDGE('',*,*,#3221,.T.);
#4337=ORIENTED_EDGE('',*,*,#3222,.T.);
#4338=ORIENTED_EDGE('',*,*,#3218,.F.);
#4339=ORIENTED_EDGE('',*,*,#3223,.F.);
#4340=ORIENTED_EDGE('',*,*,#3224,.T.);
#4341=ORIENTED_EDGE('',*,*,#3225,.T.);
#4342=ORIENTED_EDGE('',*,*,#3221,.F.);
#4343=ORIENTED_EDGE('',*,*,#3226,.F.);
#4344=ORIENTED_EDGE('',*,*,#3227,.T.);
#4345=ORIENTED_EDGE('',*,*,#3228,.T.);
#4346=ORIENTED_EDGE('',*,*,#3224,.F.);
#4347=ORIENTED_EDGE('',*,*,#3229,.F.);
#4348=ORIENTED_EDGE('',*,*,#3230,.T.);
#4349=ORIENTED_EDGE('',*,*,#3231,.T.);
#4350=ORIENTED_EDGE('',*,*,#3227,.F.);
#4351=ORIENTED_EDGE('',*,*,#3232,.F.);
#4352=ORIENTED_EDGE('',*,*,#3216,.T.);
#4353=ORIENTED_EDGE('',*,*,#3233,.T.);
#4354=ORIENTED_EDGE('',*,*,#3230,.F.);
#4355=ORIENTED_EDGE('',*,*,#3234,.F.);
#4356=ORIENTED_EDGE('',*,*,#3235,.T.);
#4357=ORIENTED_EDGE('',*,*,#3236,.T.);
#4358=ORIENTED_EDGE('',*,*,#3237,.F.);
#4359=ORIENTED_EDGE('',*,*,#3238,.F.);
#4360=ORIENTED_EDGE('',*,*,#3239,.T.);
#4361=ORIENTED_EDGE('',*,*,#3240,.T.);
#4362=ORIENTED_EDGE('',*,*,#3235,.F.);
#4363=ORIENTED_EDGE('',*,*,#3241,.F.);
#4364=ORIENTED_EDGE('',*,*,#3242,.T.);
#4365=ORIENTED_EDGE('',*,*,#3243,.T.);
#4366=ORIENTED_EDGE('',*,*,#3239,.F.);
#4367=ORIENTED_EDGE('',*,*,#3244,.F.);
#4368=ORIENTED_EDGE('',*,*,#3245,.T.);
#4369=ORIENTED_EDGE('',*,*,#3246,.T.);
#4370=ORIENTED_EDGE('',*,*,#3242,.F.);
#4371=ORIENTED_EDGE('',*,*,#3247,.F.);
#4372=ORIENTED_EDGE('',*,*,#3248,.T.);
#4373=ORIENTED_EDGE('',*,*,#3249,.T.);
#4374=ORIENTED_EDGE('',*,*,#3245,.F.);
#4375=ORIENTED_EDGE('',*,*,#3250,.F.);
#4376=ORIENTED_EDGE('',*,*,#3251,.T.);
#4377=ORIENTED_EDGE('',*,*,#3252,.T.);
#4378=ORIENTED_EDGE('',*,*,#3248,.F.);
#4379=ORIENTED_EDGE('',*,*,#3253,.F.);
#4380=ORIENTED_EDGE('',*,*,#3237,.T.);
#4381=ORIENTED_EDGE('',*,*,#3254,.T.);
#4382=ORIENTED_EDGE('',*,*,#3251,.F.);
#4383=ORIENTED_EDGE('',*,*,#2892,.F.);
#4384=ORIENTED_EDGE('',*,*,#3255,.T.);
#4385=ORIENTED_EDGE('',*,*,#3256,.T.);
#4386=ORIENTED_EDGE('',*,*,#3257,.F.);
#4387=ORIENTED_EDGE('',*,*,#2904,.F.);
#4388=ORIENTED_EDGE('',*,*,#3258,.T.);
#4389=ORIENTED_EDGE('',*,*,#3259,.T.);
#4390=ORIENTED_EDGE('',*,*,#3255,.F.);
#4391=ORIENTED_EDGE('',*,*,#2903,.F.);
#4392=ORIENTED_EDGE('',*,*,#3260,.T.);
#4393=ORIENTED_EDGE('',*,*,#3261,.T.);
#4394=ORIENTED_EDGE('',*,*,#3258,.F.);
#4395=ORIENTED_EDGE('',*,*,#2902,.F.);
#4396=ORIENTED_EDGE('',*,*,#3262,.T.);
#4397=ORIENTED_EDGE('',*,*,#3263,.T.);
#4398=ORIENTED_EDGE('',*,*,#3260,.F.);
#4399=ORIENTED_EDGE('',*,*,#2901,.F.);
#4400=ORIENTED_EDGE('',*,*,#3264,.T.);
#4401=ORIENTED_EDGE('',*,*,#3265,.T.);
#4402=ORIENTED_EDGE('',*,*,#3262,.F.);
#4403=ORIENTED_EDGE('',*,*,#2900,.F.);
#4404=ORIENTED_EDGE('',*,*,#3266,.T.);
#4405=ORIENTED_EDGE('',*,*,#3267,.T.);
#4406=ORIENTED_EDGE('',*,*,#3264,.F.);
#4407=ORIENTED_EDGE('',*,*,#2899,.F.);
#4408=ORIENTED_EDGE('',*,*,#3268,.T.);
#4409=ORIENTED_EDGE('',*,*,#3269,.T.);
#4410=ORIENTED_EDGE('',*,*,#3266,.F.);
#4411=ORIENTED_EDGE('',*,*,#2898,.F.);
#4412=ORIENTED_EDGE('',*,*,#3270,.T.);
#4413=ORIENTED_EDGE('',*,*,#3271,.T.);
#4414=ORIENTED_EDGE('',*,*,#3268,.F.);
#4415=ORIENTED_EDGE('',*,*,#2897,.F.);
#4416=ORIENTED_EDGE('',*,*,#3272,.T.);
#4417=ORIENTED_EDGE('',*,*,#3273,.T.);
#4418=ORIENTED_EDGE('',*,*,#3270,.F.);
#4419=ORIENTED_EDGE('',*,*,#2896,.F.);
#4420=ORIENTED_EDGE('',*,*,#3274,.T.);
#4421=ORIENTED_EDGE('',*,*,#3275,.T.);
#4422=ORIENTED_EDGE('',*,*,#3272,.F.);
#4423=ORIENTED_EDGE('',*,*,#2895,.F.);
#4424=ORIENTED_EDGE('',*,*,#3276,.T.);
#4425=ORIENTED_EDGE('',*,*,#3277,.T.);
#4426=ORIENTED_EDGE('',*,*,#3274,.F.);
#4427=ORIENTED_EDGE('',*,*,#2894,.F.);
#4428=ORIENTED_EDGE('',*,*,#3278,.T.);
#4429=ORIENTED_EDGE('',*,*,#3279,.T.);
#4430=ORIENTED_EDGE('',*,*,#3276,.F.);
#4431=ORIENTED_EDGE('',*,*,#2893,.F.);
#4432=ORIENTED_EDGE('',*,*,#3257,.T.);
#4433=ORIENTED_EDGE('',*,*,#3280,.T.);
#4434=ORIENTED_EDGE('',*,*,#3278,.F.);
#4435=ORIENTED_EDGE('',*,*,#3280,.F.);
#4436=ORIENTED_EDGE('',*,*,#3256,.F.);
#4437=ORIENTED_EDGE('',*,*,#3259,.F.);
#4438=ORIENTED_EDGE('',*,*,#3261,.F.);
#4439=ORIENTED_EDGE('',*,*,#3263,.F.);
#4440=ORIENTED_EDGE('',*,*,#3265,.F.);
#4441=ORIENTED_EDGE('',*,*,#3267,.F.);
#4442=ORIENTED_EDGE('',*,*,#3269,.F.);
#4443=ORIENTED_EDGE('',*,*,#3271,.F.);
#4444=ORIENTED_EDGE('',*,*,#3273,.F.);
#4445=ORIENTED_EDGE('',*,*,#3275,.F.);
#4446=ORIENTED_EDGE('',*,*,#3277,.F.);
#4447=ORIENTED_EDGE('',*,*,#3279,.F.);
#4448=ORIENTED_EDGE('',*,*,#3254,.F.);
#4449=ORIENTED_EDGE('',*,*,#3236,.F.);
#4450=ORIENTED_EDGE('',*,*,#3240,.F.);
#4451=ORIENTED_EDGE('',*,*,#3243,.F.);
#4452=ORIENTED_EDGE('',*,*,#3246,.F.);
#4453=ORIENTED_EDGE('',*,*,#3249,.F.);
#4454=ORIENTED_EDGE('',*,*,#3252,.F.);
#4455=ORIENTED_EDGE('',*,*,#3233,.F.);
#4456=ORIENTED_EDGE('',*,*,#3215,.F.);
#4457=ORIENTED_EDGE('',*,*,#3219,.F.);
#4458=ORIENTED_EDGE('',*,*,#3222,.F.);
#4459=ORIENTED_EDGE('',*,*,#3225,.F.);
#4460=ORIENTED_EDGE('',*,*,#3228,.F.);
#4461=ORIENTED_EDGE('',*,*,#3231,.F.);
#4462=ORIENTED_EDGE('',*,*,#3234,.T.);
#4463=ORIENTED_EDGE('',*,*,#3253,.T.);
#4464=ORIENTED_EDGE('',*,*,#3250,.T.);
#4465=ORIENTED_EDGE('',*,*,#3247,.T.);
#4466=ORIENTED_EDGE('',*,*,#3244,.T.);
#4467=ORIENTED_EDGE('',*,*,#3241,.T.);
#4468=ORIENTED_EDGE('',*,*,#3238,.T.);
#4469=ORIENTED_EDGE('',*,*,#3281,.F.);
#4470=ORIENTED_EDGE('',*,*,#3282,.T.);
#4471=ORIENTED_EDGE('',*,*,#3283,.T.);
#4472=ORIENTED_EDGE('',*,*,#3284,.F.);
#4473=ORIENTED_EDGE('',*,*,#3285,.F.);
#4474=ORIENTED_EDGE('',*,*,#3284,.T.);
#4475=ORIENTED_EDGE('',*,*,#3286,.T.);
#4476=ORIENTED_EDGE('',*,*,#3287,.F.);
#4477=ORIENTED_EDGE('',*,*,#3288,.F.);
#4478=ORIENTED_EDGE('',*,*,#3287,.T.);
#4479=ORIENTED_EDGE('',*,*,#3289,.T.);
#4480=ORIENTED_EDGE('',*,*,#3290,.F.);
#4481=ORIENTED_EDGE('',*,*,#3291,.F.);
#4482=ORIENTED_EDGE('',*,*,#3290,.T.);
#4483=ORIENTED_EDGE('',*,*,#3292,.T.);
#4484=ORIENTED_EDGE('',*,*,#3293,.F.);
#4485=ORIENTED_EDGE('',*,*,#3294,.F.);
#4486=ORIENTED_EDGE('',*,*,#3293,.T.);
#4487=ORIENTED_EDGE('',*,*,#3295,.T.);
#4488=ORIENTED_EDGE('',*,*,#3296,.F.);
#4489=ORIENTED_EDGE('',*,*,#3297,.F.);
#4490=ORIENTED_EDGE('',*,*,#3296,.T.);
#4491=ORIENTED_EDGE('',*,*,#3298,.T.);
#4492=ORIENTED_EDGE('',*,*,#3299,.F.);
#4493=ORIENTED_EDGE('',*,*,#3300,.F.);
#4494=ORIENTED_EDGE('',*,*,#3299,.T.);
#4495=ORIENTED_EDGE('',*,*,#3301,.T.);
#4496=ORIENTED_EDGE('',*,*,#3302,.F.);
#4497=ORIENTED_EDGE('',*,*,#3303,.F.);
#4498=ORIENTED_EDGE('',*,*,#3302,.T.);
#4499=ORIENTED_EDGE('',*,*,#3304,.T.);
#4500=ORIENTED_EDGE('',*,*,#3305,.F.);
#4501=ORIENTED_EDGE('',*,*,#3306,.F.);
#4502=ORIENTED_EDGE('',*,*,#3305,.T.);
#4503=ORIENTED_EDGE('',*,*,#3307,.T.);
#4504=ORIENTED_EDGE('',*,*,#3308,.F.);
#4505=ORIENTED_EDGE('',*,*,#3309,.F.);
#4506=ORIENTED_EDGE('',*,*,#3308,.T.);
#4507=ORIENTED_EDGE('',*,*,#3310,.T.);
#4508=ORIENTED_EDGE('',*,*,#3311,.F.);
#4509=ORIENTED_EDGE('',*,*,#3312,.F.);
#4510=ORIENTED_EDGE('',*,*,#3311,.T.);
#4511=ORIENTED_EDGE('',*,*,#3313,.T.);
#4512=ORIENTED_EDGE('',*,*,#3314,.F.);
#4513=ORIENTED_EDGE('',*,*,#2865,.F.);
#4514=ORIENTED_EDGE('',*,*,#3315,.T.);
#4515=ORIENTED_EDGE('',*,*,#3316,.T.);
#4516=ORIENTED_EDGE('',*,*,#3317,.F.);
#4517=ORIENTED_EDGE('',*,*,#2866,.F.);
#4518=ORIENTED_EDGE('',*,*,#3317,.T.);
#4519=ORIENTED_EDGE('',*,*,#3318,.T.);
#4520=ORIENTED_EDGE('',*,*,#3319,.F.);
#4521=ORIENTED_EDGE('',*,*,#2867,.F.);
#4522=ORIENTED_EDGE('',*,*,#3319,.T.);
#4523=ORIENTED_EDGE('',*,*,#3320,.T.);
#4524=ORIENTED_EDGE('',*,*,#3321,.F.);
#4525=ORIENTED_EDGE('',*,*,#2868,.F.);
#4526=ORIENTED_EDGE('',*,*,#3321,.T.);
#4527=ORIENTED_EDGE('',*,*,#3322,.T.);
#4528=ORIENTED_EDGE('',*,*,#3323,.F.);
#4529=ORIENTED_EDGE('',*,*,#2869,.F.);
#4530=ORIENTED_EDGE('',*,*,#3323,.T.);
#4531=ORIENTED_EDGE('',*,*,#3324,.T.);
#4532=ORIENTED_EDGE('',*,*,#3325,.F.);
#4533=ORIENTED_EDGE('',*,*,#2870,.F.);
#4534=ORIENTED_EDGE('',*,*,#3325,.T.);
#4535=ORIENTED_EDGE('',*,*,#3326,.T.);
#4536=ORIENTED_EDGE('',*,*,#3327,.F.);
#4537=ORIENTED_EDGE('',*,*,#2871,.F.);
#4538=ORIENTED_EDGE('',*,*,#3327,.T.);
#4539=ORIENTED_EDGE('',*,*,#3328,.T.);
#4540=ORIENTED_EDGE('',*,*,#3329,.F.);
#4541=ORIENTED_EDGE('',*,*,#2872,.F.);
#4542=ORIENTED_EDGE('',*,*,#3329,.T.);
#4543=ORIENTED_EDGE('',*,*,#3330,.T.);
#4544=ORIENTED_EDGE('',*,*,#3331,.F.);
#4545=ORIENTED_EDGE('',*,*,#2873,.F.);
#4546=ORIENTED_EDGE('',*,*,#3331,.T.);
#4547=ORIENTED_EDGE('',*,*,#3332,.T.);
#4548=ORIENTED_EDGE('',*,*,#3333,.F.);
#4549=ORIENTED_EDGE('',*,*,#2874,.F.);
#4550=ORIENTED_EDGE('',*,*,#3333,.T.);
#4551=ORIENTED_EDGE('',*,*,#3334,.T.);
#4552=ORIENTED_EDGE('',*,*,#3335,.F.);
#4553=ORIENTED_EDGE('',*,*,#2875,.F.);
#4554=ORIENTED_EDGE('',*,*,#3335,.T.);
#4555=ORIENTED_EDGE('',*,*,#3336,.T.);
#4556=ORIENTED_EDGE('',*,*,#3337,.F.);
#4557=ORIENTED_EDGE('',*,*,#2876,.F.);
#4558=ORIENTED_EDGE('',*,*,#3337,.T.);
#4559=ORIENTED_EDGE('',*,*,#3338,.T.);
#4560=ORIENTED_EDGE('',*,*,#3339,.F.);
#4561=ORIENTED_EDGE('',*,*,#2877,.F.);
#4562=ORIENTED_EDGE('',*,*,#3339,.T.);
#4563=ORIENTED_EDGE('',*,*,#3340,.T.);
#4564=ORIENTED_EDGE('',*,*,#3341,.F.);
#4565=ORIENTED_EDGE('',*,*,#2878,.F.);
#4566=ORIENTED_EDGE('',*,*,#3341,.T.);
#4567=ORIENTED_EDGE('',*,*,#3342,.T.);
#4568=ORIENTED_EDGE('',*,*,#3343,.F.);
#4569=ORIENTED_EDGE('',*,*,#2879,.F.);
#4570=ORIENTED_EDGE('',*,*,#3343,.T.);
#4571=ORIENTED_EDGE('',*,*,#3344,.T.);
#4572=ORIENTED_EDGE('',*,*,#3345,.F.);
#4573=ORIENTED_EDGE('',*,*,#3346,.F.);
#4574=ORIENTED_EDGE('',*,*,#3347,.T.);
#4575=ORIENTED_EDGE('',*,*,#3348,.T.);
#4576=ORIENTED_EDGE('',*,*,#3282,.F.);
#4577=ORIENTED_EDGE('',*,*,#3349,.F.);
#4578=ORIENTED_EDGE('',*,*,#3350,.T.);
#4579=ORIENTED_EDGE('',*,*,#3351,.T.);
#4580=ORIENTED_EDGE('',*,*,#3347,.F.);
#4581=ORIENTED_EDGE('',*,*,#3352,.F.);
#4582=ORIENTED_EDGE('',*,*,#3353,.T.);
#4583=ORIENTED_EDGE('',*,*,#3354,.T.);
#4584=ORIENTED_EDGE('',*,*,#3350,.F.);
#4585=ORIENTED_EDGE('',*,*,#3355,.F.);
#4586=ORIENTED_EDGE('',*,*,#3356,.T.);
#4587=ORIENTED_EDGE('',*,*,#3357,.T.);
#4588=ORIENTED_EDGE('',*,*,#3353,.F.);
#4589=ORIENTED_EDGE('',*,*,#3358,.F.);
#4590=ORIENTED_EDGE('',*,*,#3359,.T.);
#4591=ORIENTED_EDGE('',*,*,#3360,.T.);
#4592=ORIENTED_EDGE('',*,*,#3356,.F.);
#4593=ORIENTED_EDGE('',*,*,#3361,.F.);
#4594=ORIENTED_EDGE('',*,*,#3362,.T.);
#4595=ORIENTED_EDGE('',*,*,#3363,.T.);
#4596=ORIENTED_EDGE('',*,*,#3359,.F.);
#4597=ORIENTED_EDGE('',*,*,#3364,.F.);
#4598=ORIENTED_EDGE('',*,*,#3365,.T.);
#4599=ORIENTED_EDGE('',*,*,#3366,.T.);
#4600=ORIENTED_EDGE('',*,*,#3362,.F.);
#4601=ORIENTED_EDGE('',*,*,#3367,.F.);
#4602=ORIENTED_EDGE('',*,*,#3368,.T.);
#4603=ORIENTED_EDGE('',*,*,#3369,.T.);
#4604=ORIENTED_EDGE('',*,*,#3365,.F.);
#4605=ORIENTED_EDGE('',*,*,#3370,.F.);
#4606=ORIENTED_EDGE('',*,*,#3371,.T.);
#4607=ORIENTED_EDGE('',*,*,#3372,.T.);
#4608=ORIENTED_EDGE('',*,*,#3368,.F.);
#4609=ORIENTED_EDGE('',*,*,#3373,.F.);
#4610=ORIENTED_EDGE('',*,*,#3374,.T.);
#4611=ORIENTED_EDGE('',*,*,#3375,.T.);
#4612=ORIENTED_EDGE('',*,*,#3371,.F.);
#4613=ORIENTED_EDGE('',*,*,#3376,.F.);
#4614=ORIENTED_EDGE('',*,*,#3314,.T.);
#4615=ORIENTED_EDGE('',*,*,#3377,.T.);
#4616=ORIENTED_EDGE('',*,*,#3374,.F.);
#4617=ORIENTED_EDGE('',*,*,#2864,.F.);
#4618=ORIENTED_EDGE('',*,*,#3378,.T.);
#4619=ORIENTED_EDGE('',*,*,#3379,.T.);
#4620=ORIENTED_EDGE('',*,*,#3315,.F.);
#4621=ORIENTED_EDGE('',*,*,#2863,.F.);
#4622=ORIENTED_EDGE('',*,*,#3380,.T.);
#4623=ORIENTED_EDGE('',*,*,#3381,.T.);
#4624=ORIENTED_EDGE('',*,*,#3378,.F.);
#4625=ORIENTED_EDGE('',*,*,#2862,.F.);
#4626=ORIENTED_EDGE('',*,*,#3382,.T.);
#4627=ORIENTED_EDGE('',*,*,#3383,.T.);
#4628=ORIENTED_EDGE('',*,*,#3380,.F.);
#4629=ORIENTED_EDGE('',*,*,#2861,.F.);
#4630=ORIENTED_EDGE('',*,*,#3384,.T.);
#4631=ORIENTED_EDGE('',*,*,#3385,.T.);
#4632=ORIENTED_EDGE('',*,*,#3382,.F.);
#4633=ORIENTED_EDGE('',*,*,#2860,.F.);
#4634=ORIENTED_EDGE('',*,*,#3386,.T.);
#4635=ORIENTED_EDGE('',*,*,#3387,.T.);
#4636=ORIENTED_EDGE('',*,*,#3384,.F.);
#4637=ORIENTED_EDGE('',*,*,#2859,.F.);
#4638=ORIENTED_EDGE('',*,*,#3388,.T.);
#4639=ORIENTED_EDGE('',*,*,#3389,.T.);
#4640=ORIENTED_EDGE('',*,*,#3386,.F.);
#4641=ORIENTED_EDGE('',*,*,#2858,.F.);
#4642=ORIENTED_EDGE('',*,*,#3390,.T.);
#4643=ORIENTED_EDGE('',*,*,#3391,.T.);
#4644=ORIENTED_EDGE('',*,*,#3388,.F.);
#4645=ORIENTED_EDGE('',*,*,#2857,.F.);
#4646=ORIENTED_EDGE('',*,*,#3392,.T.);
#4647=ORIENTED_EDGE('',*,*,#3393,.T.);
#4648=ORIENTED_EDGE('',*,*,#3390,.F.);
#4649=ORIENTED_EDGE('',*,*,#2856,.F.);
#4650=ORIENTED_EDGE('',*,*,#3394,.T.);
#4651=ORIENTED_EDGE('',*,*,#3395,.T.);
#4652=ORIENTED_EDGE('',*,*,#3392,.F.);
#4653=ORIENTED_EDGE('',*,*,#2855,.F.);
#4654=ORIENTED_EDGE('',*,*,#3396,.T.);
#4655=ORIENTED_EDGE('',*,*,#3397,.T.);
#4656=ORIENTED_EDGE('',*,*,#3394,.F.);
#4657=ORIENTED_EDGE('',*,*,#2854,.F.);
#4658=ORIENTED_EDGE('',*,*,#3398,.T.);
#4659=ORIENTED_EDGE('',*,*,#3399,.T.);
#4660=ORIENTED_EDGE('',*,*,#3396,.F.);
#4661=ORIENTED_EDGE('',*,*,#2853,.F.);
#4662=ORIENTED_EDGE('',*,*,#3400,.T.);
#4663=ORIENTED_EDGE('',*,*,#3401,.T.);
#4664=ORIENTED_EDGE('',*,*,#3398,.F.);
#4665=ORIENTED_EDGE('',*,*,#2852,.F.);
#4666=ORIENTED_EDGE('',*,*,#3402,.T.);
#4667=ORIENTED_EDGE('',*,*,#3403,.T.);
#4668=ORIENTED_EDGE('',*,*,#3400,.F.);
#4669=ORIENTED_EDGE('',*,*,#2851,.F.);
#4670=ORIENTED_EDGE('',*,*,#3404,.T.);
#4671=ORIENTED_EDGE('',*,*,#3405,.T.);
#4672=ORIENTED_EDGE('',*,*,#3402,.F.);
#4673=ORIENTED_EDGE('',*,*,#2850,.F.);
#4674=ORIENTED_EDGE('',*,*,#3345,.T.);
#4675=ORIENTED_EDGE('',*,*,#3406,.T.);
#4676=ORIENTED_EDGE('',*,*,#3404,.F.);
#4677=ORIENTED_EDGE('',*,*,#3344,.F.);
#4678=ORIENTED_EDGE('',*,*,#3342,.F.);
#4679=ORIENTED_EDGE('',*,*,#3340,.F.);
#4680=ORIENTED_EDGE('',*,*,#3338,.F.);
#4681=ORIENTED_EDGE('',*,*,#3336,.F.);
#4682=ORIENTED_EDGE('',*,*,#3334,.F.);
#4683=ORIENTED_EDGE('',*,*,#3332,.F.);
#4684=ORIENTED_EDGE('',*,*,#3330,.F.);
#4685=ORIENTED_EDGE('',*,*,#3328,.F.);
#4686=ORIENTED_EDGE('',*,*,#3326,.F.);
#4687=ORIENTED_EDGE('',*,*,#3324,.F.);
#4688=ORIENTED_EDGE('',*,*,#3322,.F.);
#4689=ORIENTED_EDGE('',*,*,#3320,.F.);
#4690=ORIENTED_EDGE('',*,*,#3318,.F.);
#4691=ORIENTED_EDGE('',*,*,#3316,.F.);
#4692=ORIENTED_EDGE('',*,*,#3379,.F.);
#4693=ORIENTED_EDGE('',*,*,#3381,.F.);
#4694=ORIENTED_EDGE('',*,*,#3383,.F.);
#4695=ORIENTED_EDGE('',*,*,#3385,.F.);
#4696=ORIENTED_EDGE('',*,*,#3387,.F.);
#4697=ORIENTED_EDGE('',*,*,#3389,.F.);
#4698=ORIENTED_EDGE('',*,*,#3391,.F.);
#4699=ORIENTED_EDGE('',*,*,#3393,.F.);
#4700=ORIENTED_EDGE('',*,*,#3395,.F.);
#4701=ORIENTED_EDGE('',*,*,#3397,.F.);
#4702=ORIENTED_EDGE('',*,*,#3399,.F.);
#4703=ORIENTED_EDGE('',*,*,#3401,.F.);
#4704=ORIENTED_EDGE('',*,*,#3403,.F.);
#4705=ORIENTED_EDGE('',*,*,#3405,.F.);
#4706=ORIENTED_EDGE('',*,*,#3406,.F.);
#4707=ORIENTED_EDGE('',*,*,#3313,.F.);
#4708=ORIENTED_EDGE('',*,*,#3310,.F.);
#4709=ORIENTED_EDGE('',*,*,#3307,.F.);
#4710=ORIENTED_EDGE('',*,*,#3304,.F.);
#4711=ORIENTED_EDGE('',*,*,#3301,.F.);
#4712=ORIENTED_EDGE('',*,*,#3298,.F.);
#4713=ORIENTED_EDGE('',*,*,#3295,.F.);
#4714=ORIENTED_EDGE('',*,*,#3292,.F.);
#4715=ORIENTED_EDGE('',*,*,#3289,.F.);
#4716=ORIENTED_EDGE('',*,*,#3286,.F.);
#4717=ORIENTED_EDGE('',*,*,#3283,.F.);
#4718=ORIENTED_EDGE('',*,*,#3348,.F.);
#4719=ORIENTED_EDGE('',*,*,#3351,.F.);
#4720=ORIENTED_EDGE('',*,*,#3354,.F.);
#4721=ORIENTED_EDGE('',*,*,#3357,.F.);
#4722=ORIENTED_EDGE('',*,*,#3360,.F.);
#4723=ORIENTED_EDGE('',*,*,#3363,.F.);
#4724=ORIENTED_EDGE('',*,*,#3366,.F.);
#4725=ORIENTED_EDGE('',*,*,#3369,.F.);
#4726=ORIENTED_EDGE('',*,*,#3372,.F.);
#4727=ORIENTED_EDGE('',*,*,#3375,.F.);
#4728=ORIENTED_EDGE('',*,*,#3377,.F.);
#4729=ORIENTED_EDGE('',*,*,#3213,.T.);
#4730=ORIENTED_EDGE('',*,*,#3232,.T.);
#4731=ORIENTED_EDGE('',*,*,#3229,.T.);
#4732=ORIENTED_EDGE('',*,*,#3226,.T.);
#4733=ORIENTED_EDGE('',*,*,#3223,.T.);
#4734=ORIENTED_EDGE('',*,*,#3220,.T.);
#4735=ORIENTED_EDGE('',*,*,#3217,.T.);
#4736=ORIENTED_EDGE('',*,*,#2789,.F.);
#4737=ORIENTED_EDGE('',*,*,#3407,.T.);
#4738=ORIENTED_EDGE('',*,*,#3012,.T.);
#4739=ORIENTED_EDGE('',*,*,#2989,.T.);
#4740=ORIENTED_EDGE('',*,*,#2807,.F.);
#4741=ORIENTED_EDGE('',*,*,#2992,.T.);
#4742=ORIENTED_EDGE('',*,*,#3018,.T.);
#4743=ORIENTED_EDGE('',*,*,#3408,.T.);
#4744=ORIENTED_EDGE('',*,*,#2804,.F.);
#4745=ORIENTED_EDGE('',*,*,#3408,.F.);
#4746=ORIENTED_EDGE('',*,*,#3017,.F.);
#4747=ORIENTED_EDGE('',*,*,#3409,.F.);
#4748=ORIENTED_EDGE('',*,*,#2801,.F.);
#4749=ORIENTED_EDGE('',*,*,#3409,.T.);
#4750=ORIENTED_EDGE('',*,*,#3016,.T.);
#4751=ORIENTED_EDGE('',*,*,#3410,.T.);
#4752=ORIENTED_EDGE('',*,*,#2798,.F.);
#4753=ORIENTED_EDGE('',*,*,#3410,.F.);
#4754=ORIENTED_EDGE('',*,*,#3015,.T.);
#4755=ORIENTED_EDGE('',*,*,#3411,.F.);
#4756=ORIENTED_EDGE('',*,*,#2795,.F.);
#4757=ORIENTED_EDGE('',*,*,#3411,.T.);
#4758=ORIENTED_EDGE('',*,*,#3014,.T.);
#4759=ORIENTED_EDGE('',*,*,#3412,.T.);
#4760=ORIENTED_EDGE('',*,*,#2792,.F.);
#4761=ORIENTED_EDGE('',*,*,#3412,.F.);
#4762=ORIENTED_EDGE('',*,*,#3013,.F.);
#4763=ORIENTED_EDGE('',*,*,#3407,.F.);
#4764=ORIENTED_EDGE('',*,*,#3376,.T.);
#4765=ORIENTED_EDGE('',*,*,#3373,.T.);
#4766=ORIENTED_EDGE('',*,*,#3370,.T.);
#4767=ORIENTED_EDGE('',*,*,#3367,.T.);
#4768=ORIENTED_EDGE('',*,*,#3364,.T.);
#4769=ORIENTED_EDGE('',*,*,#3361,.T.);
#4770=ORIENTED_EDGE('',*,*,#3358,.T.);
#4771=ORIENTED_EDGE('',*,*,#3355,.T.);
#4772=ORIENTED_EDGE('',*,*,#3352,.T.);
#4773=ORIENTED_EDGE('',*,*,#3349,.T.);
#4774=ORIENTED_EDGE('',*,*,#3346,.T.);
#4775=ORIENTED_EDGE('',*,*,#3281,.T.);
#4776=ORIENTED_EDGE('',*,*,#3285,.T.);
#4777=ORIENTED_EDGE('',*,*,#3288,.T.);
#4778=ORIENTED_EDGE('',*,*,#3291,.T.);
#4779=ORIENTED_EDGE('',*,*,#3294,.T.);
#4780=ORIENTED_EDGE('',*,*,#3297,.T.);
#4781=ORIENTED_EDGE('',*,*,#3300,.T.);
#4782=ORIENTED_EDGE('',*,*,#3303,.T.);
#4783=ORIENTED_EDGE('',*,*,#3306,.T.);
#4784=ORIENTED_EDGE('',*,*,#3309,.T.);
#4785=ORIENTED_EDGE('',*,*,#3312,.T.);
#4786=ORIENTED_EDGE('',*,*,#3063,.T.);
#4787=ORIENTED_EDGE('',*,*,#3007,.T.);
#4788=ORIENTED_EDGE('',*,*,#2889,.F.);
#4789=ORIENTED_EDGE('',*,*,#3002,.F.);
#4790=ORIENTED_EDGE('',*,*,#3005,.T.);
#4791=ORIENTED_EDGE('',*,*,#2886,.F.);
#4792=ORIENTED_EDGE('',*,*,#2995,.F.);
#4793=ORIENTED_EDGE('',*,*,#3064,.T.);
#4794=ORIENTED_EDGE('',*,*,#3067,.T.);
#4795=ORIENTED_EDGE('',*,*,#2883,.F.);
#4796=ORIENTED_EDGE('',*,*,#3413,.F.);
#4797=ORIENTED_EDGE('',*,*,#3055,.T.);
#4798=ORIENTED_EDGE('',*,*,#3056,.T.);
#4799=ORIENTED_EDGE('',*,*,#3413,.T.);
#4800=ORIENTED_EDGE('',*,*,#2882,.F.);
#4801=ORIENTED_EDGE('',*,*,#3068,.F.);
#4802=ORIENTED_EDGE('',*,*,#3414,.T.);
#4803=ORIENTED_EDGE('',*,*,#3415,.F.);
#4804=ORIENTED_EDGE('',*,*,#3416,.T.);
#4805=ORIENTED_EDGE('',*,*,#3417,.T.);
#4806=ORIENTED_EDGE('',*,*,#3415,.T.);
#4807=ORIENTED_EDGE('',*,*,#3418,.F.);
#4808=ORIENTED_EDGE('',*,*,#3419,.F.);
#4809=ORIENTED_EDGE('',*,*,#3420,.F.);
#4810=ORIENTED_EDGE('',*,*,#3421,.F.);
#4811=ORIENTED_EDGE('',*,*,#3416,.F.);
#4812=ORIENTED_EDGE('',*,*,#3420,.T.);
#4813=ORIENTED_EDGE('',*,*,#3422,.T.);
#4814=ORIENTED_EDGE('',*,*,#3423,.F.);
#4815=ORIENTED_EDGE('',*,*,#3424,.T.);
#4816=ORIENTED_EDGE('',*,*,#3425,.F.);
#4817=ORIENTED_EDGE('',*,*,#3426,.F.);
#4818=ORIENTED_EDGE('',*,*,#3427,.F.);
#4819=ORIENTED_EDGE('',*,*,#3428,.F.);
#4820=ORIENTED_EDGE('',*,*,#3429,.F.);
#4821=ORIENTED_EDGE('',*,*,#3430,.F.);
#4822=ORIENTED_EDGE('',*,*,#3431,.F.);
#4823=ORIENTED_EDGE('',*,*,#3432,.T.);
#4824=ORIENTED_EDGE('',*,*,#3428,.T.);
#4825=ORIENTED_EDGE('',*,*,#3433,.F.);
#4826=ORIENTED_EDGE('',*,*,#3434,.F.);
#4827=ORIENTED_EDGE('',*,*,#3435,.T.);
#4828=ORIENTED_EDGE('',*,*,#3430,.T.);
#4829=ORIENTED_EDGE('',*,*,#3436,.F.);
#4830=ORIENTED_EDGE('',*,*,#3437,.F.);
#4831=ORIENTED_EDGE('',*,*,#3433,.T.);
#4832=ORIENTED_EDGE('',*,*,#3427,.T.);
#4833=ORIENTED_EDGE('',*,*,#3435,.F.);
#4834=ORIENTED_EDGE('',*,*,#3431,.T.);
#4835=ORIENTED_EDGE('',*,*,#3437,.T.);
#4836=ORIENTED_EDGE('',*,*,#3434,.T.);
#4837=ORIENTED_EDGE('',*,*,#3438,.T.);
#4838=ORIENTED_EDGE('',*,*,#3439,.F.);
#4839=ORIENTED_EDGE('',*,*,#3440,.T.);
#4840=ORIENTED_EDGE('',*,*,#3441,.T.);
#4841=ORIENTED_EDGE('',*,*,#3442,.T.);
#4842=ORIENTED_EDGE('',*,*,#3443,.T.);
#4843=ORIENTED_EDGE('',*,*,#3444,.T.);
#4844=ORIENTED_EDGE('',*,*,#3445,.T.);
#4845=ORIENTED_EDGE('',*,*,#3446,.T.);
#4846=ORIENTED_EDGE('',*,*,#3447,.T.);
#4847=ORIENTED_EDGE('',*,*,#3448,.T.);
#4848=ORIENTED_EDGE('',*,*,#3449,.T.);
#4849=ORIENTED_EDGE('',*,*,#3450,.T.);
#4850=ORIENTED_EDGE('',*,*,#3451,.T.);
#4851=ORIENTED_EDGE('',*,*,#3425,.T.);
#4852=ORIENTED_EDGE('',*,*,#3452,.T.);
#4853=ORIENTED_EDGE('',*,*,#3453,.T.);
#4854=ORIENTED_EDGE('',*,*,#3454,.T.);
#4855=ORIENTED_EDGE('',*,*,#3455,.T.);
#4856=ORIENTED_EDGE('',*,*,#3456,.T.);
#4857=ORIENTED_EDGE('',*,*,#3457,.T.);
#4858=ORIENTED_EDGE('',*,*,#3458,.F.);
#4859=ORIENTED_EDGE('',*,*,#3459,.F.);
#4860=ORIENTED_EDGE('',*,*,#3438,.F.);
#4861=ORIENTED_EDGE('',*,*,#3436,.T.);
#4862=ORIENTED_EDGE('',*,*,#3429,.T.);
#4863=ORIENTED_EDGE('',*,*,#3432,.F.);
#4864=ORIENTED_EDGE('',*,*,#3446,.F.);
#4865=ORIENTED_EDGE('',*,*,#3460,.F.);
#4866=ORIENTED_EDGE('',*,*,#3461,.F.);
#4867=ORIENTED_EDGE('',*,*,#3462,.T.);
#4868=ORIENTED_EDGE('',*,*,#3418,.T.);
#4869=ORIENTED_EDGE('',*,*,#3414,.F.);
#4870=ORIENTED_EDGE('',*,*,#3462,.F.);
#4871=ORIENTED_EDGE('',*,*,#3463,.F.);
#4872=ORIENTED_EDGE('',*,*,#3422,.F.);
#4873=ORIENTED_EDGE('',*,*,#3419,.T.);
#4874=ORIENTED_EDGE('',*,*,#3464,.F.);
#4875=ORIENTED_EDGE('',*,*,#3439,.T.);
#4876=ORIENTED_EDGE('',*,*,#3459,.T.);
#4877=ORIENTED_EDGE('',*,*,#3465,.F.);
#4878=ORIENTED_EDGE('',*,*,#3466,.F.);
#4879=ORIENTED_EDGE('',*,*,#3467,.F.);
#4880=ORIENTED_EDGE('',*,*,#3460,.T.);
#4881=ORIENTED_EDGE('',*,*,#3445,.F.);
#4882=ORIENTED_EDGE('',*,*,#3466,.T.);
#4883=ORIENTED_EDGE('',*,*,#3444,.F.);
#4884=ORIENTED_EDGE('',*,*,#3468,.T.);
#4885=ORIENTED_EDGE('',*,*,#3469,.F.);
#4886=ORIENTED_EDGE('',*,*,#3464,.T.);
#4887=ORIENTED_EDGE('',*,*,#3470,.F.);
#4888=ORIENTED_EDGE('',*,*,#3471,.T.);
#4889=ORIENTED_EDGE('',*,*,#3440,.F.);
#4890=ORIENTED_EDGE('',*,*,#3421,.T.);
#4891=ORIENTED_EDGE('',*,*,#3472,.F.);
#4892=ORIENTED_EDGE('',*,*,#3473,.T.);
#4893=ORIENTED_EDGE('',*,*,#3474,.F.);
#4894=ORIENTED_EDGE('',*,*,#3475,.T.);
#4895=ORIENTED_EDGE('',*,*,#3476,.F.);
#4896=ORIENTED_EDGE('',*,*,#3477,.T.);
#4897=ORIENTED_EDGE('',*,*,#3478,.F.);
#4898=ORIENTED_EDGE('',*,*,#3423,.T.);
#4899=ORIENTED_EDGE('',*,*,#3463,.T.);
#4900=ORIENTED_EDGE('',*,*,#3461,.T.);
#4901=ORIENTED_EDGE('',*,*,#3467,.T.);
#4902=ORIENTED_EDGE('',*,*,#3469,.T.);
#4903=ORIENTED_EDGE('',*,*,#3479,.T.);
#4904=ORIENTED_EDGE('',*,*,#3480,.T.);
#4905=ORIENTED_EDGE('',*,*,#3481,.T.);
#4906=ORIENTED_EDGE('',*,*,#3470,.T.);
#4907=ORIENTED_EDGE('',*,*,#3465,.T.);
#4908=ORIENTED_EDGE('',*,*,#3458,.T.);
#4909=ORIENTED_EDGE('',*,*,#3417,.F.);
#4910=ORIENTED_EDGE('',*,*,#3443,.F.);
#4911=ORIENTED_EDGE('',*,*,#3482,.F.);
#4912=ORIENTED_EDGE('',*,*,#3479,.F.);
#4913=ORIENTED_EDGE('',*,*,#3468,.F.);
#4914=ORIENTED_EDGE('',*,*,#3441,.F.);
#4915=ORIENTED_EDGE('',*,*,#3471,.F.);
#4916=ORIENTED_EDGE('',*,*,#3481,.F.);
#4917=ORIENTED_EDGE('',*,*,#3483,.F.);
#4918=ORIENTED_EDGE('',*,*,#3472,.T.);
#4919=ORIENTED_EDGE('',*,*,#3426,.T.);
#4920=ORIENTED_EDGE('',*,*,#3451,.F.);
#4921=ORIENTED_EDGE('',*,*,#3484,.F.);
#4922=ORIENTED_EDGE('',*,*,#3478,.T.);
#4923=ORIENTED_EDGE('',*,*,#3485,.T.);
#4924=ORIENTED_EDGE('',*,*,#3452,.F.);
#4925=ORIENTED_EDGE('',*,*,#3424,.F.);
#4926=ORIENTED_EDGE('',*,*,#3485,.F.);
#4927=ORIENTED_EDGE('',*,*,#3477,.F.);
#4928=ORIENTED_EDGE('',*,*,#3486,.T.);
#4929=ORIENTED_EDGE('',*,*,#3453,.F.);
#4930=ORIENTED_EDGE('',*,*,#3474,.T.);
#4931=ORIENTED_EDGE('',*,*,#3487,.T.);
#4932=ORIENTED_EDGE('',*,*,#3456,.F.);
#4933=ORIENTED_EDGE('',*,*,#3488,.F.);
#4934=ORIENTED_EDGE('',*,*,#3488,.T.);
#4935=ORIENTED_EDGE('',*,*,#3455,.F.);
#4936=ORIENTED_EDGE('',*,*,#3489,.F.);
#4937=ORIENTED_EDGE('',*,*,#3475,.F.);
#4938=ORIENTED_EDGE('',*,*,#3476,.T.);
#4939=ORIENTED_EDGE('',*,*,#3489,.T.);
#4940=ORIENTED_EDGE('',*,*,#3454,.F.);
#4941=ORIENTED_EDGE('',*,*,#3486,.F.);
#4942=ORIENTED_EDGE('',*,*,#3450,.F.);
#4943=ORIENTED_EDGE('',*,*,#3490,.T.);
#4944=ORIENTED_EDGE('',*,*,#3491,.T.);
#4945=ORIENTED_EDGE('',*,*,#3490,.F.);
#4946=ORIENTED_EDGE('',*,*,#3491,.F.);
#4947=ORIENTED_EDGE('',*,*,#3449,.F.);
#4948=ORIENTED_EDGE('',*,*,#3492,.T.);
#4949=ORIENTED_EDGE('',*,*,#3493,.T.);
#4950=ORIENTED_EDGE('',*,*,#3492,.F.);
#4951=ORIENTED_EDGE('',*,*,#3493,.F.);
#4952=ORIENTED_EDGE('',*,*,#3448,.F.);
#4953=ORIENTED_EDGE('',*,*,#3494,.T.);
#4954=ORIENTED_EDGE('',*,*,#3495,.T.);
#4955=ORIENTED_EDGE('',*,*,#3494,.F.);
#4956=ORIENTED_EDGE('',*,*,#3495,.F.);
#4957=ORIENTED_EDGE('',*,*,#3447,.F.);
#4958=ORIENTED_EDGE('',*,*,#3496,.T.);
#4959=ORIENTED_EDGE('',*,*,#3497,.T.);
#4960=ORIENTED_EDGE('',*,*,#3496,.F.);
#4961=ORIENTED_EDGE('',*,*,#3497,.F.);
#4962=ORIENTED_EDGE('',*,*,#3442,.F.);
#4963=ORIENTED_EDGE('',*,*,#3483,.T.);
#4964=ORIENTED_EDGE('',*,*,#3480,.F.);
#4965=ORIENTED_EDGE('',*,*,#3482,.T.);
#4966=ORIENTED_EDGE('',*,*,#3484,.T.);
#4967=ORIENTED_EDGE('',*,*,#3457,.F.);
#4968=ORIENTED_EDGE('',*,*,#3487,.F.);
#4969=ORIENTED_EDGE('',*,*,#3473,.F.);
#4970=TOROIDAL_SURFACE('',#5273,3.5,1.5);
#4971=TOROIDAL_SURFACE('',#5284,3.5,1.5);
#4972=TOROIDAL_SURFACE('',#5295,3.,2.);
#4973=TOROIDAL_SURFACE('',#5301,3.,2.);
#4974=TOROIDAL_SURFACE('',#5307,3.,2.);
#4975=TOROIDAL_SURFACE('',#5313,3.,2.);
#4976=ADVANCED_FACE('',(#1630),#4970,.T.);
#4977=ADVANCED_FACE('',(#1631),#1599,.T.);
#4978=ADVANCED_FACE('',(#1632),#362,.T.);
#4979=ADVANCED_FACE('',(#1633),#1600,.T.);
#4980=ADVANCED_FACE('',(#1634),#4971,.T.);
#4981=ADVANCED_FACE('',(#1635),#1601,.T.);
#4982=ADVANCED_FACE('',(#1636),#1602,.T.);
#4983=ADVANCED_FACE('',(#1637),#363,.T.);
#4984=ADVANCED_FACE('',(#1638),#1603,.T.);
#4985=ADVANCED_FACE('',(#1639),#4972,.T.);
#4986=ADVANCED_FACE('',(#1640),#1604,.T.);
#4987=ADVANCED_FACE('',(#1641),#4973,.T.);
#4988=ADVANCED_FACE('',(#1642),#1605,.T.);
#4989=ADVANCED_FACE('',(#1643),#4974,.T.);
#4990=ADVANCED_FACE('',(#1644),#1606,.T.);
#4991=ADVANCED_FACE('',(#1645),#4975,.T.);
#4992=ADVANCED_FACE('',(#1646),#1607,.T.);
#4993=ADVANCED_FACE('',(#1647,#317,#318,#319,#320,#321,#322,#323,#324,#325,
#326,#327,#328,#329,#330,#331,#332,#333,#334,#335,#336,#337,#338,#339),
#364,.T.);
#4994=ADVANCED_FACE('',(#1648),#1608,.T.);
#4995=ADVANCED_FACE('',(#1649),#1609,.T.);
#4996=ADVANCED_FACE('',(#1650),#1610,.T.);
#4997=ADVANCED_FACE('',(#1651),#1611,.T.);
#4998=ADVANCED_FACE('',(#1652),#365,.F.);
#4999=ADVANCED_FACE('',(#1653),#366,.T.);
#5000=ADVANCED_FACE('',(#1654),#367,.F.);
#5001=ADVANCED_FACE('',(#1655),#1612,.T.);
#5002=ADVANCED_FACE('',(#1656),#368,.T.);
#5003=ADVANCED_FACE('',(#1657),#369,.T.);
#5004=ADVANCED_FACE('',(#1658),#1613,.T.);
#5005=ADVANCED_FACE('',(#1659),#370,.T.);
#5006=ADVANCED_FACE('',(#1660),#371,.F.);
#5007=ADVANCED_FACE('',(#1661),#372,.F.);
#5008=ADVANCED_FACE('',(#1662),#373,.T.);
#5009=ADVANCED_FACE('',(#1663),#374,.F.);
#5010=ADVANCED_FACE('',(#1664),#375,.F.);
#5011=ADVANCED_FACE('',(#1665),#376,.T.);
#5012=ADVANCED_FACE('',(#1666),#377,.T.);
#5013=ADVANCED_FACE('',(#1667),#378,.T.);
#5014=ADVANCED_FACE('',(#1668,#340,#341,#342,#343,#344,#345,#346,#347,#348,
#349,#350,#351,#352,#353,#354),#379,.F.);
#5015=ADVANCED_FACE('',(#1669),#380,.F.);
#5016=ADVANCED_FACE('',(#1670),#381,.F.);
#5017=ADVANCED_FACE('',(#1671),#382,.T.);
#5018=ADVANCED_FACE('',(#1672),#383,.T.);
#5019=ADVANCED_FACE('',(#1673),#384,.F.);
#5020=ADVANCED_FACE('',(#1674),#385,.F.);
#5021=ADVANCED_FACE('',(#1675),#386,.F.);
#5022=ADVANCED_FACE('',(#1676),#387,.F.);
#5023=ADVANCED_FACE('',(#1677),#388,.F.);
#5024=ADVANCED_FACE('',(#1678),#389,.F.);
#5025=ADVANCED_FACE('',(#1679),#390,.F.);
#5026=ADVANCED_FACE('',(#1680),#391,.F.);
#5027=ADVANCED_FACE('',(#1681),#392,.F.);
#5028=ADVANCED_FACE('',(#1682),#393,.F.);
#5029=ADVANCED_FACE('',(#1683),#394,.F.);
#5030=ADVANCED_FACE('',(#1684),#395,.F.);
#5031=ADVANCED_FACE('',(#1685),#396,.F.);
#5032=ADVANCED_FACE('',(#1686),#397,.F.);
#5033=ADVANCED_FACE('',(#1687),#398,.F.);
#5034=ADVANCED_FACE('',(#1688),#399,.F.);
#5035=ADVANCED_FACE('',(#1689),#400,.F.);
#5036=ADVANCED_FACE('',(#1690),#401,.F.);
#5037=ADVANCED_FACE('',(#1691),#402,.F.);
#5038=ADVANCED_FACE('',(#1692),#403,.F.);
#5039=ADVANCED_FACE('',(#1693),#404,.F.);
#5040=ADVANCED_FACE('',(#1694),#405,.F.);
#5041=ADVANCED_FACE('',(#1695),#406,.F.);
#5042=ADVANCED_FACE('',(#1696),#407,.F.);
#5043=ADVANCED_FACE('',(#1697),#408,.F.);
#5044=ADVANCED_FACE('',(#1698),#409,.F.);
#5045=ADVANCED_FACE('',(#1699),#410,.F.);
#5046=ADVANCED_FACE('',(#1700),#411,.F.);
#5047=ADVANCED_FACE('',(#1701),#412,.F.);
#5048=ADVANCED_FACE('',(#1702),#413,.F.);
#5049=ADVANCED_FACE('',(#1703),#414,.F.);
#5050=ADVANCED_FACE('',(#1704),#415,.F.);
#5051=ADVANCED_FACE('',(#1705),#416,.F.);
#5052=ADVANCED_FACE('',(#1706),#417,.F.);
#5053=ADVANCED_FACE('',(#1707),#418,.F.);
#5054=ADVANCED_FACE('',(#1708),#419,.F.);
#5055=ADVANCED_FACE('',(#1709),#1614,.F.);
#5056=ADVANCED_FACE('',(#1710),#1615,.F.);
#5057=ADVANCED_FACE('',(#1711),#1616,.F.);
#5058=ADVANCED_FACE('',(#1712),#1617,.F.);
#5059=ADVANCED_FACE('',(#1713),#420,.F.);
#5060=ADVANCED_FACE('',(#1714),#421,.F.);
#5061=ADVANCED_FACE('',(#1715),#422,.F.);
#5062=ADVANCED_FACE('',(#1716),#423,.F.);
#5063=ADVANCED_FACE('',(#1717),#424,.F.);
#5064=ADVANCED_FACE('',(#1718),#425,.F.);
#5065=ADVANCED_FACE('',(#1719),#426,.F.);
#5066=ADVANCED_FACE('',(#1720),#427,.F.);
#5067=ADVANCED_FACE('',(#1721),#428,.F.);
#5068=ADVANCED_FACE('',(#1722),#429,.F.);
#5069=ADVANCED_FACE('',(#1723),#430,.F.);
#5070=ADVANCED_FACE('',(#1724),#431,.F.);
#5071=ADVANCED_FACE('',(#1725),#432,.F.);
#5072=ADVANCED_FACE('',(#1726),#433,.F.);
#5073=ADVANCED_FACE('',(#1727),#434,.F.);
#5074=ADVANCED_FACE('',(#1728),#435,.F.);
#5075=ADVANCED_FACE('',(#1729),#436,.F.);
#5076=ADVANCED_FACE('',(#1730),#437,.F.);
#5077=ADVANCED_FACE('',(#1731),#438,.F.);
#5078=ADVANCED_FACE('',(#1732),#439,.F.);
#5079=ADVANCED_FACE('',(#1733),#440,.F.);
#5080=ADVANCED_FACE('',(#1734),#441,.F.);
#5081=ADVANCED_FACE('',(#1735),#442,.F.);
#5082=ADVANCED_FACE('',(#1736),#443,.F.);
#5083=ADVANCED_FACE('',(#1737),#444,.F.);
#5084=ADVANCED_FACE('',(#1738),#445,.F.);
#5085=ADVANCED_FACE('',(#1739),#446,.F.);
#5086=ADVANCED_FACE('',(#1740),#447,.F.);
#5087=ADVANCED_FACE('',(#1741),#448,.F.);
#5088=ADVANCED_FACE('',(#1742),#449,.F.);
#5089=ADVANCED_FACE('',(#1743),#450,.F.);
#5090=ADVANCED_FACE('',(#1744),#451,.F.);
#5091=ADVANCED_FACE('',(#1745),#452,.F.);
#5092=ADVANCED_FACE('',(#1746),#453,.F.);
#5093=ADVANCED_FACE('',(#1747),#454,.F.);
#5094=ADVANCED_FACE('',(#1748),#455,.F.);
#5095=ADVANCED_FACE('',(#1749),#456,.F.);
#5096=ADVANCED_FACE('',(#1750),#457,.F.);
#5097=ADVANCED_FACE('',(#1751),#458,.F.);
#5098=ADVANCED_FACE('',(#1752),#459,.F.);
#5099=ADVANCED_FACE('',(#1753),#460,.F.);
#5100=ADVANCED_FACE('',(#1754),#461,.F.);
#5101=ADVANCED_FACE('',(#1755),#462,.F.);
#5102=ADVANCED_FACE('',(#1756),#463,.F.);
#5103=ADVANCED_FACE('',(#1757),#464,.F.);
#5104=ADVANCED_FACE('',(#1758),#465,.F.);
#5105=ADVANCED_FACE('',(#1759),#466,.F.);
#5106=ADVANCED_FACE('',(#1760),#467,.F.);
#5107=ADVANCED_FACE('',(#1761),#468,.F.);
#5108=ADVANCED_FACE('',(#1762),#469,.F.);
#5109=ADVANCED_FACE('',(#1763),#470,.F.);
#5110=ADVANCED_FACE('',(#1764),#471,.F.);
#5111=ADVANCED_FACE('',(#1765),#472,.F.);
#5112=ADVANCED_FACE('',(#1766),#473,.F.);
#5113=ADVANCED_FACE('',(#1767),#474,.F.);
#5114=ADVANCED_FACE('',(#1768),#475,.F.);
#5115=ADVANCED_FACE('',(#1769),#476,.F.);
#5116=ADVANCED_FACE('',(#1770),#477,.F.);
#5117=ADVANCED_FACE('',(#1771),#478,.F.);
#5118=ADVANCED_FACE('',(#1772),#79,.F.);
#5119=ADVANCED_FACE('',(#1773),#80,.F.);
#5120=ADVANCED_FACE('',(#1774),#81,.F.);
#5121=ADVANCED_FACE('',(#1775),#82,.F.);
#5122=ADVANCED_FACE('',(#1776),#479,.F.);
#5123=ADVANCED_FACE('',(#1777),#480,.F.);
#5124=ADVANCED_FACE('',(#1778),#481,.F.);
#5125=ADVANCED_FACE('',(#1779),#83,.F.);
#5126=ADVANCED_FACE('',(#1780),#84,.F.);
#5127=ADVANCED_FACE('',(#1781),#85,.F.);
#5128=ADVANCED_FACE('',(#1782),#86,.F.);
#5129=ADVANCED_FACE('',(#1783),#482,.F.);
#5130=ADVANCED_FACE('',(#1784),#483,.F.);
#5131=ADVANCED_FACE('',(#1785),#87,.F.);
#5132=ADVANCED_FACE('',(#1786),#88,.F.);
#5133=ADVANCED_FACE('',(#1787),#89,.F.);
#5134=ADVANCED_FACE('',(#1788),#90,.F.);
#5135=ADVANCED_FACE('',(#1789),#91,.F.);
#5136=ADVANCED_FACE('',(#1790),#92,.F.);
#5137=ADVANCED_FACE('',(#1791),#93,.F.);
#5138=ADVANCED_FACE('',(#1792),#94,.F.);
#5139=ADVANCED_FACE('',(#1793),#95,.F.);
#5140=ADVANCED_FACE('',(#1794),#96,.F.);
#5141=ADVANCED_FACE('',(#1795),#484,.F.);
#5142=ADVANCED_FACE('',(#1796),#485,.F.);
#5143=ADVANCED_FACE('',(#1797),#486,.F.);
#5144=ADVANCED_FACE('',(#1798,#355,#356),#487,.T.);
#5145=ADVANCED_FACE('',(#1799),#488,.T.);
#5146=ADVANCED_FACE('',(#1800),#29,.F.);
#5147=ADVANCED_FACE('',(#1801),#30,.F.);
#5148=ADVANCED_FACE('',(#1802),#31,.F.);
#5149=ADVANCED_FACE('',(#1803),#32,.F.);
#5150=ADVANCED_FACE('',(#1804),#33,.F.);
#5151=ADVANCED_FACE('',(#1805),#34,.F.);
#5152=ADVANCED_FACE('',(#1806),#35,.F.);
#5153=ADVANCED_FACE('',(#1807),#36,.F.);
#5154=ADVANCED_FACE('',(#1808),#37,.F.);
#5155=ADVANCED_FACE('',(#1809),#38,.F.);
#5156=ADVANCED_FACE('',(#1810),#489,.F.);
#5157=ADVANCED_FACE('',(#1811),#39,.F.);
#5158=ADVANCED_FACE('',(#1812),#40,.F.);
#5159=ADVANCED_FACE('',(#1813),#41,.F.);
#5160=ADVANCED_FACE('',(#1814),#42,.F.);
#5161=ADVANCED_FACE('',(#1815),#43,.F.);
#5162=ADVANCED_FACE('',(#1816),#44,.F.);
#5163=ADVANCED_FACE('',(#1817),#45,.F.);
#5164=ADVANCED_FACE('',(#1818),#46,.F.);
#5165=ADVANCED_FACE('',(#1819),#47,.F.);
#5166=ADVANCED_FACE('',(#1820),#48,.F.);
#5167=ADVANCED_FACE('',(#1821),#49,.F.);
#5168=ADVANCED_FACE('',(#1822),#50,.F.);
#5169=ADVANCED_FACE('',(#1823),#51,.F.);
#5170=ADVANCED_FACE('',(#1824),#52,.F.);
#5171=ADVANCED_FACE('',(#1825),#53,.F.);
#5172=ADVANCED_FACE('',(#1826),#54,.F.);
#5173=ADVANCED_FACE('',(#1827),#55,.F.);
#5174=ADVANCED_FACE('',(#1828),#56,.F.);
#5175=ADVANCED_FACE('',(#1829),#57,.F.);
#5176=ADVANCED_FACE('',(#1830),#58,.F.);
#5177=ADVANCED_FACE('',(#1831),#59,.F.);
#5178=ADVANCED_FACE('',(#1832),#60,.F.);
#5179=ADVANCED_FACE('',(#1833),#61,.F.);
#5180=ADVANCED_FACE('',(#1834),#62,.F.);
#5181=ADVANCED_FACE('',(#1835),#63,.F.);
#5182=ADVANCED_FACE('',(#1836),#490,.F.);
#5183=ADVANCED_FACE('',(#1837),#64,.F.);
#5184=ADVANCED_FACE('',(#1838),#65,.F.);
#5185=ADVANCED_FACE('',(#1839),#66,.F.);
#5186=ADVANCED_FACE('',(#1840),#67,.F.);
#5187=ADVANCED_FACE('',(#1841),#68,.F.);
#5188=ADVANCED_FACE('',(#1842),#69,.F.);
#5189=ADVANCED_FACE('',(#1843),#70,.F.);
#5190=ADVANCED_FACE('',(#1844),#71,.F.);
#5191=ADVANCED_FACE('',(#1845),#72,.F.);
#5192=ADVANCED_FACE('',(#1846),#73,.F.);
#5193=ADVANCED_FACE('',(#1847),#74,.F.);
#5194=ADVANCED_FACE('',(#1848),#75,.F.);
#5195=ADVANCED_FACE('',(#1849),#76,.F.);
#5196=ADVANCED_FACE('',(#1850),#77,.F.);
#5197=ADVANCED_FACE('',(#1851),#78,.F.);
#5198=ADVANCED_FACE('',(#1852,#357),#491,.T.);
#5199=ADVANCED_FACE('',(#1853),#492,.T.);
#5200=ADVANCED_FACE('',(#1854),#1618,.T.);
#5201=ADVANCED_FACE('',(#1855),#1619,.T.);
#5202=ADVANCED_FACE('',(#1856),#493,.T.);
#5203=ADVANCED_FACE('',(#1857),#1620,.T.);
#5204=ADVANCED_FACE('',(#1858),#494,.T.);
#5205=ADVANCED_FACE('',(#1859),#1621,.T.);
#5206=ADVANCED_FACE('',(#1860),#495,.T.);
#5207=ADVANCED_FACE('',(#1861),#496,.T.);
#5208=ADVANCED_FACE('',(#1862),#497,.T.);
#5209=ADVANCED_FACE('',(#1863),#498,.T.);
#5210=ADVANCED_FACE('',(#1864),#499,.T.);
#5211=ADVANCED_FACE('',(#1865),#500,.T.);
#5212=ADVANCED_FACE('',(#1866),#501,.T.);
#5213=ADVANCED_FACE('',(#1867),#502,.F.);
#5214=ADVANCED_FACE('',(#1868),#503,.T.);
#5215=ADVANCED_FACE('',(#1869),#504,.F.);
#5216=ADVANCED_FACE('',(#1870),#505,.F.);
#5217=ADVANCED_FACE('',(#1871),#506,.F.);
#5218=ADVANCED_FACE('',(#1872),#507,.F.);
#5219=ADVANCED_FACE('',(#1873,#358,#359,#360,#361),#508,.T.);
#5220=ADVANCED_FACE('',(#1874),#509,.F.);
#5221=ADVANCED_FACE('',(#1875),#510,.F.);
#5222=ADVANCED_FACE('',(#1876),#511,.T.);
#5223=ADVANCED_FACE('',(#1877),#512,.F.);
#5224=ADVANCED_FACE('',(#1878),#513,.F.);
#5225=ADVANCED_FACE('',(#1879),#514,.T.);
#5226=ADVANCED_FACE('',(#1880),#515,.T.);
#5227=ADVANCED_FACE('',(#1881),#516,.T.);
#5228=ADVANCED_FACE('',(#1882),#517,.F.);
#5229=ADVANCED_FACE('',(#1883),#518,.F.);
#5230=ADVANCED_FACE('',(#1884),#1622,.T.);
#5231=ADVANCED_FACE('',(#1885),#1623,.T.);
#5232=ADVANCED_FACE('',(#1886),#519,.T.);
#5233=ADVANCED_FACE('',(#1887),#1624,.T.);
#5234=ADVANCED_FACE('',(#1888),#520,.T.);
#5235=ADVANCED_FACE('',(#1889),#1625,.T.);
#5236=ADVANCED_FACE('',(#1890),#1626,.F.);
#5237=ADVANCED_FACE('',(#1891),#521,.T.);
#5238=ADVANCED_FACE('',(#1892),#1627,.F.);
#5239=ADVANCED_FACE('',(#1893),#522,.T.);
#5240=ADVANCED_FACE('',(#1894),#1628,.F.);
#5241=ADVANCED_FACE('',(#1895),#523,.T.);
#5242=ADVANCED_FACE('',(#1896),#1629,.F.);
#5243=ADVANCED_FACE('',(#1897),#524,.T.);
#5244=ADVANCED_FACE('',(#1898),#525,.T.);
#5245=ADVANCED_FACE('',(#1899),#526,.T.);
#5246=CLOSED_SHELL('',(#4976,#4977,#4978,#4979,#4980,#4981,#4982,#4983,
#4984,#4985,#4986,#4987,#4988,#4989,#4990,#4991,#4992,#4993,#4994,#4995,
#4996,#4997,#4998,#4999,#5000,#5001,#5002,#5003,#5004,#5005,#5006,#5007,
#5008,#5009,#5010,#5011,#5012,#5013,#5014,#5015,#5016,#5017,#5018,#5019,
#5020,#5021,#5022,#5023,#5024,#5025,#5026,#5027,#5028,#5029,#5030,#5031,
#5032,#5033,#5034,#5035,#5036,#5037,#5038,#5039,#5040,#5041,#5042,#5043,
#5044,#5045,#5046,#5047,#5048,#5049,#5050,#5051,#5052,#5053,#5054,#5055,
#5056,#5057,#5058,#5059,#5060,#5061,#5062,#5063,#5064,#5065,#5066,#5067,
#5068,#5069,#5070,#5071,#5072,#5073,#5074,#5075,#5076,#5077,#5078,#5079,
#5080,#5081,#5082,#5083,#5084,#5085,#5086,#5087,#5088,#5089,#5090,#5091,
#5092,#5093,#5094,#5095,#5096,#5097,#5098,#5099,#5100,#5101,#5102,#5103,
#5104,#5105,#5106,#5107,#5108,#5109,#5110,#5111,#5112,#5113,#5114,#5115,
#5116,#5117,#5118,#5119,#5120,#5121,#5122,#5123,#5124,#5125,#5126,#5127,
#5128,#5129,#5130,#5131,#5132,#5133,#5134,#5135,#5136,#5137,#5138,#5139,
#5140,#5141,#5142,#5143,#5144,#5145,#5146,#5147,#5148,#5149,#5150,#5151,
#5152,#5153,#5154,#5155,#5156,#5157,#5158,#5159,#5160,#5161,#5162,#5163,
#5164,#5165,#5166,#5167,#5168,#5169,#5170,#5171,#5172,#5173,#5174,#5175,
#5176,#5177,#5178,#5179,#5180,#5181,#5182,#5183,#5184,#5185,#5186,#5187,
#5188,#5189,#5190,#5191,#5192,#5193,#5194,#5195,#5196,#5197,#5198,#5199,
#5200,#5201,#5202,#5203,#5204,#5205,#5206,#5207,#5208,#5209,#5210,#5211));
#5247=CLOSED_SHELL('',(#5212,#5213,#5214,#5215,#5216,#5217,#5218,#5219,
#5220,#5221,#5222,#5223,#5224,#5225,#5226,#5227,#5228,#5229,#5230,#5231,
#5232,#5233,#5234,#5235,#5236,#5237,#5238,#5239,#5240,#5241,#5242,#5243,
#5244,#5245));
#5248=DERIVED_UNIT_ELEMENT(#5252,1.);
#5249=DERIVED_UNIT_ELEMENT(#9085,-3.);
#5250=DERIVED_UNIT_ELEMENT(#5252,1.);
#5251=DERIVED_UNIT_ELEMENT(#9085,-3.);
#5252=(
MASS_UNIT()
NAMED_UNIT(*)
SI_UNIT(.KILO.,.GRAM.)
);
#5253=DERIVED_UNIT((#5248,#5249));
#5254=DERIVED_UNIT((#5250,#5251));
#5255=MEASURE_REPRESENTATION_ITEM('density measure',
POSITIVE_RATIO_MEASURE(7850.),#5253);
#5256=MEASURE_REPRESENTATION_ITEM('density measure',
POSITIVE_RATIO_MEASURE(7850.),#5254);
#5257=PROPERTY_DEFINITION_REPRESENTATION(#5267,#5261);
#5258=PROPERTY_DEFINITION_REPRESENTATION(#5268,#5262);
#5259=PROPERTY_DEFINITION_REPRESENTATION(#5269,#5263);
#5260=PROPERTY_DEFINITION_REPRESENTATION(#5270,#5264);
#5261=REPRESENTATION('material name',(#5265),#9081);
#5262=REPRESENTATION('density',(#5255),#9081);
#5263=REPRESENTATION('material name',(#5266),#9082);
#5264=REPRESENTATION('density',(#5256),#9082);
#5265=DESCRIPTIVE_REPRESENTATION_ITEM('Steel','Steel');
#5266=DESCRIPTIVE_REPRESENTATION_ITEM('Steel','Steel');
#5267=PROPERTY_DEFINITION('material property','material name',#9102);
#5268=PROPERTY_DEFINITION('material property','density of part',#9102);
#5269=PROPERTY_DEFINITION('material property','material name',#9103);
#5270=PROPERTY_DEFINITION('material property','density of part',#9103);
#5271=AXIS2_PLACEMENT_3D('',#6623,#5543,#5544);
#5272=AXIS2_PLACEMENT_3D('',#6624,#5545,#5546);
#5273=AXIS2_PLACEMENT_3D('',#6625,#5547,#5548);
#5274=AXIS2_PLACEMENT_3D('',#6628,#5549,#5550);
#5275=AXIS2_PLACEMENT_3D('',#6630,#5551,#5552);
#5276=AXIS2_PLACEMENT_3D('',#6632,#5553,#5554);
#5277=AXIS2_PLACEMENT_3D('',#6633,#5555,#5556);
#5278=AXIS2_PLACEMENT_3D('',#6634,#5557,#5558);
#5279=AXIS2_PLACEMENT_3D('',#6637,#5559,#5560);
#5280=AXIS2_PLACEMENT_3D('',#6640,#5563,#5564);
#5281=AXIS2_PLACEMENT_3D('',#6644,#5567,#5568);
#5282=AXIS2_PLACEMENT_3D('',#6647,#5569,#5570);
#5283=AXIS2_PLACEMENT_3D('',#6651,#5572,#5573);
#5284=AXIS2_PLACEMENT_3D('',#6653,#5575,#5576);
#5285=AXIS2_PLACEMENT_3D('',#6656,#5577,#5578);
#5286=AXIS2_PLACEMENT_3D('',#6657,#5579,#5580);
#5287=AXIS2_PLACEMENT_3D('',#6658,#5581,#5582);
#5288=AXIS2_PLACEMENT_3D('',#6659,#5583,#5584);
#5289=AXIS2_PLACEMENT_3D('',#6663,#5586,#5587);
#5290=AXIS2_PLACEMENT_3D('',#6665,#5589,#5590);
#5291=AXIS2_PLACEMENT_3D('',#6668,#5593,#5594);
#5292=AXIS2_PLACEMENT_3D('',#6670,#5596,#5597);
#5293=AXIS2_PLACEMENT_3D('',#6673,#5598,#5599);
#5294=AXIS2_PLACEMENT_3D('',#6677,#5601,#5602);
#5295=AXIS2_PLACEMENT_3D('',#6679,#5604,#5605);
#5296=AXIS2_PLACEMENT_3D('',#6682,#5606,#5607);
#5297=AXIS2_PLACEMENT_3D('',#6683,#5608,#5609);
#5298=AXIS2_PLACEMENT_3D('',#6684,#5610,#5611);
#5299=AXIS2_PLACEMENT_3D('',#6685,#5612,#5613);
#5300=AXIS2_PLACEMENT_3D('',#6688,#5614,#5615);
#5301=AXIS2_PLACEMENT_3D('',#6691,#5618,#5619);
#5302=AXIS2_PLACEMENT_3D('',#6694,#5620,#5621);
#5303=AXIS2_PLACEMENT_3D('',#6695,#5622,#5623);
#5304=AXIS2_PLACEMENT_3D('',#6696,#5624,#5625);
#5305=AXIS2_PLACEMENT_3D('',#6697,#5626,#5627);
#5306=AXIS2_PLACEMENT_3D('',#6700,#5628,#5629);
#5307=AXIS2_PLACEMENT_3D('',#6703,#5632,#5633);
#5308=AXIS2_PLACEMENT_3D('',#6706,#5634,#5635);
#5309=AXIS2_PLACEMENT_3D('',#6707,#5636,#5637);
#5310=AXIS2_PLACEMENT_3D('',#6708,#5638,#5639);
#5311=AXIS2_PLACEMENT_3D('',#6709,#5640,#5641);
#5312=AXIS2_PLACEMENT_3D('',#6712,#5642,#5643);
#5313=AXIS2_PLACEMENT_3D('',#6715,#5646,#5647);
#5314=AXIS2_PLACEMENT_3D('',#6718,#5648,#5649);
#5315=AXIS2_PLACEMENT_3D('',#6719,#5650,#5651);
#5316=AXIS2_PLACEMENT_3D('',#6720,#5652,#5653);
#5317=AXIS2_PLACEMENT_3D('',#6721,#5654,#5655);
#5318=AXIS2_PLACEMENT_3D('',#6724,#5656,#5657);
#5319=AXIS2_PLACEMENT_3D('',#6727,#5660,#5661);
#5320=AXIS2_PLACEMENT_3D('',#7147,#5767,#5768);
#5321=AXIS2_PLACEMENT_3D('',#7149,#5769,#5770);
#5322=AXIS2_PLACEMENT_3D('',#7151,#5771,#5772);
#5323=AXIS2_PLACEMENT_3D('',#7153,#5773,#5774);
#5324=AXIS2_PLACEMENT_3D('',#7154,#5775,#5776);
#5325=AXIS2_PLACEMENT_3D('',#7159,#5778,#5779);
#5326=AXIS2_PLACEMENT_3D('',#7162,#5781,#5782);
#5327=AXIS2_PLACEMENT_3D('',#7163,#5783,#5784);
#5328=AXIS2_PLACEMENT_3D('',#7167,#5786,#5787);
#5329=AXIS2_PLACEMENT_3D('',#7169,#5789,#5790);
#5330=AXIS2_PLACEMENT_3D('',#7173,#5792,#5793);
#5331=AXIS2_PLACEMENT_3D('',#7175,#5795,#5796);
#5332=AXIS2_PLACEMENT_3D('',#7179,#5798,#5799);
#5333=AXIS2_PLACEMENT_3D('',#7181,#5801,#5802);
#5334=AXIS2_PLACEMENT_3D('',#7187,#5806,#5807);
#5335=AXIS2_PLACEMENT_3D('',#7191,#5810,#5811);
#5336=AXIS2_PLACEMENT_3D('',#7195,#5814,#5815);
#5337=AXIS2_PLACEMENT_3D('',#7199,#5817,#5818);
#5338=AXIS2_PLACEMENT_3D('',#7201,#5820,#5821);
#5339=AXIS2_PLACEMENT_3D('',#7203,#5823,#5824);
#5340=AXIS2_PLACEMENT_3D('',#7209,#5827,#5828);
#5341=AXIS2_PLACEMENT_3D('',#7217,#5834,#5835);
#5342=AXIS2_PLACEMENT_3D('',#7220,#5838,#5839);
#5343=AXIS2_PLACEMENT_3D('',#7221,#5840,#5841);
#5344=AXIS2_PLACEMENT_3D('',#7227,#5845,#5846);
#5345=AXIS2_PLACEMENT_3D('',#7231,#5849,#5850);
#5346=AXIS2_PLACEMENT_3D('',#7235,#5853,#5854);
#5347=AXIS2_PLACEMENT_3D('',#7241,#5858,#5859);
#5348=AXIS2_PLACEMENT_3D('',#7245,#5862,#5863);
#5349=AXIS2_PLACEMENT_3D('',#7249,#5866,#5867);
#5350=AXIS2_PLACEMENT_3D('',#7251,#5869,#5870);
#5351=AXIS2_PLACEMENT_3D('',#7252,#5871,#5872);
#5352=AXIS2_PLACEMENT_3D('',#7257,#5875,#5876);
#5353=AXIS2_PLACEMENT_3D('',#7261,#5878,#5879);
#5354=AXIS2_PLACEMENT_3D('',#7265,#5881,#5882);
#5355=AXIS2_PLACEMENT_3D('',#7268,#5884,#5885);
#5356=AXIS2_PLACEMENT_3D('',#7350,#5926,#5927);
#5357=AXIS2_PLACEMENT_3D('',#7352,#5928,#5929);
#5358=AXIS2_PLACEMENT_3D('',#7354,#5930,#5931);
#5359=AXIS2_PLACEMENT_3D('',#7356,#5932,#5933);
#5360=AXIS2_PLACEMENT_3D('',#7359,#5936,#5937);
#5361=AXIS2_PLACEMENT_3D('',#7361,#5939,#5940);
#5362=AXIS2_PLACEMENT_3D('',#7362,#5941,#5942);
#5363=AXIS2_PLACEMENT_3D('',#7365,#5945,#5946);
#5364=AXIS2_PLACEMENT_3D('',#7367,#5948,#5949);
#5365=AXIS2_PLACEMENT_3D('',#7370,#5952,#5953);
#5366=AXIS2_PLACEMENT_3D('',#7372,#5955,#5956);
#5367=AXIS2_PLACEMENT_3D('',#7374,#5958,#5959);
#5368=AXIS2_PLACEMENT_3D('',#7375,#5960,#5961);
#5369=AXIS2_PLACEMENT_3D('',#7378,#5964,#5965);
#5370=AXIS2_PLACEMENT_3D('',#7380,#5967,#5968);
#5371=AXIS2_PLACEMENT_3D('',#7382,#5970,#5971);
#5372=AXIS2_PLACEMENT_3D('',#7383,#5972,#5973);
#5373=AXIS2_PLACEMENT_3D('',#7386,#5976,#5977);
#5374=AXIS2_PLACEMENT_3D('',#7388,#5979,#5980);
#5375=AXIS2_PLACEMENT_3D('',#7390,#5982,#5983);
#5376=AXIS2_PLACEMENT_3D('',#7391,#5984,#5985);
#5377=AXIS2_PLACEMENT_3D('',#7394,#5988,#5989);
#5378=AXIS2_PLACEMENT_3D('',#7396,#5991,#5992);
#5379=AXIS2_PLACEMENT_3D('',#7398,#5994,#5995);
#5380=AXIS2_PLACEMENT_3D('',#7399,#5996,#5997);
#5381=AXIS2_PLACEMENT_3D('',#7402,#6000,#6001);
#5382=AXIS2_PLACEMENT_3D('',#7404,#6003,#6004);
#5383=AXIS2_PLACEMENT_3D('',#7406,#6006,#6007);
#5384=AXIS2_PLACEMENT_3D('',#7407,#6008,#6009);
#5385=AXIS2_PLACEMENT_3D('',#7410,#6012,#6013);
#5386=AXIS2_PLACEMENT_3D('',#7412,#6015,#6016);
#5387=AXIS2_PLACEMENT_3D('',#7414,#6018,#6019);
#5388=AXIS2_PLACEMENT_3D('',#7415,#6020,#6021);
#5389=AXIS2_PLACEMENT_3D('',#7418,#6024,#6025);
#5390=AXIS2_PLACEMENT_3D('',#7420,#6027,#6028);
#5391=AXIS2_PLACEMENT_3D('',#7422,#6030,#6031);
#5392=AXIS2_PLACEMENT_3D('',#7423,#6032,#6033);
#5393=AXIS2_PLACEMENT_3D('',#7426,#6036,#6037);
#5394=AXIS2_PLACEMENT_3D('',#7428,#6039,#6040);
#5395=AXIS2_PLACEMENT_3D('',#7430,#6042,#6043);
#5396=AXIS2_PLACEMENT_3D('',#7431,#6044,#6045);
#5397=AXIS2_PLACEMENT_3D('',#7434,#6048,#6049);
#5398=AXIS2_PLACEMENT_3D('',#7436,#6051,#6052);
#5399=AXIS2_PLACEMENT_3D('',#7438,#6054,#6055);
#5400=AXIS2_PLACEMENT_3D('',#7439,#6056,#6057);
#5401=AXIS2_PLACEMENT_3D('',#7441,#6059,#6060);
#5402=AXIS2_PLACEMENT_3D('',#7443,#6062,#6063);
#5403=AXIS2_PLACEMENT_3D('',#7445,#6065,#6066);
#5404=AXIS2_PLACEMENT_3D('',#7447,#6068,#6069);
#5405=AXIS2_PLACEMENT_3D('',#7453,#6073,#6074);
#5406=AXIS2_PLACEMENT_3D('',#7457,#6077,#6078);
#5407=AXIS2_PLACEMENT_3D('',#7461,#6081,#6082);
#5408=AXIS2_PLACEMENT_3D('',#7465,#6085,#6086);
#5409=AXIS2_PLACEMENT_3D('',#7469,#6089,#6090);
#5410=AXIS2_PLACEMENT_3D('',#7473,#6093,#6094);
#5411=AXIS2_PLACEMENT_3D('',#7477,#6097,#6098);
#5412=AXIS2_PLACEMENT_3D('',#7481,#6101,#6102);
#5413=AXIS2_PLACEMENT_3D('',#7485,#6105,#6106);
#5414=AXIS2_PLACEMENT_3D('',#7489,#6109,#6110);
#5415=AXIS2_PLACEMENT_3D('',#7493,#6113,#6114);
#5416=AXIS2_PLACEMENT_3D('',#7495,#6116,#6117);
#5417=AXIS2_PLACEMENT_3D('',#7496,#6118,#6119);
#5418=AXIS2_PLACEMENT_3D('',#7502,#6123,#6124);
#5419=AXIS2_PLACEMENT_3D('',#7506,#6127,#6128);
#5420=AXIS2_PLACEMENT_3D('',#7510,#6131,#6132);
#5421=AXIS2_PLACEMENT_3D('',#7514,#6135,#6136);
#5422=AXIS2_PLACEMENT_3D('',#7518,#6139,#6140);
#5423=AXIS2_PLACEMENT_3D('',#7522,#6143,#6144);
#5424=AXIS2_PLACEMENT_3D('',#7526,#6147,#6148);
#5425=AXIS2_PLACEMENT_3D('',#7530,#6151,#6152);
#5426=AXIS2_PLACEMENT_3D('',#7534,#6155,#6156);
#5427=AXIS2_PLACEMENT_3D('',#7538,#6159,#6160);
#5428=AXIS2_PLACEMENT_3D('',#7542,#6163,#6164);
#5429=AXIS2_PLACEMENT_3D('',#7544,#6166,#6167);
#5430=AXIS2_PLACEMENT_3D('',#7545,#6168,#6169);
#5431=AXIS2_PLACEMENT_3D('',#7551,#6173,#6174);
#5432=AXIS2_PLACEMENT_3D('',#7555,#6177,#6178);
#5433=AXIS2_PLACEMENT_3D('',#7559,#6181,#6182);
#5434=AXIS2_PLACEMENT_3D('',#7563,#6185,#6186);
#5435=AXIS2_PLACEMENT_3D('',#7567,#6189,#6190);
#5436=AXIS2_PLACEMENT_3D('',#7571,#6193,#6194);
#5437=AXIS2_PLACEMENT_3D('',#7575,#6197,#6198);
#5438=AXIS2_PLACEMENT_3D('',#7579,#6201,#6202);
#5439=AXIS2_PLACEMENT_3D('',#7583,#6205,#6206);
#5440=AXIS2_PLACEMENT_3D('',#7587,#6209,#6210);
#5441=AXIS2_PLACEMENT_3D('',#7591,#6213,#6214);
#5442=AXIS2_PLACEMENT_3D('',#7593,#6216,#6217);
#5443=AXIS2_PLACEMENT_3D('',#7594,#6218,#6219);
#5444=AXIS2_PLACEMENT_3D('',#7600,#6223,#6224);
#5445=AXIS2_PLACEMENT_3D('',#7604,#6227,#6228);
#5446=AXIS2_PLACEMENT_3D('',#7608,#6231,#6232);
#5447=AXIS2_PLACEMENT_3D('',#7612,#6235,#6236);
#5448=AXIS2_PLACEMENT_3D('',#7616,#6239,#6240);
#5449=AXIS2_PLACEMENT_3D('',#7618,#6242,#6243);
#5450=AXIS2_PLACEMENT_3D('',#7619,#6244,#6245);
#5451=AXIS2_PLACEMENT_3D('',#7625,#6249,#6250);
#5452=AXIS2_PLACEMENT_3D('',#7629,#6253,#6254);
#5453=AXIS2_PLACEMENT_3D('',#7633,#6257,#6258);
#5454=AXIS2_PLACEMENT_3D('',#7635,#6260,#6261);
#5455=AXIS2_PLACEMENT_3D('',#7636,#6262,#6263);
#5456=AXIS2_PLACEMENT_3D('',#7642,#6267,#6268);
#5457=AXIS2_PLACEMENT_3D('',#7646,#6271,#6272);
#5458=AXIS2_PLACEMENT_3D('',#7650,#6275,#6276);
#5459=AXIS2_PLACEMENT_3D('',#7654,#6279,#6280);
#5460=AXIS2_PLACEMENT_3D('',#7658,#6283,#6284);
#5461=AXIS2_PLACEMENT_3D('',#7660,#6286,#6287);
#5462=AXIS2_PLACEMENT_3D('',#7661,#6288,#6289);
#5463=AXIS2_PLACEMENT_3D('',#7762,#6298,#6299);
#5464=AXIS2_PLACEMENT_3D('',#7768,#6303,#6304);
#5465=AXIS2_PLACEMENT_3D('',#7771,#6307,#6308);
#5466=AXIS2_PLACEMENT_3D('',#7872,#6317,#6318);
#5467=AXIS2_PLACEMENT_3D('',#7878,#6322,#6323);
#5468=AXIS2_PLACEMENT_3D('',#8053,#6337,#6338);
#5469=AXIS2_PLACEMENT_3D('',#8057,#6341,#6342);
#5470=AXIS2_PLACEMENT_3D('',#8061,#6345,#6346);
#5471=AXIS2_PLACEMENT_3D('',#8063,#6348,#6349);
#5472=AXIS2_PLACEMENT_3D('',#8064,#6350,#6351);
#5473=AXIS2_PLACEMENT_3D('',#8258,#6363,#6364);
#5474=AXIS2_PLACEMENT_3D('',#8666,#6394,#6395);
#5475=AXIS2_PLACEMENT_3D('',#8877,#6412,#6413);
#5476=AXIS2_PLACEMENT_3D('',#8878,#6414,#6415);
#5477=AXIS2_PLACEMENT_3D('',#8879,#6416,#6417);
#5478=AXIS2_PLACEMENT_3D('',#8881,#6419,#6420);
#5479=AXIS2_PLACEMENT_3D('',#8883,#6422,#6423);
#5480=AXIS2_PLACEMENT_3D('',#8885,#6425,#6426);
#5481=AXIS2_PLACEMENT_3D('',#8887,#6428,#6429);
#5482=AXIS2_PLACEMENT_3D('',#8889,#6431,#6432);
#5483=AXIS2_PLACEMENT_3D('',#8891,#6434,#6435);
#5484=AXIS2_PLACEMENT_3D('',#8892,#6436,#6437);
#5485=AXIS2_PLACEMENT_3D('',#8893,#6438,#6439);
#5486=AXIS2_PLACEMENT_3D('',#8894,#6440,#6441);
#5487=AXIS2_PLACEMENT_3D('',#8895,#6442,#6443);
#5488=AXIS2_PLACEMENT_3D('',#8897,#6445,#6446);
#5489=AXIS2_PLACEMENT_3D('',#8898,#6447,#6448);
#5490=AXIS2_PLACEMENT_3D('',#8899,#6449,#6450);
#5491=AXIS2_PLACEMENT_3D('',#8908,#6455,#6456);
#5492=AXIS2_PLACEMENT_3D('',#8914,#6460,#6461);
#5493=AXIS2_PLACEMENT_3D('',#8926,#6468,#6469);
#5494=AXIS2_PLACEMENT_3D('',#8935,#6474,#6475);
#5495=AXIS2_PLACEMENT_3D('',#8941,#6479,#6480);
#5496=AXIS2_PLACEMENT_3D('',#8947,#6484,#6485);
#5497=AXIS2_PLACEMENT_3D('',#8949,#6487,#6488);
#5498=AXIS2_PLACEMENT_3D('',#8968,#6498,#6499);
#5499=AXIS2_PLACEMENT_3D('',#8970,#6500,#6501);
#5500=AXIS2_PLACEMENT_3D('',#8972,#6502,#6503);
#5501=AXIS2_PLACEMENT_3D('',#8974,#6504,#6505);
#5502=AXIS2_PLACEMENT_3D('',#8975,#6506,#6507);
#5503=AXIS2_PLACEMENT_3D('',#8977,#6508,#6509);
#5504=AXIS2_PLACEMENT_3D('',#8979,#6510,#6511);
#5505=AXIS2_PLACEMENT_3D('',#8983,#6513,#6514);
#5506=AXIS2_PLACEMENT_3D('',#8987,#6516,#6517);
#5507=AXIS2_PLACEMENT_3D('',#8989,#6519,#6520);
#5508=AXIS2_PLACEMENT_3D('',#8998,#6526,#6527);
#5509=AXIS2_PLACEMENT_3D('',#9000,#6529,#6530);
#5510=AXIS2_PLACEMENT_3D('',#9004,#6533,#6534);
#5511=AXIS2_PLACEMENT_3D('',#9008,#6537,#6538);
#5512=AXIS2_PLACEMENT_3D('',#9012,#6541,#6542);
#5513=AXIS2_PLACEMENT_3D('',#9016,#6545,#6546);
#5514=AXIS2_PLACEMENT_3D('',#9018,#6547,#6548);
#5515=AXIS2_PLACEMENT_3D('',#9022,#6550,#6551);
#5516=AXIS2_PLACEMENT_3D('',#9026,#6553,#6554);
#5517=AXIS2_PLACEMENT_3D('',#9029,#6556,#6557);
#5518=AXIS2_PLACEMENT_3D('',#9035,#6561,#6562);
#5519=AXIS2_PLACEMENT_3D('',#9037,#6564,#6565);
#5520=AXIS2_PLACEMENT_3D('',#9039,#6567,#6568);
#5521=AXIS2_PLACEMENT_3D('',#9041,#6570,#6571);
#5522=AXIS2_PLACEMENT_3D('',#9043,#6573,#6574);
#5523=AXIS2_PLACEMENT_3D('',#9045,#6576,#6577);
#5524=AXIS2_PLACEMENT_3D('',#9048,#6580,#6581);
#5525=AXIS2_PLACEMENT_3D('',#9050,#6583,#6584);
#5526=AXIS2_PLACEMENT_3D('',#9051,#6585,#6586);
#5527=AXIS2_PLACEMENT_3D('',#9054,#6588,#6589);
#5528=AXIS2_PLACEMENT_3D('',#9055,#6590,#6591);
#5529=AXIS2_PLACEMENT_3D('',#9056,#6592,#6593);
#5530=AXIS2_PLACEMENT_3D('',#9059,#6595,#6596);
#5531=AXIS2_PLACEMENT_3D('',#9060,#6597,#6598);
#5532=AXIS2_PLACEMENT_3D('',#9061,#6599,#6600);
#5533=AXIS2_PLACEMENT_3D('',#9064,#6602,#6603);
#5534=AXIS2_PLACEMENT_3D('',#9065,#6604,#6605);
#5535=AXIS2_PLACEMENT_3D('',#9066,#6606,#6607);
#5536=AXIS2_PLACEMENT_3D('',#9069,#6609,#6610);
#5537=AXIS2_PLACEMENT_3D('',#9070,#6611,#6612);
#5538=AXIS2_PLACEMENT_3D('',#9071,#6613,#6614);
#5539=AXIS2_PLACEMENT_3D('',#9072,#6615,#6616);
#5540=AXIS2_PLACEMENT_3D('',#9073,#6617,#6618);
#5541=AXIS2_PLACEMENT_3D('',#9074,#6619,#6620);
#5542=AXIS2_PLACEMENT_3D('',#9075,#6621,#6622);
#5543=DIRECTION('axis',(0.,0.,1.));
#5544=DIRECTION('refdir',(1.,0.,0.));
#5545=DIRECTION('axis',(0.,0.,1.));
#5546=DIRECTION('refdir',(1.,0.,0.));
#5547=DIRECTION('center_axis',(1.,0.,8.58399928915787E-9));
#5548=DIRECTION('ref_axis',(8.58399857861514E-9,0.,-1.));
#5549=DIRECTION('center_axis',(0.,1.,0.));
#5550=DIRECTION('ref_axis',(-0.707106784428608,0.,0.707106777944487));
#5551=DIRECTION('center_axis',(1.,0.,8.58399928915787E-9));
#5552=DIRECTION('ref_axis',(-6.06980410706403E-9,-0.707106781186548,0.707106781186547));
#5553=DIRECTION('center_axis',(-8.58399869703891E-9,-2.96059473233374E-15,
1.));
#5554=DIRECTION('ref_axis',(-1.,-2.96059473233374E-15,-8.58399869703891E-9));
#5555=DIRECTION('center_axis',(-1.,0.,-8.58399928915787E-9));
#5556=DIRECTION('ref_axis',(-6.06980410378099E-9,-0.707106781186548,0.707106781186547));
#5557=DIRECTION('center_axis',(9.16994456173608E-9,0.,-1.));
#5558=DIRECTION('ref_axis',(-0.707106781186543,-0.707106781186552,-6.48413015365327E-9));
#5559=DIRECTION('center_axis',(0.,0.,-1.));
#5560=DIRECTION('ref_axis',(-0.707106781186552,0.707106781186543,0.));
#5561=DIRECTION('',(-9.16994456173608E-9,0.,1.));
#5562=DIRECTION('',(9.16994456173608E-9,0.,-1.));
#5563=DIRECTION('center_axis',(-1.,0.,-8.58399928915787E-9));
#5564=DIRECTION('ref_axis',(0.,-1.,0.));
#5565=DIRECTION('',(9.16994456173608E-9,0.,-1.));
#5566=DIRECTION('',(0.,-1.,0.));
#5567=DIRECTION('center_axis',(0.,0.,1.));
#5568=DIRECTION('ref_axis',(0.707106781186543,-0.707106781186552,0.));
#5569=DIRECTION('center_axis',(0.,0.,-1.));
#5570=DIRECTION('ref_axis',(0.707106781186543,-0.707106781186552,0.));
#5571=DIRECTION('',(0.,0.,1.));
#5572=DIRECTION('center_axis',(0.,0.,-1.));
#5573=DIRECTION('ref_axis',(1.,0.,0.));
#5574=DIRECTION('',(0.,0.,-1.));
#5575=DIRECTION('center_axis',(-1.,0.,0.));
#5576=DIRECTION('ref_axis',(0.,0.,1.));
#5577=DIRECTION('center_axis',(0.,1.,0.));
#5578=DIRECTION('ref_axis',(0.70710678791834,0.,0.707106774454755));
#5579=DIRECTION('center_axis',(1.,0.,0.));
#5580=DIRECTION('ref_axis',(0.,-0.707106781186547,0.707106781186547));
#5581=DIRECTION('center_axis',(-1.,0.,0.));
#5582=DIRECTION('ref_axis',(0.,-0.707106781186547,0.707106781186547));
#5583=DIRECTION('center_axis',(1.,0.,0.));
#5584=DIRECTION('ref_axis',(0.,-0.707106781186547,0.707106781186547));
#5585=DIRECTION('',(-1.,0.,1.90403724673084E-8));
#5586=DIRECTION('center_axis',(1.,0.,0.));
#5587=DIRECTION('ref_axis',(0.,0.,1.));
#5588=DIRECTION('',(1.,0.,0.));
#5589=DIRECTION('center_axis',(1.,0.,8.58399928915787E-9));
#5590=DIRECTION('ref_axis',(-6.0698015949161E-9,-0.707106781186547,0.707106781186547));
#5591=DIRECTION('',(1.,0.,8.58399928915787E-9));
#5592=DIRECTION('',(-1.,0.,0.));
#5593=DIRECTION('center_axis',(0.,-1.,0.));
#5594=DIRECTION('ref_axis',(0.,0.,-1.));
#5595=DIRECTION('',(-1.,0.,0.));
#5596=DIRECTION('center_axis',(1.,0.,0.));
#5597=DIRECTION('ref_axis',(0.,0.707106781186549,0.707106781186546));
#5598=DIRECTION('center_axis',(-1.,0.,0.));
#5599=DIRECTION('ref_axis',(0.,0.,1.));
#5600=DIRECTION('',(-1.,0.,0.));
#5601=DIRECTION('center_axis',(-1.,0.,0.));
#5602=DIRECTION('ref_axis',(0.,0.707106781186549,0.707106781186546));
#5603=DIRECTION('',(1.,0.,0.));
#5604=DIRECTION('center_axis',(0.,0.,-1.));
#5605=DIRECTION('ref_axis',(-1.,0.,0.));
#5606=DIRECTION('center_axis',(0.,1.,0.));
#5607=DIRECTION('ref_axis',(0.,0.,1.));
#5608=DIRECTION('center_axis',(0.,0.,1.));
#5609=DIRECTION('ref_axis',(0.707106781186547,0.707106781186548,0.));
#5610=DIRECTION('center_axis',(0.,0.,-1.));
#5611=DIRECTION('ref_axis',(0.707106781186547,0.707106781186548,0.));
#5612=DIRECTION('center_axis',(0.,1.,0.));
#5613=DIRECTION('ref_axis',(0.707106781186546,0.,0.707106781186549));
#5614=DIRECTION('center_axis',(0.,1.,0.));
#5615=DIRECTION('ref_axis',(0.,0.,1.));
#5616=DIRECTION('',(0.,1.,0.));
#5617=DIRECTION('',(0.,-1.,0.));
#5618=DIRECTION('center_axis',(0.,0.,-1.));
#5619=DIRECTION('ref_axis',(-1.,0.,0.));
#5620=DIRECTION('center_axis',(1.,0.,0.));
#5621=DIRECTION('ref_axis',(0.,0.,1.));
#5622=DIRECTION('center_axis',(0.,0.,1.));
#5623=DIRECTION('ref_axis',(0.707106781186547,-0.707106781186548,0.));
#5624=DIRECTION('center_axis',(0.,0.,-1.));
#5625=DIRECTION('ref_axis',(0.707106781186547,-0.707106781186548,0.));
#5626=DIRECTION('center_axis',(1.,0.,0.));
#5627=DIRECTION('ref_axis',(0.,-0.707106781186548,0.707106781186548));
#5628=DIRECTION('center_axis',(1.,0.,0.));
#5629=DIRECTION('ref_axis',(0.,0.,1.));
#5630=DIRECTION('',(1.,0.,0.));
#5631=DIRECTION('',(-1.,0.,0.));
#5632=DIRECTION('center_axis',(0.,0.,-1.));
#5633=DIRECTION('ref_axis',(-1.,0.,0.));
#5634=DIRECTION('center_axis',(0.,-1.,0.));
#5635=DIRECTION('ref_axis',(0.,0.,1.));
#5636=DIRECTION('center_axis',(0.,0.,1.));
#5637=DIRECTION('ref_axis',(-0.707106781186547,-0.707106781186548,0.));
#5638=DIRECTION('center_axis',(0.,0.,-1.));
#5639=DIRECTION('ref_axis',(-0.707106781186547,-0.707106781186548,0.));
#5640=DIRECTION('center_axis',(0.,-1.,0.));
#5641=DIRECTION('ref_axis',(-0.70710678118654,0.,0.707106781186555));
#5642=DIRECTION('center_axis',(0.,-1.,0.));
#5643=DIRECTION('ref_axis',(0.,0.,1.));
#5644=DIRECTION('',(0.,-1.,0.));
#5645=DIRECTION('',(0.,1.,0.));
#5646=DIRECTION('center_axis',(0.,0.,-1.));
#5647=DIRECTION('ref_axis',(-1.,0.,0.));
#5648=DIRECTION('center_axis',(-1.,0.,0.));
#5649=DIRECTION('ref_axis',(0.,0.,1.));
#5650=DIRECTION('center_axis',(0.,0.,1.));
#5651=DIRECTION('ref_axis',(-0.707106781186547,0.707106781186548,0.));
#5652=DIRECTION('center_axis',(0.,0.,-1.));
#5653=DIRECTION('ref_axis',(-0.707106781186547,0.707106781186548,0.));
#5654=DIRECTION('center_axis',(1.,0.,0.));
#5655=DIRECTION('ref_axis',(0.,0.707106781186549,0.707106781186546));
#5656=DIRECTION('center_axis',(1.,0.,9.16994456173608E-9));
#5657=DIRECTION('ref_axis',(-6.48412998270827E-9,0.707106781186549,0.707106781186546));
#5658=DIRECTION('',(-1.,0.,0.));
#5659=DIRECTION('',(1.,0.,0.));
#5660=DIRECTION('center_axis',(0.,0.,1.));
#5661=DIRECTION('ref_axis',(-1.,0.,0.));
#5662=DIRECTION('',(0.,1.,0.));
#5663=DIRECTION('',(0.,-1.,0.));
#5664=DIRECTION('',(1.,0.,0.));
#5665=DIRECTION('',(0.,-1.,0.));
#5666=DIRECTION('',(-1.,0.,0.));
#5667=DIRECTION('',(0.,1.,0.));
#5668=DIRECTION('',(0.,1.,0.));
#5669=DIRECTION('',(1.,0.,0.));
#5670=DIRECTION('',(0.,-1.,0.));
#5671=DIRECTION('',(-1.,0.,0.));
#5672=DIRECTION('',(0.,1.,0.));
#5673=DIRECTION('',(1.,0.,0.));
#5674=DIRECTION('',(0.,-1.,0.));
#5675=DIRECTION('',(-1.,0.,0.));
#5676=DIRECTION('',(1.,0.,0.));
#5677=DIRECTION('',(0.,-1.,0.));
#5678=DIRECTION('',(-1.,0.,0.));
#5679=DIRECTION('',(0.,1.,0.));
#5680=DIRECTION('',(0.,1.,0.));
#5681=DIRECTION('',(1.,0.,0.));
#5682=DIRECTION('',(0.,-1.,0.));
#5683=DIRECTION('',(-1.,0.,0.));
#5684=DIRECTION('',(1.,0.,0.));
#5685=DIRECTION('',(0.,-1.,0.));
#5686=DIRECTION('',(-1.,0.,0.));
#5687=DIRECTION('',(0.,1.,0.));
#5688=DIRECTION('',(1.,0.,0.));
#5689=DIRECTION('',(0.,-1.,0.));
#5690=DIRECTION('',(-1.,0.,0.));
#5691=DIRECTION('',(0.,1.,0.));
#5692=DIRECTION('',(1.,0.,0.));
#5693=DIRECTION('',(0.,-1.,0.));
#5694=DIRECTION('',(-1.,0.,0.));
#5695=DIRECTION('',(0.,1.,0.));
#5696=DIRECTION('',(0.,1.,0.));
#5697=DIRECTION('',(1.,0.,0.));
#5698=DIRECTION('',(0.,-1.,0.));
#5699=DIRECTION('',(-1.,2.81722068435977E-15,0.));
#5700=DIRECTION('',(0.,-1.,0.));
#5701=DIRECTION('',(1.,0.,0.));
#5702=DIRECTION('',(0.,-1.,0.));
#5703=DIRECTION('',(-1.,1.26882631385732E-16,0.));
#5704=DIRECTION('',(-0.999999737171232,-0.000725022390533069,0.));
#5705=DIRECTION('',(-0.000725022390533069,0.999999737171232,0.));
#5706=DIRECTION('',(0.999999737171232,0.000725022390526584,0.));
#5707=DIRECTION('',(0.,1.,0.));
#5708=DIRECTION('',(1.,0.,0.));
#5709=DIRECTION('',(0.,-1.,0.));
#5710=DIRECTION('',(-1.,0.,0.));
#5711=DIRECTION('',(0.,-1.,0.));
#5712=DIRECTION('',(-1.,0.,0.));
#5713=DIRECTION('',(0.,1.,0.));
#5714=DIRECTION('',(1.,0.,0.));
#5715=DIRECTION('',(0.,1.,0.));
#5716=DIRECTION('',(1.,0.,0.));
#5717=DIRECTION('',(0.,-1.,0.));
#5718=DIRECTION('',(1.,0.,0.));
#5719=DIRECTION('',(0.,-1.,0.));
#5720=DIRECTION('',(-1.,0.,0.));
#5721=DIRECTION('',(0.,1.,0.));
#5722=DIRECTION('',(1.,0.,0.));
#5723=DIRECTION('',(0.,-1.,0.));
#5724=DIRECTION('',(-1.,0.,0.));
#5725=DIRECTION('',(-0.377633481196223,0.925955157596534,0.));
#5726=DIRECTION('',(1.,0.,0.));
#5727=DIRECTION('',(0.370642221571225,-0.928775722975545,0.));
#5728=DIRECTION('',(0.375121624339416,0.926975602134683,0.));
#5729=DIRECTION('',(1.,0.,0.));
#5730=DIRECTION('',(-0.385246811202991,-0.922813575137431,0.));
#5731=DIRECTION('',(1.,0.,0.));
#5732=DIRECTION('',(0.,-1.,0.));
#5733=DIRECTION('',(-1.,0.,0.));
#5734=DIRECTION('',(0.,-1.,0.));
#5735=DIRECTION('',(1.,0.,0.));
#5736=DIRECTION('',(0.,-1.,0.));
#5737=DIRECTION('',(-1.,0.,0.));
#5738=DIRECTION('',(0.,-1.,0.));
#5739=DIRECTION('',(1.,0.,0.));
#5740=DIRECTION('',(0.,-1.,0.));
#5741=DIRECTION('',(-1.,0.,0.));
#5742=DIRECTION('',(0.,1.,0.));
#5743=DIRECTION('',(1.,0.,0.));
#5744=DIRECTION('',(0.,-1.,0.));
#5745=DIRECTION('',(-1.,0.,0.));
#5746=DIRECTION('',(0.,-1.,0.));
#5747=DIRECTION('',(1.,0.,0.));
#5748=DIRECTION('',(0.,-1.,0.));
#5749=DIRECTION('',(-1.,0.,0.));
#5750=DIRECTION('',(0.,-1.,0.));
#5751=DIRECTION('',(1.,0.,0.));
#5752=DIRECTION('',(0.,-1.,0.));
#5753=DIRECTION('',(-1.,0.,0.));
#5754=DIRECTION('',(0.,1.,0.));
#5755=DIRECTION('',(1.,0.,0.));
#5756=DIRECTION('',(0.,-1.,0.));
#5757=DIRECTION('',(-1.,0.,0.));
#5758=DIRECTION('',(0.,-1.,0.));
#5759=DIRECTION('',(1.,0.,0.));
#5760=DIRECTION('',(0.,-1.,0.));
#5761=DIRECTION('',(-1.,0.,0.));
#5762=DIRECTION('',(0.,-1.,0.));
#5763=DIRECTION('',(1.,0.,0.));
#5764=DIRECTION('',(0.,-1.,0.));
#5765=DIRECTION('',(-1.,0.,0.));
#5766=DIRECTION('',(0.,1.,0.));
#5767=DIRECTION('center_axis',(0.,0.,-1.));
#5768=DIRECTION('ref_axis',(-1.,0.,0.));
#5769=DIRECTION('center_axis',(0.,0.,-1.));
#5770=DIRECTION('ref_axis',(-1.,0.,0.));
#5771=DIRECTION('center_axis',(0.,0.,-1.));
#5772=DIRECTION('ref_axis',(-1.,0.,0.));
#5773=DIRECTION('center_axis',(0.,0.,-1.));
#5774=DIRECTION('ref_axis',(-1.,0.,0.));
#5775=DIRECTION('center_axis',(0.,0.,1.));
#5776=DIRECTION('ref_axis',(-0.707106781186547,0.707106781186547,0.));
#5777=DIRECTION('',(0.,0.,-1.));
#5778=DIRECTION('center_axis',(0.,0.,1.));
#5779=DIRECTION('ref_axis',(-0.707106781186547,0.707106781186547,0.));
#5780=DIRECTION('',(0.,0.,1.));
#5781=DIRECTION('center_axis',(0.707106781186548,0.,-0.707106781186548));
#5782=DIRECTION('ref_axis',(-0.707106781186547,0.,-0.707106781186547));
#5783=DIRECTION('center_axis',(-1.,0.,0.));
#5784=DIRECTION('ref_axis',(0.,0.707106781186547,-0.707106781186547));
#5785=DIRECTION('',(-1.,0.,0.));
#5786=DIRECTION('center_axis',(0.707106778151644,0.,0.707106784221451));
#5787=DIRECTION('ref_axis',(0.707106784221451,0.,-0.707106778151644));
#5788=DIRECTION('',(1.,0.,0.));
#5789=DIRECTION('center_axis',(8.58399968213909E-9,0.,-1.));
#5790=DIRECTION('ref_axis',(0.707106781186547,0.707106781186547,6.06980410706403E-9));
#5791=DIRECTION('',(8.58399968213909E-9,0.,-1.));
#5792=DIRECTION('center_axis',(-8.58399928915787E-9,0.,1.));
#5793=DIRECTION('ref_axis',(1.,0.,8.58399928915787E-9));
#5794=DIRECTION('',(-8.58399968213909E-9,0.,1.));
#5795=DIRECTION('center_axis',(0.,0.,-1.));
#5796=DIRECTION('ref_axis',(0.707106781186547,0.707106781186547,0.));
#5797=DIRECTION('',(0.,0.,-1.));
#5798=DIRECTION('center_axis',(0.,0.,1.));
#5799=DIRECTION('ref_axis',(0.707106781186547,0.707106781186547,0.));
#5800=DIRECTION('',(0.,0.,1.));
#5801=DIRECTION('center_axis',(-1.,0.,-8.58399968213909E-9));
#5802=DIRECTION('ref_axis',(8.58399968213909E-9,0.,-1.));
#5803=DIRECTION('',(0.,-1.,0.));
#5804=DIRECTION('',(8.58399968213909E-9,0.,-1.));
#5805=DIRECTION('',(0.,-1.,0.));
#5806=DIRECTION('center_axis',(0.,0.,-1.));
#5807=DIRECTION('ref_axis',(1.,0.,0.));
#5808=DIRECTION('',(0.,-1.,0.));
#5809=DIRECTION('',(1.,0.,0.));
#5810=DIRECTION('center_axis',(1.,0.,0.));
#5811=DIRECTION('ref_axis',(0.,0.,1.));
#5812=DIRECTION('',(0.,1.,0.));
#5813=DIRECTION('',(0.,0.,-1.));
#5814=DIRECTION('center_axis',(0.,-1.,0.));
#5815=DIRECTION('ref_axis',(-0.707106784428608,0.,0.707106777944487));
#5816=DIRECTION('',(0.,1.,0.));
#5817=DIRECTION('center_axis',(0.,-1.,0.));
#5818=DIRECTION('ref_axis',(-0.707106784428608,0.,0.707106777944487));
#5819=DIRECTION('',(0.,-1.,0.));
#5820=DIRECTION('center_axis',(-1.,0.,-9.16994456173608E-9));
#5821=DIRECTION('ref_axis',(9.16994456173608E-9,0.,-1.));
#5822=DIRECTION('',(-9.16994456173608E-9,0.,1.));
#5823=DIRECTION('center_axis',(0.,1.,0.));
#5824=DIRECTION('ref_axis',(0.,0.,1.));
#5825=DIRECTION('',(-1.,0.,0.));
#5826=DIRECTION('',(-1.,0.,1.90403724673084E-8));
#5827=DIRECTION('center_axis',(0.,-1.,0.));
#5828=DIRECTION('ref_axis',(0.70710678791834,0.,0.707106774454755));
#5829=DIRECTION('',(0.,0.,1.));
#5830=DIRECTION('',(0.,0.,1.));
#5831=DIRECTION('',(1.,0.,0.));
#5832=DIRECTION('',(1.,0.,0.));
#5833=DIRECTION('',(0.,0.,-1.));
#5834=DIRECTION('center_axis',(0.,-1.,0.));
#5835=DIRECTION('ref_axis',(0.70710678791834,0.,0.707106774454755));
#5836=DIRECTION('',(0.,1.,0.));
#5837=DIRECTION('',(0.,-1.,0.));
#5838=DIRECTION('center_axis',(1.,0.,0.));
#5839=DIRECTION('ref_axis',(0.,0.,1.));
#5840=DIRECTION('center_axis',(-0.999999737171232,-0.000725022390533069,
0.));
#5841=DIRECTION('ref_axis',(0.,0.,-1.));
#5842=DIRECTION('',(0.,0.,1.));
#5843=DIRECTION('',(0.,0.,-1.));
#5844=DIRECTION('',(0.000725022390533069,-0.999999737171232,0.));
#5845=DIRECTION('center_axis',(0.000725022390533069,-0.999999737171232,
0.));
#5846=DIRECTION('ref_axis',(0.,0.,-1.));
#5847=DIRECTION('',(0.,0.,1.));
#5848=DIRECTION('',(0.999999737171232,0.000725022390533069,0.));
#5849=DIRECTION('center_axis',(1.,0.,0.));
#5850=DIRECTION('ref_axis',(0.,0.,-1.));
#5851=DIRECTION('',(0.,0.,1.));
#5852=DIRECTION('',(0.,1.,0.));
#5853=DIRECTION('center_axis',(0.,1.,0.));
#5854=DIRECTION('ref_axis',(0.,0.,-1.));
#5855=DIRECTION('',(0.,0.,1.));
#5856=DIRECTION('',(0.,0.,-1.));
#5857=DIRECTION('',(-1.,0.,0.));
#5858=DIRECTION('center_axis',(-1.,0.,0.));
#5859=DIRECTION('ref_axis',(0.,0.,1.));
#5860=DIRECTION('',(0.,0.,1.));
#5861=DIRECTION('',(0.,-1.,0.));
#5862=DIRECTION('center_axis',(0.,1.,0.));
#5863=DIRECTION('ref_axis',(-1.,0.,0.));
#5864=DIRECTION('',(0.,0.,1.));
#5865=DIRECTION('',(-1.,0.,0.));
#5866=DIRECTION('center_axis',(0.,0.,1.));
#5867=DIRECTION('ref_axis',(-1.,0.,0.));
#5868=DIRECTION('',(0.,-1.,0.));
#5869=DIRECTION('center_axis',(1.90403724673084E-8,0.,1.));
#5870=DIRECTION('ref_axis',(-1.,0.,1.90403724673084E-8));
#5871=DIRECTION('center_axis',(0.,0.,1.));
#5872=DIRECTION('ref_axis',(-1.,0.,0.));
#5873=DIRECTION('',(0.,-1.,0.));
#5874=DIRECTION('',(1.,0.,0.));
#5875=DIRECTION('center_axis',(0.,0.,1.));
#5876=DIRECTION('ref_axis',(0.707106781186547,0.707106781186547,0.));
#5877=DIRECTION('',(0.,-1.,0.));
#5878=DIRECTION('center_axis',(0.,0.,1.));
#5879=DIRECTION('ref_axis',(0.707106781186547,-0.707106781186547,0.));
#5880=DIRECTION('',(1.,0.,0.));
#5881=DIRECTION('center_axis',(0.,0.,1.));
#5882=DIRECTION('ref_axis',(-0.707106781186547,-0.707106781186547,0.));
#5883=DIRECTION('',(0.,1.,0.));
#5884=DIRECTION('center_axis',(0.,0.,1.));
#5885=DIRECTION('ref_axis',(-0.707106781186547,0.707106781186547,0.));
#5886=DIRECTION('',(-1.,0.,0.));
#5887=DIRECTION('',(0.,-1.,0.));
#5888=DIRECTION('',(1.,0.,0.));
#5889=DIRECTION('',(0.,1.,0.));
#5890=DIRECTION('',(0.,-1.,0.));
#5891=DIRECTION('',(1.,0.,0.));
#5892=DIRECTION('',(0.,1.,0.));
#5893=DIRECTION('',(-1.,0.,0.));
#5894=DIRECTION('',(0.,-1.,0.));
#5895=DIRECTION('',(1.,0.,0.));
#5896=DIRECTION('',(0.,1.,0.));
#5897=DIRECTION('',(-1.,0.,0.));
#5898=DIRECTION('',(-1.,0.,0.));
#5899=DIRECTION('',(0.,-1.,0.));
#5900=DIRECTION('',(1.,0.,0.));
#5901=DIRECTION('',(0.,1.,0.));
#5902=DIRECTION('',(0.,-1.,0.));
#5903=DIRECTION('',(1.,0.,0.));
#5904=DIRECTION('',(0.,1.,0.));
#5905=DIRECTION('',(-1.,0.,0.));
#5906=DIRECTION('',(-1.,0.,0.));
#5907=DIRECTION('',(0.,-1.,0.));
#5908=DIRECTION('',(1.,0.,0.));
#5909=DIRECTION('',(0.,1.,0.));
#5910=DIRECTION('',(-1.,0.,0.));
#5911=DIRECTION('',(0.,-1.,0.));
#5912=DIRECTION('',(1.,0.,0.));
#5913=DIRECTION('',(0.,1.,0.));
#5914=DIRECTION('',(-1.,0.,0.));
#5915=DIRECTION('',(0.,-1.,0.));
#5916=DIRECTION('',(1.,0.,0.));
#5917=DIRECTION('',(0.,1.,0.));
#5918=DIRECTION('',(0.,-1.,0.));
#5919=DIRECTION('',(1.,-2.81722068435977E-15,0.));
#5920=DIRECTION('',(0.,1.,0.));
#5921=DIRECTION('',(-1.,0.,0.));
#5922=DIRECTION('',(-1.,1.26882631385732E-16,0.));
#5923=DIRECTION('',(0.,-1.,0.));
#5924=DIRECTION('',(1.,0.,0.));
#5925=DIRECTION('',(0.,1.,0.));
#5926=DIRECTION('center_axis',(0.,0.,-1.));
#5927=DIRECTION('ref_axis',(-1.,0.,0.));
#5928=DIRECTION('center_axis',(0.,0.,-1.));
#5929=DIRECTION('ref_axis',(-1.,0.,0.));
#5930=DIRECTION('center_axis',(0.,0.,-1.));
#5931=DIRECTION('ref_axis',(-1.,0.,0.));
#5932=DIRECTION('center_axis',(0.,0.,-1.));
#5933=DIRECTION('ref_axis',(-1.,0.,0.));
#5934=DIRECTION('',(0.,-1.,0.));
#5935=DIRECTION('',(0.999999737171232,0.000725022390526584,0.));
#5936=DIRECTION('center_axis',(0.,-1.,0.));
#5937=DIRECTION('ref_axis',(0.,0.,-1.));
#5938=DIRECTION('',(0.,0.,-1.));
#5939=DIRECTION('center_axis',(-1.,0.,0.));
#5940=DIRECTION('ref_axis',(0.,0.,-1.));
#5941=DIRECTION('center_axis',(1.,0.,0.));
#5942=DIRECTION('ref_axis',(0.,0.,-1.));
#5943=DIRECTION('',(0.,0.,-1.));
#5944=DIRECTION('',(0.,0.,1.));
#5945=DIRECTION('center_axis',(0.,-1.,0.));
#5946=DIRECTION('ref_axis',(1.,0.,0.));
#5947=DIRECTION('',(0.,0.,1.));
#5948=DIRECTION('center_axis',(0.,-1.,0.));
#5949=DIRECTION('ref_axis',(1.,0.,-1.58716658273789E-16));
#5950=DIRECTION('',(0.,0.,1.));
#5951=DIRECTION('',(0.,0.,1.));
#5952=DIRECTION('center_axis',(1.,0.,0.));
#5953=DIRECTION('ref_axis',(0.,1.,0.));
#5954=DIRECTION('',(0.,0.,1.));
#5955=DIRECTION('center_axis',(0.,1.,0.));
#5956=DIRECTION('ref_axis',(-1.,0.,3.17433316547579E-16));
#5957=DIRECTION('',(0.,0.,1.));
#5958=DIRECTION('center_axis',(-1.,0.,0.));
#5959=DIRECTION('ref_axis',(0.,-1.,-1.58716658273789E-16));
#5960=DIRECTION('center_axis',(1.,0.,0.));
#5961=DIRECTION('ref_axis',(0.,1.,0.));
#5962=DIRECTION('',(0.,0.,1.));
#5963=DIRECTION('',(0.,0.,1.));
#5964=DIRECTION('center_axis',(0.,1.,0.));
#5965=DIRECTION('ref_axis',(-1.,0.,0.));
#5966=DIRECTION('',(0.,0.,1.));
#5967=DIRECTION('center_axis',(-1.,0.,0.));
#5968=DIRECTION('ref_axis',(0.,-1.,0.));
#5969=DIRECTION('',(0.,0.,1.));
#5970=DIRECTION('center_axis',(0.,-1.,0.));
#5971=DIRECTION('ref_axis',(1.,0.,0.));
#5972=DIRECTION('center_axis',(1.,0.,0.));
#5973=DIRECTION('ref_axis',(0.,1.,0.));
#5974=DIRECTION('',(0.,0.,1.));
#5975=DIRECTION('',(0.,0.,1.));
#5976=DIRECTION('center_axis',(0.,1.,0.));
#5977=DIRECTION('ref_axis',(-1.,0.,0.));
#5978=DIRECTION('',(0.,0.,1.));
#5979=DIRECTION('center_axis',(-1.,0.,0.));
#5980=DIRECTION('ref_axis',(0.,-1.,0.));
#5981=DIRECTION('',(0.,0.,1.));
#5982=DIRECTION('center_axis',(0.,-1.,0.));
#5983=DIRECTION('ref_axis',(1.,0.,0.));
#5984=DIRECTION('center_axis',(0.,-1.,0.));
#5985=DIRECTION('ref_axis',(1.,0.,-1.58716658273789E-16));
#5986=DIRECTION('',(0.,0.,1.));
#5987=DIRECTION('',(0.,0.,1.));
#5988=DIRECTION('center_axis',(1.,0.,0.));
#5989=DIRECTION('ref_axis',(0.,1.,0.));
#5990=DIRECTION('',(0.,0.,1.));
#5991=DIRECTION('center_axis',(0.,1.,0.));
#5992=DIRECTION('ref_axis',(-1.,0.,3.17433316547579E-16));
#5993=DIRECTION('',(0.,0.,1.));
#5994=DIRECTION('center_axis',(-1.,0.,0.));
#5995=DIRECTION('ref_axis',(0.,-1.,-1.58716658273789E-16));
#5996=DIRECTION('center_axis',(1.,0.,0.));
#5997=DIRECTION('ref_axis',(0.,1.,0.));
#5998=DIRECTION('',(0.,0.,1.));
#5999=DIRECTION('',(0.,0.,1.));
#6000=DIRECTION('center_axis',(0.,1.,0.));
#6001=DIRECTION('ref_axis',(-1.,0.,0.));
#6002=DIRECTION('',(0.,0.,1.));
#6003=DIRECTION('center_axis',(-1.,0.,0.));
#6004=DIRECTION('ref_axis',(0.,-1.,0.));
#6005=DIRECTION('',(0.,0.,1.));
#6006=DIRECTION('center_axis',(0.,-1.,0.));
#6007=DIRECTION('ref_axis',(1.,0.,0.));
#6008=DIRECTION('center_axis',(0.,-1.,0.));
#6009=DIRECTION('ref_axis',(1.,0.,0.));
#6010=DIRECTION('',(0.,0.,1.));
#6011=DIRECTION('',(0.,0.,1.));
#6012=DIRECTION('center_axis',(1.,0.,0.));
#6013=DIRECTION('ref_axis',(0.,1.,0.));
#6014=DIRECTION('',(0.,0.,1.));
#6015=DIRECTION('center_axis',(0.,1.,0.));
#6016=DIRECTION('ref_axis',(-1.,0.,0.));
#6017=DIRECTION('',(0.,0.,1.));
#6018=DIRECTION('center_axis',(-1.,0.,0.));
#6019=DIRECTION('ref_axis',(0.,-1.,0.));
#6020=DIRECTION('center_axis',(0.,-1.,0.));
#6021=DIRECTION('ref_axis',(1.,0.,1.5871665827379E-16));
#6022=DIRECTION('',(0.,0.,1.));
#6023=DIRECTION('',(0.,0.,1.));
#6024=DIRECTION('center_axis',(1.,0.,0.));
#6025=DIRECTION('ref_axis',(0.,1.,0.));
#6026=DIRECTION('',(0.,0.,1.));
#6027=DIRECTION('center_axis',(0.,1.,0.));
#6028=DIRECTION('ref_axis',(-1.,0.,-1.5871665827379E-16));
#6029=DIRECTION('',(0.,0.,1.));
#6030=DIRECTION('center_axis',(-1.,0.,0.));
#6031=DIRECTION('ref_axis',(0.,-1.,0.));
#6032=DIRECTION('center_axis',(0.,-1.,0.));
#6033=DIRECTION('ref_axis',(1.,0.,0.));
#6034=DIRECTION('',(0.,0.,1.));
#6035=DIRECTION('',(0.,0.,1.));
#6036=DIRECTION('center_axis',(1.,0.,0.));
#6037=DIRECTION('ref_axis',(0.,1.,0.));
#6038=DIRECTION('',(0.,0.,1.));
#6039=DIRECTION('center_axis',(0.,1.,0.));
#6040=DIRECTION('ref_axis',(-1.,0.,0.));
#6041=DIRECTION('',(0.,0.,1.));
#6042=DIRECTION('center_axis',(-1.,0.,0.));
#6043=DIRECTION('ref_axis',(0.,-1.,0.));
#6044=DIRECTION('center_axis',(1.,0.,0.));
#6045=DIRECTION('ref_axis',(0.,1.,0.));
#6046=DIRECTION('',(0.,0.,1.));
#6047=DIRECTION('',(0.,0.,1.));
#6048=DIRECTION('center_axis',(0.,1.,0.));
#6049=DIRECTION('ref_axis',(-1.,0.,1.5871665827379E-16));
#6050=DIRECTION('',(0.,0.,1.));
#6051=DIRECTION('center_axis',(-1.,0.,0.));
#6052=DIRECTION('ref_axis',(0.,-1.,-1.58716658273789E-16));
#6053=DIRECTION('',(0.,0.,1.));
#6054=DIRECTION('center_axis',(-2.81722068435977E-15,-1.,0.));
#6055=DIRECTION('ref_axis',(1.,-2.81722068435977E-15,0.));
#6056=DIRECTION('center_axis',(0.,0.,-1.));
#6057=DIRECTION('ref_axis',(-1.,0.,0.));
#6058=DIRECTION('',(0.,0.,1.));
#6059=DIRECTION('center_axis',(0.,0.,-1.));
#6060=DIRECTION('ref_axis',(-1.,0.,0.));
#6061=DIRECTION('',(0.,0.,1.));
#6062=DIRECTION('center_axis',(0.,0.,-1.));
#6063=DIRECTION('ref_axis',(-1.,0.,0.));
#6064=DIRECTION('',(0.,0.,1.));
#6065=DIRECTION('center_axis',(0.,0.,-1.));
#6066=DIRECTION('ref_axis',(-1.,0.,0.));
#6067=DIRECTION('',(0.,0.,1.));
#6068=DIRECTION('center_axis',(0.,1.,0.));
#6069=DIRECTION('ref_axis',(1.,0.,0.));
#6070=DIRECTION('',(0.,0.,-1.));
#6071=DIRECTION('',(1.,0.,0.));
#6072=DIRECTION('',(0.,0.,-1.));
#6073=DIRECTION('center_axis',(-1.,0.,0.));
#6074=DIRECTION('ref_axis',(0.,1.,0.));
#6075=DIRECTION('',(0.,0.,-1.));
#6076=DIRECTION('',(0.,1.,0.));
#6077=DIRECTION('center_axis',(0.,-1.,0.));
#6078=DIRECTION('ref_axis',(-1.,0.,0.));
#6079=DIRECTION('',(0.,0.,-1.));
#6080=DIRECTION('',(-1.,0.,0.));
#6081=DIRECTION('center_axis',(1.,0.,0.));
#6082=DIRECTION('ref_axis',(0.,-1.,0.));
#6083=DIRECTION('',(0.,0.,-1.));
#6084=DIRECTION('',(0.,-1.,0.));
#6085=DIRECTION('center_axis',(0.,1.,0.));
#6086=DIRECTION('ref_axis',(1.,0.,0.));
#6087=DIRECTION('',(0.,0.,-1.));
#6088=DIRECTION('',(1.,0.,0.));
#6089=DIRECTION('center_axis',(1.,0.,0.));
#6090=DIRECTION('ref_axis',(0.,-1.,0.));
#6091=DIRECTION('',(0.,0.,-1.));
#6092=DIRECTION('',(0.,-1.,0.));
#6093=DIRECTION('center_axis',(0.,-1.,0.));
#6094=DIRECTION('ref_axis',(-1.,0.,0.));
#6095=DIRECTION('',(0.,0.,-1.));
#6096=DIRECTION('',(-1.,0.,0.));
#6097=DIRECTION('center_axis',(1.,0.,0.));
#6098=DIRECTION('ref_axis',(0.,-1.,0.));
#6099=DIRECTION('',(0.,0.,-1.));
#6100=DIRECTION('',(0.,-1.,0.));
#6101=DIRECTION('center_axis',(0.,1.,0.));
#6102=DIRECTION('ref_axis',(1.,0.,0.));
#6103=DIRECTION('',(0.,0.,-1.));
#6104=DIRECTION('',(1.,0.,0.));
#6105=DIRECTION('center_axis',(1.,0.,0.));
#6106=DIRECTION('ref_axis',(0.,-1.,0.));
#6107=DIRECTION('',(0.,0.,-1.));
#6108=DIRECTION('',(0.,-1.,0.));
#6109=DIRECTION('center_axis',(0.,-1.,0.));
#6110=DIRECTION('ref_axis',(-1.,0.,0.));
#6111=DIRECTION('',(0.,0.,-1.));
#6112=DIRECTION('',(-1.,0.,0.));
#6113=DIRECTION('center_axis',(1.,0.,0.));
#6114=DIRECTION('ref_axis',(0.,-1.,0.));
#6115=DIRECTION('',(0.,-1.,0.));
#6116=DIRECTION('center_axis',(0.,0.,-1.));
#6117=DIRECTION('ref_axis',(-1.,0.,0.));
#6118=DIRECTION('center_axis',(0.,1.,0.));
#6119=DIRECTION('ref_axis',(1.,0.,0.));
#6120=DIRECTION('',(0.,0.,-1.));
#6121=DIRECTION('',(1.,0.,0.));
#6122=DIRECTION('',(0.,0.,-1.));
#6123=DIRECTION('center_axis',(-1.,0.,0.));
#6124=DIRECTION('ref_axis',(0.,1.,0.));
#6125=DIRECTION('',(0.,0.,-1.));
#6126=DIRECTION('',(0.,1.,0.));
#6127=DIRECTION('center_axis',(0.,-1.,0.));
#6128=DIRECTION('ref_axis',(-1.,0.,0.));
#6129=DIRECTION('',(0.,0.,-1.));
#6130=DIRECTION('',(-1.,0.,0.));
#6131=DIRECTION('center_axis',(1.,0.,0.));
#6132=DIRECTION('ref_axis',(0.,-1.,0.));
#6133=DIRECTION('',(0.,0.,-1.));
#6134=DIRECTION('',(0.,-1.,0.));
#6135=DIRECTION('center_axis',(0.,1.,0.));
#6136=DIRECTION('ref_axis',(1.,0.,0.));
#6137=DIRECTION('',(0.,0.,-1.));
#6138=DIRECTION('',(1.,0.,0.));
#6139=DIRECTION('center_axis',(1.,0.,0.));
#6140=DIRECTION('ref_axis',(0.,-1.,0.));
#6141=DIRECTION('',(0.,0.,-1.));
#6142=DIRECTION('',(0.,-1.,0.));
#6143=DIRECTION('center_axis',(0.,-1.,0.));
#6144=DIRECTION('ref_axis',(-1.,0.,0.));
#6145=DIRECTION('',(0.,0.,-1.));
#6146=DIRECTION('',(-1.,0.,0.));
#6147=DIRECTION('center_axis',(1.,0.,0.));
#6148=DIRECTION('ref_axis',(0.,-1.,0.));
#6149=DIRECTION('',(0.,0.,-1.));
#6150=DIRECTION('',(0.,-1.,0.));
#6151=DIRECTION('center_axis',(0.,1.,0.));
#6152=DIRECTION('ref_axis',(1.,0.,0.));
#6153=DIRECTION('',(0.,0.,-1.));
#6154=DIRECTION('',(1.,0.,0.));
#6155=DIRECTION('center_axis',(1.,0.,0.));
#6156=DIRECTION('ref_axis',(0.,-1.,0.));
#6157=DIRECTION('',(0.,0.,-1.));
#6158=DIRECTION('',(0.,-1.,0.));
#6159=DIRECTION('center_axis',(0.,-1.,0.));
#6160=DIRECTION('ref_axis',(-1.,0.,0.));
#6161=DIRECTION('',(0.,0.,-1.));
#6162=DIRECTION('',(-1.,0.,0.));
#6163=DIRECTION('center_axis',(1.,0.,0.));
#6164=DIRECTION('ref_axis',(0.,-1.,0.));
#6165=DIRECTION('',(0.,-1.,0.));
#6166=DIRECTION('center_axis',(0.,0.,-1.));
#6167=DIRECTION('ref_axis',(-1.,0.,0.));
#6168=DIRECTION('center_axis',(0.,1.,0.));
#6169=DIRECTION('ref_axis',(1.,0.,0.));
#6170=DIRECTION('',(0.,0.,-1.));
#6171=DIRECTION('',(1.,0.,0.));
#6172=DIRECTION('',(0.,0.,-1.));
#6173=DIRECTION('center_axis',(-1.,0.,0.));
#6174=DIRECTION('ref_axis',(0.,1.,0.));
#6175=DIRECTION('',(0.,0.,-1.));
#6176=DIRECTION('',(0.,1.,0.));
#6177=DIRECTION('center_axis',(0.,-1.,0.));
#6178=DIRECTION('ref_axis',(-1.,0.,0.));
#6179=DIRECTION('',(0.,0.,-1.));
#6180=DIRECTION('',(-1.,0.,0.));
#6181=DIRECTION('center_axis',(1.,0.,0.));
#6182=DIRECTION('ref_axis',(0.,-1.,0.));
#6183=DIRECTION('',(0.,0.,-1.));
#6184=DIRECTION('',(0.,-1.,0.));
#6185=DIRECTION('center_axis',(0.,1.,0.));
#6186=DIRECTION('ref_axis',(1.,0.,0.));
#6187=DIRECTION('',(0.,0.,-1.));
#6188=DIRECTION('',(1.,0.,0.));
#6189=DIRECTION('center_axis',(1.,0.,0.));
#6190=DIRECTION('ref_axis',(0.,-1.,0.));
#6191=DIRECTION('',(0.,0.,-1.));
#6192=DIRECTION('',(0.,-1.,0.));
#6193=DIRECTION('center_axis',(0.,-1.,0.));
#6194=DIRECTION('ref_axis',(-1.,0.,0.));
#6195=DIRECTION('',(0.,0.,-1.));
#6196=DIRECTION('',(-1.,0.,0.));
#6197=DIRECTION('center_axis',(1.,0.,0.));
#6198=DIRECTION('ref_axis',(0.,-1.,0.));
#6199=DIRECTION('',(0.,0.,-1.));
#6200=DIRECTION('',(0.,-1.,0.));
#6201=DIRECTION('center_axis',(0.,1.,0.));
#6202=DIRECTION('ref_axis',(1.,0.,0.));
#6203=DIRECTION('',(0.,0.,-1.));
#6204=DIRECTION('',(1.,0.,0.));
#6205=DIRECTION('center_axis',(1.,0.,0.));
#6206=DIRECTION('ref_axis',(0.,-1.,0.));
#6207=DIRECTION('',(0.,0.,-1.));
#6208=DIRECTION('',(0.,-1.,0.));
#6209=DIRECTION('center_axis',(0.,-1.,0.));
#6210=DIRECTION('ref_axis',(-1.,0.,0.));
#6211=DIRECTION('',(0.,0.,-1.));
#6212=DIRECTION('',(-1.,0.,0.));
#6213=DIRECTION('center_axis',(1.,0.,0.));
#6214=DIRECTION('ref_axis',(0.,-1.,0.));
#6215=DIRECTION('',(0.,-1.,0.));
#6216=DIRECTION('center_axis',(0.,0.,-1.));
#6217=DIRECTION('ref_axis',(-1.,0.,0.));
#6218=DIRECTION('center_axis',(-0.925955157596534,-0.377633481196223,0.));
#6219=DIRECTION('ref_axis',(-0.377633481196223,0.925955157596534,0.));
#6220=DIRECTION('',(0.,0.,-1.));
#6221=DIRECTION('',(-0.377633481196223,0.925955157596534,0.));
#6222=DIRECTION('',(0.,0.,-1.));
#6223=DIRECTION('center_axis',(0.922813575137431,-0.385246811202991,0.));
#6224=DIRECTION('ref_axis',(-0.385246811202991,-0.922813575137431,0.));
#6225=DIRECTION('',(0.,0.,-1.));
#6226=DIRECTION('',(-0.385246811202991,-0.922813575137431,0.));
#6227=DIRECTION('center_axis',(0.,1.,0.));
#6228=DIRECTION('ref_axis',(1.,0.,0.));
#6229=DIRECTION('',(0.,0.,-1.));
#6230=DIRECTION('',(1.,0.,0.));
#6231=DIRECTION('center_axis',(-0.926975602134683,0.375121624339416,0.));
#6232=DIRECTION('ref_axis',(0.375121624339416,0.926975602134683,0.));
#6233=DIRECTION('',(0.,0.,-1.));
#6234=DIRECTION('',(0.375121624339416,0.926975602134683,0.));
#6235=DIRECTION('center_axis',(0.928775722975546,0.370642221571225,0.));
#6236=DIRECTION('ref_axis',(0.370642221571225,-0.928775722975545,0.));
#6237=DIRECTION('',(0.,0.,-1.));
#6238=DIRECTION('',(0.370642221571225,-0.928775722975545,0.));
#6239=DIRECTION('center_axis',(0.,1.,0.));
#6240=DIRECTION('ref_axis',(1.,0.,0.));
#6241=DIRECTION('',(1.,0.,0.));
#6242=DIRECTION('center_axis',(0.,0.,-1.));
#6243=DIRECTION('ref_axis',(-1.,0.,0.));
#6244=DIRECTION('center_axis',(-1.,0.,0.));
#6245=DIRECTION('ref_axis',(0.,1.,0.));
#6246=DIRECTION('',(0.,0.,-1.));
#6247=DIRECTION('',(0.,1.,0.));
#6248=DIRECTION('',(0.,0.,-1.));
#6249=DIRECTION('center_axis',(0.,-1.,0.));
#6250=DIRECTION('ref_axis',(-1.,0.,0.));
#6251=DIRECTION('',(0.,0.,-1.));
#6252=DIRECTION('',(-1.,0.,0.));
#6253=DIRECTION('center_axis',(1.,0.,0.));
#6254=DIRECTION('ref_axis',(0.,-1.,0.));
#6255=DIRECTION('',(0.,0.,-1.));
#6256=DIRECTION('',(0.,-1.,0.));
#6257=DIRECTION('center_axis',(0.,1.,0.));
#6258=DIRECTION('ref_axis',(1.,0.,0.));
#6259=DIRECTION('',(1.,0.,0.));
#6260=DIRECTION('center_axis',(0.,0.,-1.));
#6261=DIRECTION('ref_axis',(-1.,0.,0.));
#6262=DIRECTION('center_axis',(-1.,0.,0.));
#6263=DIRECTION('ref_axis',(0.,1.,0.));
#6264=DIRECTION('',(0.,0.,-1.));
#6265=DIRECTION('',(0.,1.,0.));
#6266=DIRECTION('',(0.,0.,-1.));
#6267=DIRECTION('center_axis',(0.,-1.,0.));
#6268=DIRECTION('ref_axis',(-1.,0.,0.));
#6269=DIRECTION('',(0.,0.,-1.));
#6270=DIRECTION('',(-1.,0.,0.));
#6271=DIRECTION('center_axis',(1.,0.,0.));
#6272=DIRECTION('ref_axis',(0.,-1.,0.));
#6273=DIRECTION('',(0.,0.,-1.));
#6274=DIRECTION('',(0.,-1.,0.));
#6275=DIRECTION('center_axis',(0.,1.,0.));
#6276=DIRECTION('ref_axis',(1.,0.,0.));
#6277=DIRECTION('',(0.,0.,-1.));
#6278=DIRECTION('',(1.,0.,0.));
#6279=DIRECTION('center_axis',(1.,0.,0.));
#6280=DIRECTION('ref_axis',(0.,-1.,0.));
#6281=DIRECTION('',(0.,0.,-1.));
#6282=DIRECTION('',(0.,-1.,0.));
#6283=DIRECTION('center_axis',(0.,1.,0.));
#6284=DIRECTION('ref_axis',(1.,0.,0.));
#6285=DIRECTION('',(1.,0.,0.));
#6286=DIRECTION('center_axis',(0.,0.,-1.));
#6287=DIRECTION('ref_axis',(-1.,0.,0.));
#6288=DIRECTION('center_axis',(0.,-1.,0.));
#6289=DIRECTION('ref_axis',(-1.,0.,0.));
#6290=DIRECTION('',(-1.,0.,0.));
#6291=DIRECTION('',(0.,0.,-1.));
#6292=DIRECTION('',(-1.,0.,0.));
#6293=DIRECTION('',(0.,0.,-1.));
#6294=DIRECTION('',(0.,0.,-1.));
#6295=DIRECTION('',(0.,0.,-1.));
#6296=DIRECTION('',(0.,0.,-1.));
#6297=DIRECTION('',(0.,0.,-1.));
#6298=DIRECTION('center_axis',(0.,1.,0.));
#6299=DIRECTION('ref_axis',(1.,0.,0.));
#6300=DIRECTION('',(1.,0.,0.));
#6301=DIRECTION('',(0.,0.,-1.));
#6302=DIRECTION('',(1.,0.,0.));
#6303=DIRECTION('center_axis',(1.,0.,0.));
#6304=DIRECTION('ref_axis',(0.,-1.,0.));
#6305=DIRECTION('',(0.,-1.,0.));
#6306=DIRECTION('',(0.,-1.,0.));
#6307=DIRECTION('center_axis',(0.,-1.,0.));
#6308=DIRECTION('ref_axis',(-1.,0.,0.));
#6309=DIRECTION('',(-1.,0.,0.));
#6310=DIRECTION('',(0.,0.,-1.));
#6311=DIRECTION('',(-1.,0.,0.));
#6312=DIRECTION('',(0.,0.,-1.));
#6313=DIRECTION('',(0.,0.,-1.));
#6314=DIRECTION('',(0.,0.,-1.));
#6315=DIRECTION('',(0.,0.,-1.));
#6316=DIRECTION('',(0.,0.,-1.));
#6317=DIRECTION('center_axis',(0.,1.,0.));
#6318=DIRECTION('ref_axis',(1.,0.,0.));
#6319=DIRECTION('',(1.,0.,0.));
#6320=DIRECTION('',(0.,0.,-1.));
#6321=DIRECTION('',(1.,0.,0.));
#6322=DIRECTION('center_axis',(1.,0.,0.));
#6323=DIRECTION('ref_axis',(0.,-1.,0.));
#6324=DIRECTION('',(0.,-1.,0.));
#6325=DIRECTION('',(0.,-1.,0.));
#6326=DIRECTION('',(0.,0.,-1.));
#6327=DIRECTION('',(0.,0.,-1.));
#6328=DIRECTION('',(0.,0.,-1.));
#6329=DIRECTION('',(0.,0.,-1.));
#6330=DIRECTION('',(0.,0.,-1.));
#6331=DIRECTION('',(0.,0.,-1.));
#6332=DIRECTION('',(0.,0.,-1.));
#6333=DIRECTION('',(0.,0.,-1.));
#6334=DIRECTION('',(0.,0.,-1.));
#6335=DIRECTION('',(0.,0.,-1.));
#6336=DIRECTION('',(0.,0.,-1.));
#6337=DIRECTION('center_axis',(0.,1.,0.));
#6338=DIRECTION('ref_axis',(1.,0.,0.));
#6339=DIRECTION('',(0.,0.,-1.));
#6340=DIRECTION('',(1.,0.,0.));
#6341=DIRECTION('center_axis',(-1.,0.,0.));
#6342=DIRECTION('ref_axis',(0.,1.,0.));
#6343=DIRECTION('',(0.,0.,-1.));
#6344=DIRECTION('',(0.,1.,0.));
#6345=DIRECTION('center_axis',(0.,-1.,0.));
#6346=DIRECTION('ref_axis',(-1.,0.,0.));
#6347=DIRECTION('',(-1.,0.,0.));
#6348=DIRECTION('center_axis',(0.,0.,1.));
#6349=DIRECTION('ref_axis',(-1.,0.,0.));
#6350=DIRECTION('center_axis',(0.,0.,1.));
#6351=DIRECTION('ref_axis',(-1.,0.,0.));
#6352=DIRECTION('',(0.,0.,-1.));
#6353=DIRECTION('',(0.,0.,-1.));
#6354=DIRECTION('',(0.,0.,-1.));
#6355=DIRECTION('',(0.,0.,-1.));
#6356=DIRECTION('',(0.,0.,-1.));
#6357=DIRECTION('',(0.,0.,-1.));
#6358=DIRECTION('',(0.,0.,-1.));
#6359=DIRECTION('',(0.,0.,-1.));
#6360=DIRECTION('',(0.,0.,-1.));
#6361=DIRECTION('',(0.,0.,-1.));
#6362=DIRECTION('',(0.,0.,-1.));
#6363=DIRECTION('center_axis',(-0.0312347523777035,-0.999512076087079,0.));
#6364=DIRECTION('ref_axis',(-0.999512076087079,0.0312347523777035,0.));
#6365=DIRECTION('',(-0.999512076087079,0.0312347523777035,0.));
#6366=DIRECTION('',(-0.999512076087079,0.0312347523777035,0.));
#6367=DIRECTION('',(0.,0.,-1.));
#6368=DIRECTION('',(0.,0.,-1.));
#6369=DIRECTION('',(0.,0.,-1.));
#6370=DIRECTION('',(0.,0.,-1.));
#6371=DIRECTION('',(0.,0.,-1.));
#6372=DIRECTION('',(0.,0.,-1.));
#6373=DIRECTION('',(0.,0.,-1.));
#6374=DIRECTION('',(0.,0.,-1.));
#6375=DIRECTION('',(0.,0.,-1.));
#6376=DIRECTION('',(0.,0.,-1.));
#6377=DIRECTION('',(0.,0.,-1.));
#6378=DIRECTION('',(0.,0.,-1.));
#6379=DIRECTION('',(0.,0.,-1.));
#6380=DIRECTION('',(0.,0.,-1.));
#6381=DIRECTION('',(0.,0.,-1.));
#6382=DIRECTION('',(0.,0.,-1.));
#6383=DIRECTION('',(0.,0.,-1.));
#6384=DIRECTION('',(0.,0.,-1.));
#6385=DIRECTION('',(0.,0.,-1.));
#6386=DIRECTION('',(0.,0.,-1.));
#6387=DIRECTION('',(0.,0.,-1.));
#6388=DIRECTION('',(0.,0.,-1.));
#6389=DIRECTION('',(0.,0.,-1.));
#6390=DIRECTION('',(0.,0.,-1.));
#6391=DIRECTION('',(0.,0.,-1.));
#6392=DIRECTION('',(0.,0.,-1.));
#6393=DIRECTION('',(0.,0.,-1.));
#6394=DIRECTION('center_axis',(0.832050294337879,0.554700196225176,0.));
#6395=DIRECTION('ref_axis',(0.554700196225176,-0.832050294337879,0.));
#6396=DIRECTION('',(0.554700196225176,-0.832050294337879,0.));
#6397=DIRECTION('',(0.554700196225176,-0.832050294337879,0.));
#6398=DIRECTION('',(0.,0.,-1.));
#6399=DIRECTION('',(0.,0.,-1.));
#6400=DIRECTION('',(0.,0.,-1.));
#6401=DIRECTION('',(0.,0.,-1.));
#6402=DIRECTION('',(0.,0.,-1.));
#6403=DIRECTION('',(0.,0.,-1.));
#6404=DIRECTION('',(0.,0.,-1.));
#6405=DIRECTION('',(0.,0.,-1.));
#6406=DIRECTION('',(0.,0.,-1.));
#6407=DIRECTION('',(0.,0.,-1.));
#6408=DIRECTION('',(0.,0.,-1.));
#6409=DIRECTION('',(0.,0.,-1.));
#6410=DIRECTION('',(0.,0.,-1.));
#6411=DIRECTION('',(0.,0.,-1.));
#6412=DIRECTION('center_axis',(0.,0.,1.));
#6413=DIRECTION('ref_axis',(-1.,0.,0.));
#6414=DIRECTION('center_axis',(0.,0.,1.));
#6415=DIRECTION('ref_axis',(-1.,0.,0.));
#6416=DIRECTION('center_axis',(0.,0.,-1.));
#6417=DIRECTION('ref_axis',(0.707106781186547,0.707106781186547,0.));
#6418=DIRECTION('',(0.,0.,-1.));
#6419=DIRECTION('center_axis',(0.,0.,1.));
#6420=DIRECTION('ref_axis',(-0.707106781186547,0.707106781186547,0.));
#6421=DIRECTION('',(0.,0.,1.));
#6422=DIRECTION('center_axis',(-1.,0.,0.));
#6423=DIRECTION('ref_axis',(0.,0.,1.));
#6424=DIRECTION('',(0.,0.,-1.));
#6425=DIRECTION('center_axis',(0.,0.,-1.));
#6426=DIRECTION('ref_axis',(-0.707106781186547,-0.707106781186547,0.));
#6427=DIRECTION('',(0.,0.,1.));
#6428=DIRECTION('center_axis',(0.,-1.,0.));
#6429=DIRECTION('ref_axis',(0.,0.,-1.));
#6430=DIRECTION('',(0.,0.,-1.));
#6431=DIRECTION('center_axis',(0.,0.,1.));
#6432=DIRECTION('ref_axis',(0.707106781186547,-0.707106781186547,0.));
#6433=DIRECTION('',(0.,0.,1.));
#6434=DIRECTION('center_axis',(1.,0.,0.));
#6435=DIRECTION('ref_axis',(0.,0.,-1.));
#6436=DIRECTION('center_axis',(0.,0.,1.));
#6437=DIRECTION('ref_axis',(-1.,0.,0.));
#6438=DIRECTION('center_axis',(-1.,0.,0.));
#6439=DIRECTION('ref_axis',(0.,-1.,0.));
#6440=DIRECTION('center_axis',(0.000725022390526584,-0.999999737171232,
0.));
#6441=DIRECTION('ref_axis',(0.999999737171232,0.000725022390526584,0.));
#6442=DIRECTION('center_axis',(1.26882631385732E-16,1.,0.));
#6443=DIRECTION('ref_axis',(-1.,1.26882631385732E-16,0.));
#6444=DIRECTION('',(0.,0.,1.));
#6445=DIRECTION('center_axis',(-1.,0.,0.));
#6446=DIRECTION('ref_axis',(0.,-1.,0.));
#6447=DIRECTION('axis',(0.,0.,1.));
#6448=DIRECTION('refdir',(1.,0.,0.));
#6449=DIRECTION('center_axis',(1.,0.,0.));
#6450=DIRECTION('ref_axis',(0.,0.,-1.));
#6451=DIRECTION('',(0.,0.,-1.));
#6452=DIRECTION('',(0.,-1.,0.));
#6453=DIRECTION('',(0.,0.,1.));
#6454=DIRECTION('',(0.,-1.,0.));
#6455=DIRECTION('center_axis',(0.,0.,-1.));
#6456=DIRECTION('ref_axis',(-1.,0.,0.));
#6457=DIRECTION('',(-1.,0.,0.));
#6458=DIRECTION('',(0.,-1.,0.));
#6459=DIRECTION('',(1.,0.,0.));
#6460=DIRECTION('center_axis',(0.,1.,0.));
#6461=DIRECTION('ref_axis',(-1.,0.,0.));
#6462=DIRECTION('',(-1.,0.,0.));
#6463=DIRECTION('',(0.,0.,1.));
#6464=DIRECTION('',(-1.,0.,0.));
#6465=DIRECTION('',(0.,0.,-1.));
#6466=DIRECTION('',(1.,0.,0.));
#6467=DIRECTION('',(0.,0.,-1.));
#6468=DIRECTION('center_axis',(0.,0.,-1.));
#6469=DIRECTION('ref_axis',(-1.,0.,0.));
#6470=DIRECTION('',(-1.,0.,0.));
#6471=DIRECTION('',(0.,-1.,0.));
#6472=DIRECTION('',(1.,0.,0.));
#6473=DIRECTION('',(0.,1.,0.));
#6474=DIRECTION('center_axis',(1.,0.,0.));
#6475=DIRECTION('ref_axis',(0.,-1.,0.));
#6476=DIRECTION('',(0.,-1.,0.));
#6477=DIRECTION('',(0.,0.,-1.));
#6478=DIRECTION('',(0.,0.,-1.));
#6479=DIRECTION('center_axis',(-1.,0.,0.));
#6480=DIRECTION('ref_axis',(0.,1.,0.));
#6481=DIRECTION('',(0.,1.,0.));
#6482=DIRECTION('',(0.,0.,-1.));
#6483=DIRECTION('',(0.,0.,-1.));
#6484=DIRECTION('center_axis',(0.,-1.,0.));
#6485=DIRECTION('ref_axis',(-1.,0.,0.));
#6486=DIRECTION('',(-1.,0.,0.));
#6487=DIRECTION('center_axis',(0.,0.,1.));
#6488=DIRECTION('ref_axis',(1.,0.,0.));
#6489=DIRECTION('',(-1.,0.,0.));
#6490=DIRECTION('',(0.,1.,0.));
#6491=DIRECTION('',(-1.,0.,0.));
#6492=DIRECTION('',(0.,-1.,0.));
#6493=DIRECTION('',(1.,0.,0.));
#6494=DIRECTION('',(0.,1.,0.));
#6495=DIRECTION('',(-1.,0.,0.));
#6496=DIRECTION('',(0.,1.,0.));
#6497=DIRECTION('',(-1.,0.,0.));
#6498=DIRECTION('center_axis',(0.,0.,-1.));
#6499=DIRECTION('ref_axis',(-1.,0.,0.));
#6500=DIRECTION('center_axis',(0.,0.,-1.));
#6501=DIRECTION('ref_axis',(-1.,0.,0.));
#6502=DIRECTION('center_axis',(0.,0.,-1.));
#6503=DIRECTION('ref_axis',(-1.,0.,0.));
#6504=DIRECTION('center_axis',(0.,0.,-1.));
#6505=DIRECTION('ref_axis',(-1.,0.,0.));
#6506=DIRECTION('center_axis',(0.,0.,1.));
#6507=DIRECTION('ref_axis',(1.,0.,0.));
#6508=DIRECTION('center_axis',(0.,0.,-1.));
#6509=DIRECTION('ref_axis',(-0.707106781186547,0.707106781186547,0.));
#6510=DIRECTION('center_axis',(0.,0.,-1.));
#6511=DIRECTION('ref_axis',(0.707106781186547,0.707106781186547,0.));
#6512=DIRECTION('',(0.,-1.,0.));
#6513=DIRECTION('center_axis',(0.,0.,-1.));
#6514=DIRECTION('ref_axis',(0.707106781186547,-0.707106781186547,0.));
#6515=DIRECTION('',(-1.,0.,0.));
#6516=DIRECTION('center_axis',(0.,0.,-1.));
#6517=DIRECTION('ref_axis',(-0.707106781186547,-0.707106781186547,0.));
#6518=DIRECTION('',(0.,1.,0.));
#6519=DIRECTION('center_axis',(0.,1.,0.));
#6520=DIRECTION('ref_axis',(0.,0.,1.));
#6521=DIRECTION('',(1.,0.,0.));
#6522=DIRECTION('',(0.,0.,1.));
#6523=DIRECTION('',(0.,0.,-1.));
#6524=DIRECTION('',(1.,0.,0.));
#6525=DIRECTION('',(0.,0.,-1.));
#6526=DIRECTION('center_axis',(-1.,0.,0.));
#6527=DIRECTION('ref_axis',(0.,0.,1.));
#6528=DIRECTION('',(0.,-1.,0.));
#6529=DIRECTION('center_axis',(-1.,0.,0.));
#6530=DIRECTION('ref_axis',(0.,0.,1.));
#6531=DIRECTION('',(0.,0.,1.));
#6532=DIRECTION('',(0.,1.,0.));
#6533=DIRECTION('center_axis',(1.,0.,0.));
#6534=DIRECTION('ref_axis',(0.,0.,-1.));
#6535=DIRECTION('',(0.,0.,-1.));
#6536=DIRECTION('',(0.,-1.,0.));
#6537=DIRECTION('center_axis',(0.,-1.,0.));
#6538=DIRECTION('ref_axis',(1.,0.,0.));
#6539=DIRECTION('',(0.,0.,1.));
#6540=DIRECTION('',(1.,0.,0.));
#6541=DIRECTION('center_axis',(0.,-1.,0.));
#6542=DIRECTION('ref_axis',(1.,0.,0.));
#6543=DIRECTION('',(1.,0.,0.));
#6544=DIRECTION('',(0.,0.,-1.));
#6545=DIRECTION('center_axis',(0.,0.,1.));
#6546=DIRECTION('ref_axis',(1.,0.,0.));
#6547=DIRECTION('center_axis',(0.,0.,-1.));
#6548=DIRECTION('ref_axis',(-0.707106781186547,0.707106781186547,0.));
#6549=DIRECTION('',(0.,-1.,0.));
#6550=DIRECTION('center_axis',(0.,0.,-1.));
#6551=DIRECTION('ref_axis',(-0.707106781186547,-0.707106781186547,0.));
#6552=DIRECTION('',(1.,0.,0.));
#6553=DIRECTION('center_axis',(0.,0.,-1.));
#6554=DIRECTION('ref_axis',(0.707106781186547,-0.707106781186547,0.));
#6555=DIRECTION('',(0.,1.,0.));
#6556=DIRECTION('center_axis',(0.,0.,-1.));
#6557=DIRECTION('ref_axis',(0.707106781186547,0.707106781186547,0.));
#6558=DIRECTION('',(0.,-1.,0.));
#6559=DIRECTION('',(-1.,0.,0.));
#6560=DIRECTION('',(0.,1.,0.));
#6561=DIRECTION('center_axis',(1.,0.,0.));
#6562=DIRECTION('ref_axis',(0.,0.,-1.));
#6563=DIRECTION('',(0.,0.,-1.));
#6564=DIRECTION('center_axis',(-1.,0.,0.));
#6565=DIRECTION('ref_axis',(0.,0.,1.));
#6566=DIRECTION('',(0.,0.,1.));
#6567=DIRECTION('center_axis',(0.,0.,1.));
#6568=DIRECTION('ref_axis',(-0.707106781186547,0.707106781186547,0.));
#6569=DIRECTION('',(0.,0.,-1.));
#6570=DIRECTION('center_axis',(0.,0.,1.));
#6571=DIRECTION('ref_axis',(0.707106781186547,0.707106781186547,0.));
#6572=DIRECTION('',(0.,0.,-1.));
#6573=DIRECTION('center_axis',(1.,0.,0.));
#6574=DIRECTION('ref_axis',(0.,1.,0.));
#6575=DIRECTION('',(0.,0.,-1.));
#6576=DIRECTION('center_axis',(0.,0.,1.));
#6577=DIRECTION('ref_axis',(-0.707106781186547,-0.707106781186547,0.));
#6578=DIRECTION('',(0.,0.,-1.));
#6579=DIRECTION('',(0.,0.,-1.));
#6580=DIRECTION('center_axis',(0.,-1.,0.));
#6581=DIRECTION('ref_axis',(1.,0.,0.));
#6582=DIRECTION('',(0.,0.,-1.));
#6583=DIRECTION('center_axis',(0.,0.,1.));
#6584=DIRECTION('ref_axis',(0.707106781186547,-0.707106781186547,0.));
#6585=DIRECTION('center_axis',(0.,0.,-1.));
#6586=DIRECTION('ref_axis',(-1.,0.,0.));
#6587=DIRECTION('',(0.,0.,-1.));
#6588=DIRECTION('center_axis',(0.,0.,-1.));
#6589=DIRECTION('ref_axis',(-1.,0.,0.));
#6590=DIRECTION('center_axis',(0.,0.,1.));
#6591=DIRECTION('ref_axis',(-1.,0.,0.));
#6592=DIRECTION('center_axis',(0.,0.,-1.));
#6593=DIRECTION('ref_axis',(-1.,0.,0.));
#6594=DIRECTION('',(0.,0.,-1.));
#6595=DIRECTION('center_axis',(0.,0.,-1.));
#6596=DIRECTION('ref_axis',(-1.,0.,0.));
#6597=DIRECTION('center_axis',(0.,0.,1.));
#6598=DIRECTION('ref_axis',(-1.,0.,0.));
#6599=DIRECTION('center_axis',(0.,0.,-1.));
#6600=DIRECTION('ref_axis',(-1.,0.,0.));
#6601=DIRECTION('',(0.,0.,-1.));
#6602=DIRECTION('center_axis',(0.,0.,-1.));
#6603=DIRECTION('ref_axis',(-1.,0.,0.));
#6604=DIRECTION('center_axis',(0.,0.,1.));
#6605=DIRECTION('ref_axis',(-1.,0.,0.));
#6606=DIRECTION('center_axis',(0.,0.,-1.));
#6607=DIRECTION('ref_axis',(-1.,0.,0.));
#6608=DIRECTION('',(0.,0.,-1.));
#6609=DIRECTION('center_axis',(0.,0.,-1.));
#6610=DIRECTION('ref_axis',(-1.,0.,0.));
#6611=DIRECTION('center_axis',(0.,0.,1.));
#6612=DIRECTION('ref_axis',(-1.,0.,0.));
#6613=DIRECTION('center_axis',(0.,1.,0.));
#6614=DIRECTION('ref_axis',(-1.,0.,0.));
#6615=DIRECTION('center_axis',(-1.,0.,0.));
#6616=DIRECTION('ref_axis',(0.,-1.,0.));
#6617=DIRECTION('',(0.,0.,1.));
#6618=DIRECTION('',(1.,0.,0.));
#6619=DIRECTION('',(0.,0.,1.));
#6620=DIRECTION('',(1.,0.,0.));
#6621=DIRECTION('',(0.,0.,1.));
#6622=DIRECTION('',(1.,0.,0.));
#6623=CARTESIAN_POINT('',(0.,0.,0.));
#6624=CARTESIAN_POINT('',(0.,0.,0.));
#6625=CARTESIAN_POINT('Origin',(-133.500001965807,40.,23.0000003126827));
#6626=CARTESIAN_POINT('',(-135.000001997902,40.,26.5000003289718));
#6627=CARTESIAN_POINT('',(-133.500001997902,40.,28.0000003427267));
#6628=CARTESIAN_POINT('Origin',(-133.500001997902,40.,26.5000003427267));
#6629=CARTESIAN_POINT('',(-135.000001965807,36.5,23.0000002998067));
#6630=CARTESIAN_POINT('Origin',(-135.000001965807,40.,23.0000002998067));
#6631=CARTESIAN_POINT('',(-133.500001965807,35.,23.0000003126827));
#6632=CARTESIAN_POINT('Origin',(-133.500001965807,36.5,23.0000003126827));
#6633=CARTESIAN_POINT('Origin',(-133.500001965807,40.,23.0000003126827));
#6634=CARTESIAN_POINT('Origin',(-133.500001942882,36.5,20.5000001109311));
#6635=CARTESIAN_POINT('',(-133.500001919957,35.,17.999999969956));
#6636=CARTESIAN_POINT('',(-135.000001919957,36.5,17.99999995708));
#6637=CARTESIAN_POINT('Origin',(-133.500001919957,36.5,18.));
#6638=CARTESIAN_POINT('',(-133.500001942882,35.,20.5000001109311));
#6639=CARTESIAN_POINT('',(-135.000001942882,36.5,20.5000000971762));
#6640=CARTESIAN_POINT('Origin',(-135.000001965807,40.,23.0000002998067));
#6641=CARTESIAN_POINT('',(-135.000001965807,40.,23.0000002998067));
#6642=CARTESIAN_POINT('',(-135.000001892447,40.,15.));
#6643=CARTESIAN_POINT('',(-135.000001965807,36.25,23.0000002998067));
#6644=CARTESIAN_POINT('Origin',(-113.500001683831,36.5,19.2500002197921));
#6645=CARTESIAN_POINT('',(-112.000001683831,36.5,18.));
#6646=CARTESIAN_POINT('',(-113.500001683831,35.,18.));
#6647=CARTESIAN_POINT('Origin',(-113.500001683831,36.5,18.));
#6648=CARTESIAN_POINT('',(-112.000001683831,36.5,23.0000003427267));
#6649=CARTESIAN_POINT('',(-112.000001683831,36.5,19.2500002197921));
#6650=CARTESIAN_POINT('',(-113.500001683831,35.,23.0000003427267));
#6651=CARTESIAN_POINT('Origin',(-113.500001683831,36.5,23.0000003427267));
#6652=CARTESIAN_POINT('',(-113.500001683831,35.,19.2500002197921));
#6653=CARTESIAN_POINT('Origin',(-113.500001683831,40.,23.0000003427267));
#6654=CARTESIAN_POINT('',(-113.500001655271,40.,28.0000000285606));
#6655=CARTESIAN_POINT('',(-112.000001683831,40.,26.5000000285606));
#6656=CARTESIAN_POINT('Origin',(-113.500001683831,40.,26.5000000285606));
#6657=CARTESIAN_POINT('Origin',(-113.500001683831,40.,23.0000003427267));
#6658=CARTESIAN_POINT('Origin',(-112.000001683831,40.,23.0000003427267));
#6659=CARTESIAN_POINT('Origin',(-120.250001747161,40.,23.0000003427267));
#6660=CARTESIAN_POINT('',(-130.000001937151,40.,28.0000003427267));
#6661=CARTESIAN_POINT('',(-112.000001683831,40.,28.));
#6662=CARTESIAN_POINT('',(-130.000001980071,35.,23.0000003427267));
#6663=CARTESIAN_POINT('Origin',(-130.000001980071,40.,23.0000003427267));
#6664=CARTESIAN_POINT('',(-120.250001747161,35.,23.0000003427267));
#6665=CARTESIAN_POINT('Origin',(-126.750001884551,40.,23.0000003706247));
#6666=CARTESIAN_POINT('',(-126.750001884551,35.,23.0000003706247));
#6667=CARTESIAN_POINT('',(-130.000001937151,40.,28.0000003427267));
#6668=CARTESIAN_POINT('Origin',(-123.500001810491,35.,20.5000001713634));
#6669=CARTESIAN_POINT('',(-145.50000140816,35.,18.));
#6670=CARTESIAN_POINT('Origin',(-151.250001508743,53.,16.));
#6671=CARTESIAN_POINT('',(-109.6,53.,18.));
#6672=CARTESIAN_POINT('',(-109.6,55.,16.));
#6673=CARTESIAN_POINT('Origin',(-109.6,53.,16.));
#6674=CARTESIAN_POINT('',(-112.000001683831,55.,16.));
#6675=CARTESIAN_POINT('',(-151.250001508743,55.,16.));
#6676=CARTESIAN_POINT('',(-112.000001683831,53.,18.));
#6677=CARTESIAN_POINT('Origin',(-112.000001683831,53.,16.));
#6678=CARTESIAN_POINT('',(-151.250001508743,53.,18.));
#6679=CARTESIAN_POINT('Origin',(-109.6,50.,16.));
#6680=CARTESIAN_POINT('',(-106.6,50.,18.));
#6681=CARTESIAN_POINT('',(-104.6,50.,16.));
#6682=CARTESIAN_POINT('Origin',(-106.6,50.,16.));
#6683=CARTESIAN_POINT('Origin',(-109.6,50.,16.));
#6684=CARTESIAN_POINT('Origin',(-109.6,50.,18.));
#6685=CARTESIAN_POINT('Origin',(-106.6,9.80000037252903,16.));
#6686=CARTESIAN_POINT('',(-106.6,-30.4,18.));
#6687=CARTESIAN_POINT('',(-104.6,-30.4,16.));
#6688=CARTESIAN_POINT('Origin',(-106.6,-30.4,16.));
#6689=CARTESIAN_POINT('',(-104.6,9.80000037252903,16.));
#6690=CARTESIAN_POINT('',(-106.6,9.80000037252903,18.));
#6691=CARTESIAN_POINT('Origin',(-109.6,-30.4,16.));
#6692=CARTESIAN_POINT('',(-109.6,-33.4,18.));
#6693=CARTESIAN_POINT('',(-109.6,-35.4,16.));
#6694=CARTESIAN_POINT('Origin',(-109.6,-33.4,16.));
#6695=CARTESIAN_POINT('Origin',(-109.6,-30.4,16.));
#6696=CARTESIAN_POINT('Origin',(-109.6,-30.4,18.));
#6697=CARTESIAN_POINT('Origin',(-183.750000502914,-33.4,16.));
#6698=CARTESIAN_POINT('',(-200.,-33.4,18.));
#6699=CARTESIAN_POINT('',(-200.,-35.4,16.));
#6700=CARTESIAN_POINT('Origin',(-200.,-33.4,16.));
#6701=CARTESIAN_POINT('',(-183.750000502914,-35.4,16.));
#6702=CARTESIAN_POINT('',(-183.750000502914,-33.4,18.));
#6703=CARTESIAN_POINT('Origin',(-200.,-30.4,16.));
#6704=CARTESIAN_POINT('',(-203.,-30.4,18.));
#6705=CARTESIAN_POINT('',(-205.,-30.4,16.));
#6706=CARTESIAN_POINT('Origin',(-203.,-30.4,16.));
#6707=CARTESIAN_POINT('Origin',(-200.,-30.4,16.));
#6708=CARTESIAN_POINT('Origin',(-200.,-30.4,18.));
#6709=CARTESIAN_POINT('Origin',(-203.,29.9000001862645,16.));
#6710=CARTESIAN_POINT('',(-203.,50.,18.));
#6711=CARTESIAN_POINT('',(-205.,50.,16.));
#6712=CARTESIAN_POINT('Origin',(-203.,50.,16.));
#6713=CARTESIAN_POINT('',(-205.,29.9000001862645,16.));
#6714=CARTESIAN_POINT('',(-203.,29.9000001862645,18.));
#6715=CARTESIAN_POINT('Origin',(-200.,50.,16.));
#6716=CARTESIAN_POINT('',(-200.,53.,18.));
#6717=CARTESIAN_POINT('',(-200.,55.,16.));
#6718=CARTESIAN_POINT('Origin',(-200.,53.,16.));
#6719=CARTESIAN_POINT('Origin',(-200.,50.,16.));
#6720=CARTESIAN_POINT('Origin',(-200.,50.,18.));
#6721=CARTESIAN_POINT('Origin',(-151.250001508743,53.,16.));
#6722=CARTESIAN_POINT('',(-135.000001919957,53.,18.));
#6723=CARTESIAN_POINT('',(-135.000001901617,55.,16.));
#6724=CARTESIAN_POINT('Origin',(-135.000001901617,53.,16.));
#6725=CARTESIAN_POINT('',(-151.250001508743,55.,16.));
#6726=CARTESIAN_POINT('',(-151.250001508743,53.,18.));
#6727=CARTESIAN_POINT('Origin',(-167.500001005828,9.80000037252903,18.));
#6728=CARTESIAN_POINT('',(-135.000001919957,32.4000001862645,18.));
#6729=CARTESIAN_POINT('',(-112.000001683831,32.4000001862645,18.));
#6730=CARTESIAN_POINT('',(-153.339003660073,28.4450013206,18.));
#6731=CARTESIAN_POINT('',(-139.349003660073,28.4450013206,18.));
#6732=CARTESIAN_POINT('',(-153.424502332951,28.4450013206,18.));
#6733=CARTESIAN_POINT('',(-139.349003660073,14.4550013206,18.));
#6734=CARTESIAN_POINT('',(-139.349003660073,12.1275008465645,18.));
#6735=CARTESIAN_POINT('',(-153.339003660073,14.4550013206,18.));
#6736=CARTESIAN_POINT('',(-160.419502332951,14.4550013206,18.));
#6737=CARTESIAN_POINT('',(-153.339003660073,19.1225008465645,18.));
#6738=CARTESIAN_POINT('',(-153.339003660073,-23.6049986794,18.));
#6739=CARTESIAN_POINT('',(-153.339003660073,-9.61499867940002,18.));
#6740=CARTESIAN_POINT('',(-153.339003660073,0.092500846564505,18.));
#6741=CARTESIAN_POINT('',(-139.349003660073,-9.61499867940002,18.));
#6742=CARTESIAN_POINT('',(-153.424502332951,-9.61499867940002,18.));
#6743=CARTESIAN_POINT('',(-139.349003660073,-23.6049986794,18.));
#6744=CARTESIAN_POINT('',(-139.349003660073,-6.9024991534355,18.));
#6745=CARTESIAN_POINT('',(-160.419502332951,-23.6049986794,18.));
#6746=CARTESIAN_POINT('',(-172.379503660073,-23.6049986794,18.));
#6747=CARTESIAN_POINT('',(-172.379503660073,-9.61499867940002,18.));
#6748=CARTESIAN_POINT('',(-172.379503660073,0.092500846564505,18.));
#6749=CARTESIAN_POINT('',(-158.389503660073,-9.61499867940002,18.));
#6750=CARTESIAN_POINT('',(-162.944752332951,-9.61499867940002,18.));
#6751=CARTESIAN_POINT('',(-158.389503660073,-23.6049986794,18.));
#6752=CARTESIAN_POINT('',(-158.389503660073,-6.9024991534355,18.));
#6753=CARTESIAN_POINT('',(-169.939752332951,-23.6049986794,18.));
#6754=CARTESIAN_POINT('',(-172.379503660073,28.4450013206,18.));
#6755=CARTESIAN_POINT('',(-158.389503660073,28.4450013206,18.));
#6756=CARTESIAN_POINT('',(-162.944752332951,28.4450013206,18.));
#6757=CARTESIAN_POINT('',(-158.389503660073,14.4550013206,18.));
#6758=CARTESIAN_POINT('',(-158.389503660073,12.1275008465645,18.));
#6759=CARTESIAN_POINT('',(-172.379503660073,14.4550013206,18.));
#6760=CARTESIAN_POINT('',(-169.939752332951,14.4550013206,18.));
#6761=CARTESIAN_POINT('',(-172.379503660073,19.1225008465645,18.));
#6762=CARTESIAN_POINT('',(-191.420003660073,14.4550013206,18.));
#6763=CARTESIAN_POINT('',(-191.420003660073,28.4450013206,18.));
#6764=CARTESIAN_POINT('',(-191.420003660073,19.1225008465645,18.));
#6765=CARTESIAN_POINT('',(-177.430003660073,28.4450013206,18.));
#6766=CARTESIAN_POINT('',(-172.465002332951,28.4450013206,18.));
#6767=CARTESIAN_POINT('',(-177.430003660073,14.4550013206,18.));
#6768=CARTESIAN_POINT('',(-177.430003660073,12.1275008465645,18.));
#6769=CARTESIAN_POINT('',(-179.460002332951,14.4550013206,18.));
#6770=CARTESIAN_POINT('',(-153.339003660073,9.42550132059999,18.));
#6771=CARTESIAN_POINT('',(-139.349003660073,9.42550132059999,18.));
#6772=CARTESIAN_POINT('',(-153.424502332951,9.42550132059999,18.));
#6773=CARTESIAN_POINT('',(-139.349003660073,-4.56449867940001,18.));
#6774=CARTESIAN_POINT('',(-139.349003660073,2.61775084656451,18.));
#6775=CARTESIAN_POINT('',(-153.339003660073,-4.56449867940001,18.));
#6776=CARTESIAN_POINT('',(-160.419502332951,-4.56449867940001,18.));
#6777=CARTESIAN_POINT('',(-153.339003660073,9.61275084656451,18.));
#6778=CARTESIAN_POINT('',(-191.420003660073,-9.61499867940002,18.));
#6779=CARTESIAN_POINT('',(-177.430003660073,-9.61499867940002,18.));
#6780=CARTESIAN_POINT('',(-172.465002332951,-9.61499867940002,18.));
#6781=CARTESIAN_POINT('',(-177.430003660073,-23.6049986794,18.));
#6782=CARTESIAN_POINT('',(-177.430003660073,-6.90249915343549,18.));
#6783=CARTESIAN_POINT('',(-191.420003660073,-23.6049986794,18.));
#6784=CARTESIAN_POINT('',(-179.460002332951,-23.6049986794,18.));
#6785=CARTESIAN_POINT('',(-191.420003660073,0.092500846564505,18.));
#6786=CARTESIAN_POINT('',(-172.379503660073,9.42550132059999,18.));
#6787=CARTESIAN_POINT('',(-158.389503660073,9.42550132059999,18.));
#6788=CARTESIAN_POINT('',(-162.944752332951,9.42550132059999,18.));
#6789=CARTESIAN_POINT('',(-158.389503660073,-4.56449867940001,18.));
#6790=CARTESIAN_POINT('',(-158.389503660073,2.61775084656451,18.));
#6791=CARTESIAN_POINT('',(-172.379503660073,-4.56449867940001,18.));
#6792=CARTESIAN_POINT('',(-169.939752332951,-4.56449867940001,18.));
#6793=CARTESIAN_POINT('',(-172.379503660073,9.61275084656451,18.));
#6794=CARTESIAN_POINT('',(-191.420003660073,-4.56449867940001,18.));
#6795=CARTESIAN_POINT('',(-191.420003660073,9.42550132059999,18.));
#6796=CARTESIAN_POINT('',(-191.420003660073,9.61275084656451,18.));
#6797=CARTESIAN_POINT('',(-177.430003660073,9.42550132059999,18.));
#6798=CARTESIAN_POINT('',(-172.465002332951,9.42550132059999,18.));
#6799=CARTESIAN_POINT('',(-177.430003660073,-4.56449867940005,18.));
#6800=CARTESIAN_POINT('',(-177.430003660073,2.61775084656449,18.));
#6801=CARTESIAN_POINT('',(-179.460002332951,-4.56449867940004,18.));
#6802=CARTESIAN_POINT('',(-124.272585368505,4.91325524377395,18.));
#6803=CARTESIAN_POINT('',(-123.886440742111,3.8924903183492,18.));
#6804=CARTESIAN_POINT('Ctrl Pts',(-124.272585368505,4.91325524377395,18.));
#6805=CARTESIAN_POINT('Ctrl Pts',(-124.097980841788,4.65134845369786,18.));
#6806=CARTESIAN_POINT('Ctrl Pts',(-123.997247460989,4.38272610490187,18.));
#6807=CARTESIAN_POINT('Ctrl Pts',(-123.886440742111,3.8924903183492,18.));
#6808=CARTESIAN_POINT('',(-123.664827304354,2.19681174157452,18.));
#6809=CARTESIAN_POINT('Ctrl Pts',(-123.886440742111,3.8924903183492,18.));
#6810=CARTESIAN_POINT('Ctrl Pts',(-123.742056229633,3.26458557803858,18.));
#6811=CARTESIAN_POINT('Ctrl Pts',(-123.684973980514,2.83143204060505,18.));
#6812=CARTESIAN_POINT('Ctrl Pts',(-123.664827304354,2.19681174157452,18.));
#6813=CARTESIAN_POINT('',(-123.634607290115,1.58569589806365,18.));
#6814=CARTESIAN_POINT('Ctrl Pts',(-123.664827304354,2.19681174157452,18.));
#6815=CARTESIAN_POINT('Ctrl Pts',(-123.654753966274,1.88453826109919,18.));
#6816=CARTESIAN_POINT('Ctrl Pts',(-123.641322848835,1.6092003535833,18.));
#6817=CARTESIAN_POINT('Ctrl Pts',(-123.634607290115,1.58569589806365,18.));
#6818=CARTESIAN_POINT('',(-123.493580556997,1.6696403820624,18.));
#6819=CARTESIAN_POINT('Ctrl Pts',(-123.634607290115,1.58569589806365,18.));
#6820=CARTESIAN_POINT('Ctrl Pts',(-123.627891731395,1.56554922190395,18.));
#6821=CARTESIAN_POINT('Ctrl Pts',(-123.567451702916,1.59912701550345,18.));
#6822=CARTESIAN_POINT('Ctrl Pts',(-123.493580556997,1.6696403820624,18.));
#6823=CARTESIAN_POINT('',(-121.854984229341,2.58295636796876,18.));
#6824=CARTESIAN_POINT('Ctrl Pts',(-123.493580556997,1.6696403820624,18.));
#6825=CARTESIAN_POINT('Ctrl Pts',(-123.198095973321,1.94833606893823,18.));
#6826=CARTESIAN_POINT('Ctrl Pts',(-122.321715560374,2.43521407613096,18.));
#6827=CARTESIAN_POINT('Ctrl Pts',(-121.854984229341,2.58295636796876,18.));
#6828=CARTESIAN_POINT('',(-120.199599004886,2.7206253217267,18.));
#6829=CARTESIAN_POINT('Ctrl Pts',(-121.854984229341,2.58295636796876,18.));
#6830=CARTESIAN_POINT('Ctrl Pts',(-121.425188471268,2.7139097630068,18.));
#6831=CARTESIAN_POINT('Ctrl Pts',(-120.333910179284,2.8079275850854,18.));
#6832=CARTESIAN_POINT('Ctrl Pts',(-120.199599004886,2.7206253217267,18.));
#6833=CARTESIAN_POINT('',(-121.421830691908,1.52861364894451,18.));
#6834=CARTESIAN_POINT('Ctrl Pts',(-120.199599004886,2.7206253217267,18.));
#6835=CARTESIAN_POINT('Ctrl Pts',(-120.145874535127,2.6870475281272,18.));
#6836=CARTESIAN_POINT('Ctrl Pts',(-120.723412585038,2.12294059565563,18.));
#6837=CARTESIAN_POINT('Ctrl Pts',(-121.421830691908,1.52861364894451,18.));
#6838=CARTESIAN_POINT('',(-121.868415346781,0.971222275192829,18.));
#6839=CARTESIAN_POINT('Ctrl Pts',(-121.421830691908,1.52861364894451,18.));
#6840=CARTESIAN_POINT('Ctrl Pts',(-122.096744343258,0.951075599033133,18.));
#6841=CARTESIAN_POINT('Ctrl Pts',(-122.043019873499,1.01823118623213,18.));
#6842=CARTESIAN_POINT('Ctrl Pts',(-121.868415346781,0.971222275192829,18.));
#6843=CARTESIAN_POINT('',(-119.051238463783,-0.402109483026656,18.));
#6844=CARTESIAN_POINT('Ctrl Pts',(-121.868415346781,0.971222275192829,18.));
#6845=CARTESIAN_POINT('Ctrl Pts',(-120.871154876876,0.719388823196592,18.));
#6846=CARTESIAN_POINT('Ctrl Pts',(-119.722794335773,0.15863967008497,18.));
#6847=CARTESIAN_POINT('Ctrl Pts',(-119.051238463783,-0.402109483026656,
18.));
#6848=CARTESIAN_POINT('',(-116.764590719657,-4.45830694984607,18.));
#6849=CARTESIAN_POINT('Ctrl Pts',(-119.051238463783,-0.402109483026656,
18.));
#6850=CARTESIAN_POINT('Ctrl Pts',(-117.795428983162,-1.44637886397106,18.));
#6851=CARTESIAN_POINT('Ctrl Pts',(-117.070148641413,-2.73240835883185,18.));
#6852=CARTESIAN_POINT('Ctrl Pts',(-116.764590719657,-4.45830694984607,18.));
#6853=CARTESIAN_POINT('',(-116.744444043498,-6.75502803205176,18.));
#6854=CARTESIAN_POINT('Ctrl Pts',(-116.764590719657,-4.45830694984607,18.));
#6855=CARTESIAN_POINT('Ctrl Pts',(-116.660499559499,-5.02577166167759,18.));
#6856=CARTESIAN_POINT('Ctrl Pts',(-116.650426221419,-6.20099443766004,18.));
#6857=CARTESIAN_POINT('Ctrl Pts',(-116.744444043498,-6.75502803205176,18.));
#6858=CARTESIAN_POINT('',(-117.832364556121,-9.57220491504969,18.));
#6859=CARTESIAN_POINT('Ctrl Pts',(-116.744444043498,-6.75502803205176,18.));
#6860=CARTESIAN_POINT('Ctrl Pts',(-116.915690790855,-7.77243517811657,18.));
#6861=CARTESIAN_POINT('Ctrl Pts',(-117.28168874109,-8.71932895762242,18.));
#6862=CARTESIAN_POINT('Ctrl Pts',(-117.832364556121,-9.57220491504969,18.));
#6863=CARTESIAN_POINT('',(-120.965172698955,-12.2449972855698,18.));
#6864=CARTESIAN_POINT('Ctrl Pts',(-117.832364556121,-9.57220491504969,18.));
#6865=CARTESIAN_POINT('Ctrl Pts',(-118.561002677231,-10.6970610006329,18.));
#6866=CARTESIAN_POINT('Ctrl Pts',(-119.746298791293,-11.7077525879778,18.));
#6867=CARTESIAN_POINT('Ctrl Pts',(-120.965172698955,-12.2449972855698,18.));
#6868=CARTESIAN_POINT('',(-128.446305112923,-12.0200260684531,18.));
#6869=CARTESIAN_POINT('Ctrl Pts',(-120.965172698955,-12.2449972855698,18.));
#6870=CARTESIAN_POINT('Ctrl Pts',(-123.30554491284,-13.2758355490744,18.));
#6871=CARTESIAN_POINT('Ctrl Pts',(-126.216739617916,-13.1885332857157,18.));
#6872=CARTESIAN_POINT('Ctrl Pts',(-128.446305112923,-12.0200260684531,18.));
#6873=CARTESIAN_POINT('',(-131.448159860718,-9.11890470145646,18.));
#6874=CARTESIAN_POINT('Ctrl Pts',(-128.446305112923,-12.0200260684531,18.));
#6875=CARTESIAN_POINT('Ctrl Pts',(-129.725619049064,-11.3518279758231,18.));
#6876=CARTESIAN_POINT('Ctrl Pts',(-130.790035106168,-10.3209897123185,18.));
#6877=CARTESIAN_POINT('Ctrl Pts',(-131.448159860718,-9.11890470145646,18.));
#6878=CARTESIAN_POINT('',(-132.348044729185,-5.57644747670937,18.));
#6879=CARTESIAN_POINT('Ctrl Pts',(-131.448159860718,-9.11890470145646,18.));
#6880=CARTESIAN_POINT('Ctrl Pts',(-132.079422380389,-7.96047082227376,18.));
#6881=CARTESIAN_POINT('Ctrl Pts',(-132.348044729185,-6.90612810324951,18.));
#6882=CARTESIAN_POINT('Ctrl Pts',(-132.348044729185,-5.57644747670937,18.));
#6883=CARTESIAN_POINT('',(-131.730213326954,-2.67196833035275,18.));
#6884=CARTESIAN_POINT('Ctrl Pts',(-132.348044729185,-5.57644747670937,18.));
#6885=CARTESIAN_POINT('Ctrl Pts',(-132.348044729185,-4.46502250856597,18.));
#6886=CARTESIAN_POINT('Ctrl Pts',(-132.156651305667,-3.56177986073946,18.));
#6887=CARTESIAN_POINT('Ctrl Pts',(-131.730213326954,-2.67196833035275,18.));
#6888=CARTESIAN_POINT('',(-128.335498394045,0.501133164799852,18.));
#6889=CARTESIAN_POINT('Ctrl Pts',(-131.730213326954,-2.67196833035275,18.));
#6890=CARTESIAN_POINT('Ctrl Pts',(-131.031795220084,-1.21133430877457,18.));
#6891=CARTESIAN_POINT('Ctrl Pts',(-129.920370251941,-0.170422707190119,
18.));
#6892=CARTESIAN_POINT('Ctrl Pts',(-128.335498394045,0.501133164799852,18.));
#6893=CARTESIAN_POINT('',(-126.898368827986,0.981295613272681,18.));
#6894=CARTESIAN_POINT('Ctrl Pts',(-128.335498394045,0.501133164799852,18.));
#6895=CARTESIAN_POINT('Ctrl Pts',(-127.97285822317,0.652233235997595,18.));
#6896=CARTESIAN_POINT('Ctrl Pts',(-127.230788984621,0.900708908633885,18.));
#6897=CARTESIAN_POINT('Ctrl Pts',(-126.898368827986,0.981295613272681,18.));
#6898=CARTESIAN_POINT('',(-127.183780073582,1.24320240334877,18.));
#6899=CARTESIAN_POINT('Ctrl Pts',(-126.898368827986,0.981295613272681,18.));
#6900=CARTESIAN_POINT('Ctrl Pts',(-126.884937710546,0.984653392632633,18.));
#6901=CARTESIAN_POINT('Ctrl Pts',(-127.012533326224,1.10217567023088,18.));
#6902=CARTESIAN_POINT('Ctrl Pts',(-127.183780073582,1.24320240334877,18.));
#6903=CARTESIAN_POINT('',(-128.275058365565,2.27739844621332,18.));
#6904=CARTESIAN_POINT('Ctrl Pts',(-127.183780073582,1.24320240334877,18.));
#6905=CARTESIAN_POINT('Ctrl Pts',(-127.606860272935,1.5890536774236,18.));
#6906=CARTESIAN_POINT('Ctrl Pts',(-127.97285822317,1.93490495149844,18.));
#6907=CARTESIAN_POINT('Ctrl Pts',(-128.275058365565,2.27739844621332,18.));
#6908=CARTESIAN_POINT('',(-128.033298251649,2.61317638220831,18.));
#6909=CARTESIAN_POINT('Ctrl Pts',(-128.275058365565,2.27739844621332,18.));
#6910=CARTESIAN_POINT('Ctrl Pts',(-128.577258507961,2.61653416156825,18.));
#6911=CARTESIAN_POINT('Ctrl Pts',(-128.580616287321,2.60981860284836,18.));
#6912=CARTESIAN_POINT('Ctrl Pts',(-128.033298251649,2.61317638220831,18.));
#6913=CARTESIAN_POINT('',(-126.807708785267,2.46207631101056,18.));
#6914=CARTESIAN_POINT('Ctrl Pts',(-128.033298251649,2.61317638220831,18.));
#6915=CARTESIAN_POINT('Ctrl Pts',(-127.630364728455,2.61653416156825,18.));
#6916=CARTESIAN_POINT('Ctrl Pts',(-127.096477810223,2.54937857436926,18.));
#6917=CARTESIAN_POINT('Ctrl Pts',(-126.807708785267,2.46207631101056,18.));
#6918=CARTESIAN_POINT('',(-125.28999251457,1.7367959692614,18.));
#6919=CARTESIAN_POINT('Ctrl Pts',(-126.807708785267,2.46207631101056,18.));
#6920=CARTESIAN_POINT('Ctrl Pts',(-126.330904116154,2.32104957789267,18.));
#6921=CARTESIAN_POINT('Ctrl Pts',(-125.719788272644,2.02892277357703,18.));
#6922=CARTESIAN_POINT('Ctrl Pts',(-125.28999251457,1.7367959692614,18.));
#6923=CARTESIAN_POINT('',(-124.967645696015,1.59912701550345,18.));
#6924=CARTESIAN_POINT('Ctrl Pts',(-125.28999251457,1.7367959692614,18.));
#6925=CARTESIAN_POINT('Ctrl Pts',(-125.028085724494,1.562191442544,18.));
#6926=CARTESIAN_POINT('Ctrl Pts',(-124.991150151534,1.54540254574425,18.));
#6927=CARTESIAN_POINT('Ctrl Pts',(-124.967645696015,1.59912701550345,18.));
#6928=CARTESIAN_POINT('',(-124.947499019855,2.26396732877352,18.));
#6929=CARTESIAN_POINT('Ctrl Pts',(-124.967645696015,1.59912701550345,18.));
#6930=CARTESIAN_POINT('Ctrl Pts',(-124.954214578575,1.63270480910295,18.));
#6931=CARTESIAN_POINT('Ctrl Pts',(-124.944141240495,1.93154717213849,18.));
#6932=CARTESIAN_POINT('Ctrl Pts',(-124.947499019855,2.26396732877352,18.));
#6933=CARTESIAN_POINT('',(-125.28663473521,4.25513048922378,18.));
#6934=CARTESIAN_POINT('Ctrl Pts',(-124.947499019855,2.26396732877352,18.));
#6935=CARTESIAN_POINT('Ctrl Pts',(-124.950856799215,3.11348550684083,18.));
#6936=CARTESIAN_POINT('Ctrl Pts',(-125.018012386414,3.51977680939477,18.));
#6937=CARTESIAN_POINT('Ctrl Pts',(-125.28663473521,4.25513048922378,18.));
#6938=CARTESIAN_POINT('',(-125.377294777929,4.71850404089686,18.));
#6939=CARTESIAN_POINT('Ctrl Pts',(-125.28663473521,4.25513048922378,18.));
#6940=CARTESIAN_POINT('Ctrl Pts',(-125.434377027048,4.65470623305781,18.));
#6941=CARTESIAN_POINT('Ctrl Pts',(-125.437734806408,4.67149512985756,18.));
#6942=CARTESIAN_POINT('Ctrl Pts',(-125.377294777929,4.71850404089686,18.));
#6943=CARTESIAN_POINT('',(-124.729243361458,5.04756641817195,18.));
#6944=CARTESIAN_POINT('Ctrl Pts',(-125.377294777929,4.71850404089686,18.));
#6945=CARTESIAN_POINT('Ctrl Pts',(-125.236268044811,4.82595298041525,18.));
#6946=CARTESIAN_POINT('Ctrl Pts',(-124.900490108816,4.9971997277727,18.));
#6947=CARTESIAN_POINT('Ctrl Pts',(-124.729243361458,5.04756641817195,18.));
#6948=CARTESIAN_POINT('Ctrl Pts',(-124.729243361458,5.04756641817195,18.));
#6949=CARTESIAN_POINT('Ctrl Pts',(-124.440474336503,5.13151090217069,18.));
#6950=CARTESIAN_POINT('Ctrl Pts',(-124.410254322263,5.12479534345079,18.));
#6951=CARTESIAN_POINT('Ctrl Pts',(-124.272585368505,4.91325524377395,18.));
#6952=CARTESIAN_POINT('',(-167.210002980232,47.6300007450581,18.));
#6953=CARTESIAN_POINT('',(-167.210002980232,34.2900007450581,18.));
#6954=CARTESIAN_POINT('',(-167.210002980232,40.9600007450581,18.));
#6955=CARTESIAN_POINT('',(-137.210002980232,47.6300007450581,18.));
#6956=CARTESIAN_POINT('',(-172.210002980232,47.6300007450581,18.));
#6957=CARTESIAN_POINT('',(-137.210002980232,34.2900007450581,18.));
#6958=CARTESIAN_POINT('',(-137.210002980232,47.6300007450581,18.));
#6959=CARTESIAN_POINT('',(-172.210002980232,34.2900007450581,18.));
#6960=CARTESIAN_POINT('',(-191.460002980232,47.0487626322224,18.));
#6961=CARTESIAN_POINT('',(-193.459277957842,47.0473131127179,18.));
#6962=CARTESIAN_POINT('',(-180.493148868992,47.0567138490965,18.));
#6963=CARTESIAN_POINT('',(-193.460002980232,48.0473128498891,18.));
#6964=CARTESIAN_POINT('',(-193.44613108188,28.9142558748303,18.));
#6965=CARTESIAN_POINT('',(-177.960002980232,48.0585506998959,18.));
#6966=CARTESIAN_POINT('',(-175.960002980232,48.0600007450581,18.));
#6967=CARTESIAN_POINT('',(-177.960002980232,48.0600007450581,18.));
#6968=CARTESIAN_POINT('',(-177.960002980232,28.9300005587935,18.));
#6969=CARTESIAN_POINT('',(-175.960002980232,48.0600007450581,18.));
#6970=CARTESIAN_POINT('',(-171.73000199303,48.0600007450581,18.));
#6971=CARTESIAN_POINT('',(-175.960002980232,33.8600007450581,18.));
#6972=CARTESIAN_POINT('',(-175.960002980232,33.8600007450581,18.));
#6973=CARTESIAN_POINT('',(-191.460002980232,33.8600007450581,18.));
#6974=CARTESIAN_POINT('',(-193.460002980232,33.8600007450581,18.));
#6975=CARTESIAN_POINT('',(-191.460002980232,48.0473128498891,18.));
#6976=CARTESIAN_POINT('',(-134.211294495634,20.1982057170418,18.));
#6977=CARTESIAN_POINT('',(-135.012635135226,20.1098448113946,18.));
#6978=CARTESIAN_POINT('Ctrl Pts',(-134.211294495634,20.1982057170418,18.));
#6979=CARTESIAN_POINT('Ctrl Pts',(-134.33097188608,20.1724921532009,18.));
#6980=CARTESIAN_POINT('Ctrl Pts',(-134.594910310094,20.1157830497463,18.));
#6981=CARTESIAN_POINT('Ctrl Pts',(-134.865007758704,20.1119434334929,18.));
#6982=CARTESIAN_POINT('Ctrl Pts',(-135.012635135226,20.1098448113946,18.));
#6983=CARTESIAN_POINT('',(-136.088198715023,20.1098448113946,18.));
#6984=CARTESIAN_POINT('',(-151.256318070527,20.1098448113946,18.));
#6985=CARTESIAN_POINT('',(-136.088198715023,24.8142930941132,18.));
#6986=CARTESIAN_POINT('',(-136.088198715023,14.9549225919618,18.));
#6987=CARTESIAN_POINT('',(-135.381312661938,24.8142930941132,18.));
#6988=CARTESIAN_POINT('',(-151.794099860426,24.8142930941132,18.));
#6989=CARTESIAN_POINT('',(-134.62872281032,24.7411671356705,18.));
#6990=CARTESIAN_POINT('Ctrl Pts',(-135.381312661938,24.8142930941132,18.));
#6991=CARTESIAN_POINT('Ctrl Pts',(-135.239379147954,24.8130290369545,18.));
#6992=CARTESIAN_POINT('Ctrl Pts',(-134.986200452528,24.8107742323392,18.));
#6993=CARTESIAN_POINT('Ctrl Pts',(-134.737847562273,24.7624156174252,18.));
#6994=CARTESIAN_POINT('Ctrl Pts',(-134.62872281032,24.7411671356705,18.));
#6995=CARTESIAN_POINT('',(-134.150355898909,24.4943663553742,18.));
#6996=CARTESIAN_POINT('Ctrl Pts',(-134.62872281032,24.7411671356705,18.));
#6997=CARTESIAN_POINT('Ctrl Pts',(-134.538980423889,24.7135064685669,18.));
#6998=CARTESIAN_POINT('Ctrl Pts',(-134.364670281655,24.6597800745086,18.));
#6999=CARTESIAN_POINT('Ctrl Pts',(-134.220366071745,24.5484021271117,18.));
#7000=CARTESIAN_POINT('Ctrl Pts',(-134.150355898909,24.4943663553742,18.));
#7001=CARTESIAN_POINT('',(-133.836523139052,24.0464687423257,18.));
#7002=CARTESIAN_POINT('Ctrl Pts',(-134.150355898909,24.4943663553742,18.));
#7003=CARTESIAN_POINT('Ctrl Pts',(-134.087351396529,24.4297873306237,18.));
#7004=CARTESIAN_POINT('Ctrl Pts',(-133.958410937014,24.2976245674575,18.));
#7005=CARTESIAN_POINT('Ctrl Pts',(-133.877763576247,24.1314466991502,18.));
#7006=CARTESIAN_POINT('Ctrl Pts',(-133.836523139052,24.0464687423257,18.));
#7007=CARTESIAN_POINT('',(-133.717692935042,23.4980225638894,18.));
#7008=CARTESIAN_POINT('Ctrl Pts',(-133.836523139052,24.0464687423257,18.));
#7009=CARTESIAN_POINT('Ctrl Pts',(-133.801867216013,23.9566318519788,18.));
#7010=CARTESIAN_POINT('Ctrl Pts',(-133.733709142605,23.7799489409484,18.));
#7011=CARTESIAN_POINT('Ctrl Pts',(-133.722971079966,23.5909314669615,18.));
#7012=CARTESIAN_POINT('Ctrl Pts',(-133.717692935042,23.4980225638894,18.));
#7013=CARTESIAN_POINT('',(-134.104652249388,22.6418373064545,18.));
#7014=CARTESIAN_POINT('Ctrl Pts',(-133.717692935042,23.4980225638894,18.));
#7015=CARTESIAN_POINT('Ctrl Pts',(-133.734389643577,23.3353851529163,18.));
#7016=CARTESIAN_POINT('Ctrl Pts',(-133.768086726705,23.0071524149607,18.));
#7017=CARTESIAN_POINT('Ctrl Pts',(-133.991791758588,22.7643383936544,18.));
#7018=CARTESIAN_POINT('Ctrl Pts',(-134.104652249388,22.6418373064545,18.));
#7019=CARTESIAN_POINT('',(-133.513549112849,22.193939693406,18.));
#7020=CARTESIAN_POINT('Ctrl Pts',(-134.104652249388,22.6418373064545,18.));
#7021=CARTESIAN_POINT('Ctrl Pts',(-133.986578736062,22.5915484239315,18.));
#7022=CARTESIAN_POINT('Ctrl Pts',(-133.75202408202,22.4916488688992,18.));
#7023=CARTESIAN_POINT('Ctrl Pts',(-133.592680178273,22.292725927975,18.));
#7024=CARTESIAN_POINT('Ctrl Pts',(-133.513549112849,22.193939693406,18.));
#7025=CARTESIAN_POINT('',(-133.294170939497,21.4565843419579,18.));
#7026=CARTESIAN_POINT('Ctrl Pts',(-133.513549112849,22.193939693406,18.));
#7027=CARTESIAN_POINT('Ctrl Pts',(-133.449573555667,22.082433011189,18.));
#7028=CARTESIAN_POINT('Ctrl Pts',(-133.318568785016,21.8540972533873,18.));
#7029=CARTESIAN_POINT('Ctrl Pts',(-133.302428958457,21.5911318435665,18.));
#7030=CARTESIAN_POINT('Ctrl Pts',(-133.294170939497,21.4565843419579,18.));
#7031=CARTESIAN_POINT('',(-133.684176945261,20.5242264346627,18.));
#7032=CARTESIAN_POINT('Ctrl Pts',(-133.294170939497,21.4565843419579,18.));
#7033=CARTESIAN_POINT('Ctrl Pts',(-133.310207458768,21.2800721301669,18.));
#7034=CARTESIAN_POINT('Ctrl Pts',(-133.342175878256,20.9281992370603,18.));
#7035=CARTESIAN_POINT('Ctrl Pts',(-133.570425577689,20.6585899298916,18.));
#7036=CARTESIAN_POINT('Ctrl Pts',(-133.684176945261,20.5242264346627,18.));
#7037=CARTESIAN_POINT('Ctrl Pts',(-133.684176945261,20.5242264346627,18.));
#7038=CARTESIAN_POINT('Ctrl Pts',(-133.763741714842,20.4523234185314,18.));
#7039=CARTESIAN_POINT('Ctrl Pts',(-133.919638461191,20.3114388746979,18.));
#7040=CARTESIAN_POINT('Ctrl Pts',(-134.11542917223,20.2354246736102,18.));
#7041=CARTESIAN_POINT('Ctrl Pts',(-134.211294495634,20.1982057170418,18.));
#7042=CARTESIAN_POINT('',(-128.83521302896,20.1098448113946,18.));
#7043=CARTESIAN_POINT('',(-128.83521302896,24.8142930941132,18.));
#7044=CARTESIAN_POINT('',(-128.83521302896,14.9549225919618,18.));
#7045=CARTESIAN_POINT('',(-128.125279986433,24.8142930941132,18.));
#7046=CARTESIAN_POINT('',(-148.167607017394,24.8142930941132,18.));
#7047=CARTESIAN_POINT('',(-128.125279986433,20.7771205977944,18.));
#7048=CARTESIAN_POINT('',(-128.125279986433,17.3071467333211,18.));
#7049=CARTESIAN_POINT('',(-126.741977178626,20.7771205977944,18.));
#7050=CARTESIAN_POINT('',(-147.812640496131,20.7771205977944,18.));
#7051=CARTESIAN_POINT('',(-126.741977178626,20.1098448113946,18.));
#7052=CARTESIAN_POINT('',(-126.741977178626,15.2885604851617,18.));
#7053=CARTESIAN_POINT('',(-147.120989092227,20.1098448113946,18.));
#7054=CARTESIAN_POINT('',(-126.051194512419,20.1098448113946,18.));
#7055=CARTESIAN_POINT('',(-126.051194512419,24.8142930941132,18.));
#7056=CARTESIAN_POINT('',(-126.051194512419,14.9549225919618,18.));
#7057=CARTESIAN_POINT('',(-125.341261469893,24.8142930941132,18.));
#7058=CARTESIAN_POINT('',(-146.775597759124,24.8142930941132,18.));
#7059=CARTESIAN_POINT('',(-125.341261469893,20.1098448113946,18.));
#7060=CARTESIAN_POINT('',(-125.341261469893,17.3071467333211,18.));
#7061=CARTESIAN_POINT('',(-146.420631237861,20.1098448113946,18.));
#7062=CARTESIAN_POINT('',(-119.124228798918,19.7564017848519,18.));
#7063=CARTESIAN_POINT('',(-121.18699535089,24.8142936901597,18.));
#7064=CARTESIAN_POINT('',(-120.832856035527,23.945946094154,18.));
#7065=CARTESIAN_POINT('',(-120.410029732756,24.8142936901597,18.));
#7066=CARTESIAN_POINT('',(-144.343498178359,24.8142936901597,18.));
#7067=CARTESIAN_POINT('',(-119.108993851714,21.554086215928,18.));
#7068=CARTESIAN_POINT('',(-121.060251169156,26.4436544308936,18.));
#7069=CARTESIAN_POINT('',(-117.789677226118,24.8142936901597,18.));
#7070=CARTESIAN_POINT('',(-124.557309841418,8.09057020543421,18.));
#7071=CARTESIAN_POINT('',(-117.012711607985,24.8142936901597,18.));
#7072=CARTESIAN_POINT('',(-142.644839115973,24.8142936901597,18.));
#7073=CARTESIAN_POINT('',(-123.428122919646,9.44692794868996,18.));
#7074=CARTESIAN_POINT('',(-124.193440520338,24.8142930941132,18.));
#7075=CARTESIAN_POINT('',(-121.597462737135,24.8142930941132,18.));
#7076=CARTESIAN_POINT('',(-145.846720763083,24.8142930941132,18.));
#7077=CARTESIAN_POINT('',(-121.597462737135,24.1470170096902,18.));
#7078=CARTESIAN_POINT('',(-121.597462737135,17.3071467333211,18.));
#7079=CARTESIAN_POINT('',(-123.483507477812,24.1470170096902,18.));
#7080=CARTESIAN_POINT('',(-144.548731871482,24.1470170096902,18.));
#7081=CARTESIAN_POINT('',(-123.483507477812,23.0166089610604,18.));
#7082=CARTESIAN_POINT('',(-123.483507477812,16.9735086911096,18.));
#7083=CARTESIAN_POINT('',(-121.652306162886,23.0166089610604,18.));
#7084=CARTESIAN_POINT('',(-145.49175424182,23.0166089610604,18.));
#7085=CARTESIAN_POINT('',(-121.652306162886,22.3493328766373,18.));
#7086=CARTESIAN_POINT('',(-121.652306162886,16.4083046667947,18.));
#7087=CARTESIAN_POINT('',(-123.483507477812,22.3493328766373,18.));
#7088=CARTESIAN_POINT('',(-144.576153584357,22.3493328766373,18.));
#7089=CARTESIAN_POINT('',(-123.483507477812,20.7771205977944,18.));
#7090=CARTESIAN_POINT('',(-123.483507477812,16.0746666245832,18.));
#7091=CARTESIAN_POINT('',(-121.597462737135,20.7771205977944,18.));
#7092=CARTESIAN_POINT('',(-145.49175424182,20.7771205977944,18.));
#7093=CARTESIAN_POINT('',(-121.597462737135,20.1098448113946,18.));
#7094=CARTESIAN_POINT('',(-121.597462737135,15.2885604851617,18.));
#7095=CARTESIAN_POINT('',(-124.193440520338,20.1098448113946,18.));
#7096=CARTESIAN_POINT('',(-144.548731871482,20.1098448113946,18.));
#7097=CARTESIAN_POINT('',(-124.193440520338,14.9549225919618,18.));
#7098=CARTESIAN_POINT('',(-116.410289847426,24.8142930941132,18.));
#7099=CARTESIAN_POINT('',(-113.814312064223,24.8142930941132,18.));
#7100=CARTESIAN_POINT('',(-141.955145426627,24.8142930941132,18.));
#7101=CARTESIAN_POINT('',(-113.814312064223,24.1470170096902,18.));
#7102=CARTESIAN_POINT('',(-113.814312064223,17.3071467333211,18.));
#7103=CARTESIAN_POINT('',(-115.700355612807,24.1470170096902,18.));
#7104=CARTESIAN_POINT('',(-140.657156535026,24.1470170096902,18.));
#7105=CARTESIAN_POINT('',(-115.700355612807,23.0166089610604,18.));
#7106=CARTESIAN_POINT('',(-115.700355612807,16.9735086911096,18.));
#7107=CARTESIAN_POINT('',(-113.869155489973,23.0166089610604,18.));
#7108=CARTESIAN_POINT('',(-141.600178309318,23.0166089610604,18.));
#7109=CARTESIAN_POINT('',(-113.869155489973,22.3493328766373,18.));
#7110=CARTESIAN_POINT('',(-113.869155489973,16.4083046667947,18.));
#7111=CARTESIAN_POINT('',(-115.700355612807,22.3493328766373,18.));
#7112=CARTESIAN_POINT('',(-140.684578247901,22.3493328766373,18.));
#7113=CARTESIAN_POINT('',(-115.700355612807,20.7771205977944,18.));
#7114=CARTESIAN_POINT('',(-115.700355612807,16.0746666245832,18.));
#7115=CARTESIAN_POINT('',(-113.814312064223,20.7771205977944,18.));
#7116=CARTESIAN_POINT('',(-141.600178309318,20.7771205977944,18.));
#7117=CARTESIAN_POINT('',(-113.814312064223,20.1098448113946,18.));
#7118=CARTESIAN_POINT('',(-113.814312064223,15.2885604851617,18.));
#7119=CARTESIAN_POINT('',(-116.410289847426,20.1098448113946,18.));
#7120=CARTESIAN_POINT('',(-140.657156535026,20.1098448113946,18.));
#7121=CARTESIAN_POINT('',(-116.410289847426,14.9549225919618,18.));
#7122=CARTESIAN_POINT('',(-132.380962514452,24.8142930941132,18.));
#7123=CARTESIAN_POINT('',(-129.784984433226,24.8142930941132,18.));
#7124=CARTESIAN_POINT('',(-149.94048176014,24.8142930941132,18.));
#7125=CARTESIAN_POINT('',(-129.784984433226,24.1470170096902,18.));
#7126=CARTESIAN_POINT('',(-129.784984433226,17.3071467333211,18.));
#7127=CARTESIAN_POINT('',(-131.671029471926,24.1470170096902,18.));
#7128=CARTESIAN_POINT('',(-148.642492719527,24.1470170096902,18.));
#7129=CARTESIAN_POINT('',(-131.671029471926,23.0166089610604,18.));
#7130=CARTESIAN_POINT('',(-131.671029471926,16.9735086911096,18.));
#7131=CARTESIAN_POINT('',(-129.83982905107,23.0166089610604,18.));
#7132=CARTESIAN_POINT('',(-149.585515238877,23.0166089610604,18.));
#7133=CARTESIAN_POINT('',(-129.83982905107,22.3493328766373,18.));
#7134=CARTESIAN_POINT('',(-129.83982905107,16.4083046667947,18.));
#7135=CARTESIAN_POINT('',(-131.671029471926,22.3493328766373,18.));
#7136=CARTESIAN_POINT('',(-148.669915028449,22.3493328766373,18.));
#7137=CARTESIAN_POINT('',(-131.671029471926,20.7771205977944,18.));
#7138=CARTESIAN_POINT('',(-131.671029471926,16.0746666245832,18.));
#7139=CARTESIAN_POINT('',(-129.784984433226,20.7771205977944,18.));
#7140=CARTESIAN_POINT('',(-149.585515238877,20.7771205977944,18.));
#7141=CARTESIAN_POINT('',(-129.784984433226,20.1098448113946,18.));
#7142=CARTESIAN_POINT('',(-129.784984433226,15.2885604851617,18.));
#7143=CARTESIAN_POINT('',(-132.380962514452,20.1098448113946,18.));
#7144=CARTESIAN_POINT('',(-148.642492719527,20.1098448113946,18.));
#7145=CARTESIAN_POINT('',(-132.380962514452,14.9549225919618,18.));
#7146=CARTESIAN_POINT('',(-195.360002980232,-22.9999994039536,18.));
#7147=CARTESIAN_POINT('Origin',(-196.960002980232,-22.9999994039536,18.));
#7148=CARTESIAN_POINT('',(-113.400002980232,-22.9999994039536,18.));
#7149=CARTESIAN_POINT('Origin',(-115.000002980232,-22.9999994039536,18.));
#7150=CARTESIAN_POINT('',(-195.360002980232,43.0000006407499,18.));
#7151=CARTESIAN_POINT('Origin',(-196.960002980232,43.0000006407499,18.));
#7152=CARTESIAN_POINT('',(-113.400002980232,14.0000005960465,18.));
#7153=CARTESIAN_POINT('Origin',(-115.000002980232,14.0000005960465,18.));
#7154=CARTESIAN_POINT('Origin',(-114.500001683831,52.5,15.));
#7155=CARTESIAN_POINT('',(-114.500001683831,55.,25.5000003427267));
#7156=CARTESIAN_POINT('',(-114.500001683831,55.0000007450581,15.));
#7157=CARTESIAN_POINT('',(-114.500001683831,55.,15.));
#7158=CARTESIAN_POINT('',(-117.000001683831,52.5,15.));
#7159=CARTESIAN_POINT('Origin',(-114.500001683831,52.5,15.));
#7160=CARTESIAN_POINT('',(-117.000001683831,52.5,23.0000003427267));
#7161=CARTESIAN_POINT('',(-117.000001683831,52.5,15.));
#7162=CARTESIAN_POINT('Origin',(-114.500001683831,52.5,25.5000003427267));
#7163=CARTESIAN_POINT('Origin',(-132.500001974404,52.5,25.5000003427267));
#7164=CARTESIAN_POINT('',(-130.000001937151,52.5,23.0000003427267));
#7165=CARTESIAN_POINT('',(-132.500001974404,52.5,23.0000003427267));
#7166=CARTESIAN_POINT('',(-132.500001958611,55.,25.5000003427267));
#7167=CARTESIAN_POINT('Origin',(-132.500001958611,52.5,25.5000003427267));
#7168=CARTESIAN_POINT('',(-132.500001974404,55.,25.5000003427267));
#7169=CARTESIAN_POINT('Origin',(-132.500001902815,52.5,19.0000001713634));
#7170=CARTESIAN_POINT('',(-130.000001892447,52.5,17.7922326200495));
#7171=CARTESIAN_POINT('',(-130.000001902815,52.5,19.0000001928234));
#7172=CARTESIAN_POINT('',(-132.500001892447,55.,17.7922325985895));
#7173=CARTESIAN_POINT('Origin',(-132.500001892447,52.5,17.7922325985895));
#7174=CARTESIAN_POINT('',(-132.500001902815,55.,19.0000001713634));
#7175=CARTESIAN_POINT('Origin',(-132.500001892447,52.5,16.3961163100247));
#7176=CARTESIAN_POINT('',(-130.000001892447,52.5,15.));
#7177=CARTESIAN_POINT('',(-130.000001892447,52.5,16.3961163100247));
#7178=CARTESIAN_POINT('',(-132.500001892447,55.0000007450581,15.));
#7179=CARTESIAN_POINT('Origin',(-132.500001892447,52.5,15.));
#7180=CARTESIAN_POINT('',(-132.500001892447,55.,16.3961163100247));
#7181=CARTESIAN_POINT('Origin',(-130.000001937151,55.,23.0000003427267));
#7182=CARTESIAN_POINT('',(-130.000001937151,40.,23.0000003427267));
#7183=CARTESIAN_POINT('',(-130.000001937151,55.,23.0000003427267));
#7184=CARTESIAN_POINT('',(-130.000001892447,40.,17.7922326200495));
#7185=CARTESIAN_POINT('',(-130.000001937151,40.,23.0000003427267));
#7186=CARTESIAN_POINT('',(-130.000001892447,55.,17.7922326200495));
#7187=CARTESIAN_POINT('Origin',(-130.000001937151,55.,23.0000003427267));
#7188=CARTESIAN_POINT('',(-117.000001683831,40.,23.0000003427267));
#7189=CARTESIAN_POINT('',(-117.000001683831,55.,23.0000003427267));
#7190=CARTESIAN_POINT('',(-117.000001683831,40.,23.0000003427267));
#7191=CARTESIAN_POINT('Origin',(-117.000001683831,55.,15.));
#7192=CARTESIAN_POINT('',(-117.000001683831,40.,15.));
#7193=CARTESIAN_POINT('',(-117.000001683831,32.4000001862645,15.));
#7194=CARTESIAN_POINT('',(-117.000001683831,40.,15.));
#7195=CARTESIAN_POINT('Origin',(-133.500001997902,55.,26.5000003427267));
#7196=CARTESIAN_POINT('',(-133.500001997902,55.,28.0000003427267));
#7197=CARTESIAN_POINT('',(-133.500001997902,55.,28.0000003427267));
#7198=CARTESIAN_POINT('',(-135.000001997902,55.,26.5000003289718));
#7199=CARTESIAN_POINT('Origin',(-133.500001997902,55.,26.5000003427267));
#7200=CARTESIAN_POINT('',(-135.000001997902,55.,26.5000003289718));
#7201=CARTESIAN_POINT('Origin',(-135.000002011657,55.,28.0000003427267));
#7202=CARTESIAN_POINT('',(-135.000001892447,55.,15.));
#7203=CARTESIAN_POINT('Origin',(-135.000002011657,55.,15.));
#7204=CARTESIAN_POINT('',(-130.000001937151,55.,28.0000003427267));
#7205=CARTESIAN_POINT('',(-130.000001937151,55.,28.0000003427267));
#7206=CARTESIAN_POINT('',(-113.500001655271,55.,28.0000000285606));
#7207=CARTESIAN_POINT('',(-112.000001683831,55.,28.));
#7208=CARTESIAN_POINT('',(-112.000001683831,55.,26.5000000285606));
#7209=CARTESIAN_POINT('Origin',(-113.500001683831,55.,26.5000000285606));
#7210=CARTESIAN_POINT('',(-112.000001683831,55.,15.));
#7211=CARTESIAN_POINT('',(-109.6,55.0000007450581,15.));
#7212=CARTESIAN_POINT('',(-109.6,55.,15.75));
#7213=CARTESIAN_POINT('',(-135.000002011657,55.0000007450581,15.));
#7214=CARTESIAN_POINT('',(-200.,55.0000007450581,15.));
#7215=CARTESIAN_POINT('',(-135.000002011657,55.0000007450581,15.));
#7216=CARTESIAN_POINT('',(-200.,55.,15.));
#7217=CARTESIAN_POINT('Origin',(-113.500001683831,55.,26.5000000285606));
#7218=CARTESIAN_POINT('',(-112.000001683831,55.,26.5000000285606));
#7219=CARTESIAN_POINT('',(-113.500001655271,55.,28.0000000285606));
#7220=CARTESIAN_POINT('Origin',(-112.000001683831,55.,15.));
#7221=CARTESIAN_POINT('Origin',(-193.460002980232,48.0473128498891,18.));
#7222=CARTESIAN_POINT('',(-193.460002980232,48.0473128498891,15.));
#7223=CARTESIAN_POINT('',(-193.460002980232,48.0473128498891,15.));
#7224=CARTESIAN_POINT('',(-193.459277957842,47.0473131127179,15.));
#7225=CARTESIAN_POINT('',(-193.459277957842,47.0473131127179,15.));
#7226=CARTESIAN_POINT('',(-193.44613108188,28.9142558748303,15.));
#7227=CARTESIAN_POINT('Origin',(-193.459277957842,47.0473131127178,15.));
#7228=CARTESIAN_POINT('',(-191.460002980232,47.0487626322224,15.));
#7229=CARTESIAN_POINT('',(-191.460002980232,47.0487626322224,15.));
#7230=CARTESIAN_POINT('',(-180.493148868992,47.0567138490965,15.));
#7231=CARTESIAN_POINT('Origin',(-191.460002980232,33.8600007450581,15.));
#7232=CARTESIAN_POINT('',(-191.460002980232,33.8600007450581,15.));
#7233=CARTESIAN_POINT('',(-191.460002980232,33.8600007450581,15.));
#7234=CARTESIAN_POINT('',(-191.460002980232,48.0473128498891,15.));
#7235=CARTESIAN_POINT('Origin',(-175.960002980232,48.0600007450581,18.));
#7236=CARTESIAN_POINT('',(-175.960002980232,48.0600007450581,15.));
#7237=CARTESIAN_POINT('',(-175.960002980232,48.0600007450581,15.));
#7238=CARTESIAN_POINT('',(-177.960002980232,48.0600007450581,15.));
#7239=CARTESIAN_POINT('',(-177.960002980232,48.0600007450581,15.));
#7240=CARTESIAN_POINT('',(-171.73000199303,48.0600007450581,15.));
#7241=CARTESIAN_POINT('Origin',(-177.960002980232,48.0600007450581,15.));
#7242=CARTESIAN_POINT('',(-177.960002980232,48.0585506998959,15.));
#7243=CARTESIAN_POINT('',(-177.960002980232,48.0585506998959,15.));
#7244=CARTESIAN_POINT('',(-177.960002980232,28.9300005587935,15.));
#7245=CARTESIAN_POINT('Origin',(-175.960002980232,33.8600007450581,15.));
#7246=CARTESIAN_POINT('',(-175.960002980232,33.8600007450581,15.));
#7247=CARTESIAN_POINT('',(-175.960002980232,33.8600007450581,15.));
#7248=CARTESIAN_POINT('',(-193.460002980232,33.8600007450581,15.));
#7249=CARTESIAN_POINT('Origin',(-130.000001937151,55.,28.0000003427267));
#7250=CARTESIAN_POINT('',(-130.000001937151,55.,28.0000003427267));
#7251=CARTESIAN_POINT('Origin',(-112.000001683831,55.,28.));
#7252=CARTESIAN_POINT('Origin',(-167.500001005828,9.80000037252903,15.));
#7253=CARTESIAN_POINT('',(-130.000001892447,40.,15.));
#7254=CARTESIAN_POINT('',(-130.000001892447,32.4000001862645,15.));
#7255=CARTESIAN_POINT('',(-145.50000140816,40.,15.));
#7256=CARTESIAN_POINT('',(-104.6,50.,15.));
#7257=CARTESIAN_POINT('Origin',(-109.6,50.,15.));
#7258=CARTESIAN_POINT('',(-104.6,-30.4,15.));
#7259=CARTESIAN_POINT('',(-104.6,-12.7999998137355,15.));
#7260=CARTESIAN_POINT('',(-109.6,-35.4,15.));
#7261=CARTESIAN_POINT('Origin',(-109.6,-30.4,15.));
#7262=CARTESIAN_POINT('',(-200.,-35.4,15.));
#7263=CARTESIAN_POINT('',(-200.,-35.4,15.));
#7264=CARTESIAN_POINT('',(-205.,-30.4,15.));
#7265=CARTESIAN_POINT('Origin',(-200.,-30.4,15.));
#7266=CARTESIAN_POINT('',(-205.,50.,15.));
#7267=CARTESIAN_POINT('',(-205.,50.,15.));
#7268=CARTESIAN_POINT('Origin',(-200.,50.,15.));
#7269=CARTESIAN_POINT('',(-139.349003660073,28.4450013206,15.));
#7270=CARTESIAN_POINT('',(-153.339003660073,28.4450013206,15.));
#7271=CARTESIAN_POINT('',(-153.424502332951,28.4450013206,15.));
#7272=CARTESIAN_POINT('',(-153.339003660073,14.4550013206,15.));
#7273=CARTESIAN_POINT('',(-153.339003660073,19.1225008465645,15.));
#7274=CARTESIAN_POINT('',(-139.349003660073,14.4550013206,15.));
#7275=CARTESIAN_POINT('',(-160.419502332951,14.4550013206,15.));
#7276=CARTESIAN_POINT('',(-139.349003660073,12.1275008465645,15.));
#7277=CARTESIAN_POINT('',(-153.339003660073,-9.61499867940002,15.));
#7278=CARTESIAN_POINT('',(-153.339003660073,-23.6049986794,15.));
#7279=CARTESIAN_POINT('',(-153.339003660073,0.092500846564505,15.));
#7280=CARTESIAN_POINT('',(-139.349003660073,-23.6049986794,15.));
#7281=CARTESIAN_POINT('',(-160.419502332951,-23.6049986794,15.));
#7282=CARTESIAN_POINT('',(-139.349003660073,-9.61499867940002,15.));
#7283=CARTESIAN_POINT('',(-139.349003660073,-6.9024991534355,15.));
#7284=CARTESIAN_POINT('',(-153.424502332951,-9.61499867940002,15.));
#7285=CARTESIAN_POINT('',(-172.379503660073,-9.61499867940002,15.));
#7286=CARTESIAN_POINT('',(-172.379503660073,-23.6049986794,15.));
#7287=CARTESIAN_POINT('',(-172.379503660073,0.092500846564505,15.));
#7288=CARTESIAN_POINT('',(-158.389503660073,-23.6049986794,15.));
#7289=CARTESIAN_POINT('',(-169.939752332951,-23.6049986794,15.));
#7290=CARTESIAN_POINT('',(-158.389503660073,-9.61499867940002,15.));
#7291=CARTESIAN_POINT('',(-158.389503660073,-6.9024991534355,15.));
#7292=CARTESIAN_POINT('',(-162.944752332951,-9.61499867940002,15.));
#7293=CARTESIAN_POINT('',(-158.389503660073,28.4450013206,15.));
#7294=CARTESIAN_POINT('',(-172.379503660073,28.4450013206,15.));
#7295=CARTESIAN_POINT('',(-162.944752332951,28.4450013206,15.));
#7296=CARTESIAN_POINT('',(-172.379503660073,14.4550013206,15.));
#7297=CARTESIAN_POINT('',(-172.379503660073,19.1225008465645,15.));
#7298=CARTESIAN_POINT('',(-158.389503660073,14.4550013206,15.));
#7299=CARTESIAN_POINT('',(-169.939752332951,14.4550013206,15.));
#7300=CARTESIAN_POINT('',(-158.389503660073,12.1275008465645,15.));
#7301=CARTESIAN_POINT('',(-191.420003660073,28.4450013206,15.));
#7302=CARTESIAN_POINT('',(-191.420003660073,14.4550013206,15.));
#7303=CARTESIAN_POINT('',(-191.420003660073,19.1225008465645,15.));
#7304=CARTESIAN_POINT('',(-177.430003660073,14.4550013206,15.));
#7305=CARTESIAN_POINT('',(-179.460002332951,14.4550013206,15.));
#7306=CARTESIAN_POINT('',(-177.430003660073,28.4450013206,15.));
#7307=CARTESIAN_POINT('',(-177.430003660073,12.1275008465645,15.));
#7308=CARTESIAN_POINT('',(-172.465002332951,28.4450013206,15.));
#7309=CARTESIAN_POINT('',(-139.349003660073,9.42550132059999,15.));
#7310=CARTESIAN_POINT('',(-153.339003660073,9.42550132059999,15.));
#7311=CARTESIAN_POINT('',(-153.424502332951,9.42550132059999,15.));
#7312=CARTESIAN_POINT('',(-153.339003660073,-4.56449867940001,15.));
#7313=CARTESIAN_POINT('',(-153.339003660073,9.61275084656451,15.));
#7314=CARTESIAN_POINT('',(-139.349003660073,-4.56449867940001,15.));
#7315=CARTESIAN_POINT('',(-160.419502332951,-4.56449867940001,15.));
#7316=CARTESIAN_POINT('',(-139.349003660073,2.61775084656451,15.));
#7317=CARTESIAN_POINT('',(-177.430003660073,-9.61499867940002,15.));
#7318=CARTESIAN_POINT('',(-191.420003660073,-9.61499867940002,15.));
#7319=CARTESIAN_POINT('',(-172.465002332951,-9.61499867940002,15.));
#7320=CARTESIAN_POINT('',(-191.420003660073,-23.6049986794,15.));
#7321=CARTESIAN_POINT('',(-191.420003660073,0.092500846564505,15.));
#7322=CARTESIAN_POINT('',(-177.430003660073,-23.6049986794,15.));
#7323=CARTESIAN_POINT('',(-179.460002332951,-23.6049986794,15.));
#7324=CARTESIAN_POINT('',(-177.430003660073,-6.90249915343549,15.));
#7325=CARTESIAN_POINT('',(-158.389503660073,9.42550132059999,15.));
#7326=CARTESIAN_POINT('',(-172.379503660073,9.42550132059999,15.));
#7327=CARTESIAN_POINT('',(-162.944752332951,9.42550132059999,15.));
#7328=CARTESIAN_POINT('',(-172.379503660073,-4.56449867940001,15.));
#7329=CARTESIAN_POINT('',(-172.379503660073,9.61275084656451,15.));
#7330=CARTESIAN_POINT('',(-158.389503660073,-4.56449867940001,15.));
#7331=CARTESIAN_POINT('',(-169.939752332951,-4.56449867940001,15.));
#7332=CARTESIAN_POINT('',(-158.389503660073,2.61775084656451,15.));
#7333=CARTESIAN_POINT('',(-191.420003660073,9.42550132059999,15.));
#7334=CARTESIAN_POINT('',(-191.420003660073,-4.56449867940001,15.));
#7335=CARTESIAN_POINT('',(-191.420003660073,9.61275084656451,15.));
#7336=CARTESIAN_POINT('',(-177.430003660073,-4.56449867940005,15.));
#7337=CARTESIAN_POINT('',(-179.460002332951,-4.56449867940004,15.));
#7338=CARTESIAN_POINT('',(-177.430003660073,9.42550132059999,15.));
#7339=CARTESIAN_POINT('',(-177.430003660073,2.61775084656449,15.));
#7340=CARTESIAN_POINT('',(-172.465002332951,9.42550132059999,15.));
#7341=CARTESIAN_POINT('',(-137.210002980232,34.2900007450581,15.));
#7342=CARTESIAN_POINT('',(-167.210002980232,34.2900007450581,15.));
#7343=CARTESIAN_POINT('',(-172.210002980232,34.2900007450581,15.));
#7344=CARTESIAN_POINT('',(-137.210002980232,47.6300007450581,15.));
#7345=CARTESIAN_POINT('',(-137.210002980232,47.6300007450581,15.));
#7346=CARTESIAN_POINT('',(-167.210002980232,47.6300007450581,15.));
#7347=CARTESIAN_POINT('',(-172.210002980232,47.6300007450581,15.));
#7348=CARTESIAN_POINT('',(-167.210002980232,40.9600007450581,15.));
#7349=CARTESIAN_POINT('',(-195.360002980232,-22.9999994039536,15.));
#7350=CARTESIAN_POINT('Origin',(-196.960002980232,-22.9999994039536,15.));
#7351=CARTESIAN_POINT('',(-113.400002980232,-22.9999994039536,15.));
#7352=CARTESIAN_POINT('Origin',(-115.000002980232,-22.9999994039536,15.));
#7353=CARTESIAN_POINT('',(-195.360002980232,43.0000006407499,15.));
#7354=CARTESIAN_POINT('Origin',(-196.960002980232,43.0000006407499,15.));
#7355=CARTESIAN_POINT('',(-113.400002980232,14.0000005960465,15.));
#7356=CARTESIAN_POINT('Origin',(-115.000002980232,14.0000005960465,15.));
#7357=CARTESIAN_POINT('',(-175.960002980232,33.8600007450581,15.));
#7358=CARTESIAN_POINT('',(-175.960002980232,48.0600007450581,15.));
#7359=CARTESIAN_POINT('Origin',(-123.500001810491,40.,19.0000001713634));
#7360=CARTESIAN_POINT('',(-130.000001892447,40.,15.));
#7361=CARTESIAN_POINT('Origin',(-130.000001892447,55.,17.7922326200495));
#7362=CARTESIAN_POINT('Origin',(-167.210002980232,34.2900007450581,15.));
#7363=CARTESIAN_POINT('',(-167.210002980232,47.6300007450581,15.));
#7364=CARTESIAN_POINT('',(-167.210002980232,34.2900007450581,15.));
#7365=CARTESIAN_POINT('Origin',(-172.210002980232,47.6300007450581,15.));
#7366=CARTESIAN_POINT('',(-137.210002980232,47.6300007450581,15.));
#7367=CARTESIAN_POINT('Origin',(-153.339003660073,14.4550013206,10.075));
#7368=CARTESIAN_POINT('',(-153.339003660073,14.4550013206,10.075));
#7369=CARTESIAN_POINT('',(-139.349003660073,14.4550013206,10.075));
#7370=CARTESIAN_POINT('Origin',(-139.349003660073,14.4550013206,10.075));
#7371=CARTESIAN_POINT('',(-139.349003660073,28.4450013206,10.075));
#7372=CARTESIAN_POINT('Origin',(-139.349003660073,28.4450013206,10.075));
#7373=CARTESIAN_POINT('',(-153.339003660073,28.4450013206,10.075));
#7374=CARTESIAN_POINT('Origin',(-153.339003660073,28.4450013206,10.075));
#7375=CARTESIAN_POINT('Origin',(-139.349003660073,-23.6049986794,10.075));
#7376=CARTESIAN_POINT('',(-139.349003660073,-23.6049986794,10.075));
#7377=CARTESIAN_POINT('',(-139.349003660073,-9.61499867940002,10.075));
#7378=CARTESIAN_POINT('Origin',(-139.349003660073,-9.61499867940002,10.075));
#7379=CARTESIAN_POINT('',(-153.339003660073,-9.61499867940002,10.075));
#7380=CARTESIAN_POINT('Origin',(-153.339003660073,-9.61499867940002,10.075));
#7381=CARTESIAN_POINT('',(-153.339003660073,-23.6049986794,10.075));
#7382=CARTESIAN_POINT('Origin',(-153.339003660073,-23.6049986794,10.075));
#7383=CARTESIAN_POINT('Origin',(-158.389503660073,-23.6049986794,10.075));
#7384=CARTESIAN_POINT('',(-158.389503660073,-23.6049986794,10.075));
#7385=CARTESIAN_POINT('',(-158.389503660073,-9.61499867940002,10.075));
#7386=CARTESIAN_POINT('Origin',(-158.389503660073,-9.61499867940002,10.075));
#7387=CARTESIAN_POINT('',(-172.379503660073,-9.61499867940002,10.075));
#7388=CARTESIAN_POINT('Origin',(-172.379503660073,-9.61499867940002,10.075));
#7389=CARTESIAN_POINT('',(-172.379503660073,-23.6049986794,10.075));
#7390=CARTESIAN_POINT('Origin',(-172.379503660073,-23.6049986794,10.075));
#7391=CARTESIAN_POINT('Origin',(-172.379503660073,14.4550013206,10.075));
#7392=CARTESIAN_POINT('',(-172.379503660073,14.4550013206,10.075));
#7393=CARTESIAN_POINT('',(-158.389503660073,14.4550013206,10.075));
#7394=CARTESIAN_POINT('Origin',(-158.389503660073,14.4550013206,10.075));
#7395=CARTESIAN_POINT('',(-158.389503660073,28.4450013206,10.075));
#7396=CARTESIAN_POINT('Origin',(-158.389503660073,28.4450013206,10.075));
#7397=CARTESIAN_POINT('',(-172.379503660073,28.4450013206,10.075));
#7398=CARTESIAN_POINT('Origin',(-172.379503660073,28.4450013206,10.075));
#7399=CARTESIAN_POINT('Origin',(-177.430003660073,14.4550013206,10.075));
#7400=CARTESIAN_POINT('',(-177.430003660073,14.4550013206,10.075));
#7401=CARTESIAN_POINT('',(-177.430003660073,28.4450013206,10.075));
#7402=CARTESIAN_POINT('Origin',(-177.430003660073,28.4450013206,10.075));
#7403=CARTESIAN_POINT('',(-191.420003660073,28.4450013206,10.075));
#7404=CARTESIAN_POINT('Origin',(-191.420003660073,28.4450013206,10.075));
#7405=CARTESIAN_POINT('',(-191.420003660073,14.4550013206,10.075));
#7406=CARTESIAN_POINT('Origin',(-191.420003660073,14.4550013206,10.075));
#7407=CARTESIAN_POINT('Origin',(-153.339003660073,-4.56449867940001,10.075));
#7408=CARTESIAN_POINT('',(-153.339003660073,-4.56449867940001,10.075));
#7409=CARTESIAN_POINT('',(-139.349003660073,-4.56449867940001,10.075));
#7410=CARTESIAN_POINT('Origin',(-139.349003660073,-4.56449867940001,10.075));
#7411=CARTESIAN_POINT('',(-139.349003660073,9.42550132059999,10.075));
#7412=CARTESIAN_POINT('Origin',(-139.349003660073,9.42550132059999,10.075));
#7413=CARTESIAN_POINT('',(-153.339003660073,9.42550132059999,10.075));
#7414=CARTESIAN_POINT('Origin',(-153.339003660073,9.42550132059999,10.075));
#7415=CARTESIAN_POINT('Origin',(-191.420003660073,-23.6049986794,10.075));
#7416=CARTESIAN_POINT('',(-191.420003660073,-23.6049986794,10.075));
#7417=CARTESIAN_POINT('',(-177.430003660073,-23.6049986794,10.075));
#7418=CARTESIAN_POINT('Origin',(-177.430003660073,-23.6049986794,10.075));
#7419=CARTESIAN_POINT('',(-177.430003660073,-9.61499867940002,10.075));
#7420=CARTESIAN_POINT('Origin',(-177.430003660073,-9.61499867940002,10.075));
#7421=CARTESIAN_POINT('',(-191.420003660073,-9.61499867940002,10.075));
#7422=CARTESIAN_POINT('Origin',(-191.420003660073,-9.61499867940002,10.075));
#7423=CARTESIAN_POINT('Origin',(-172.379503660073,-4.56449867940001,10.075));
#7424=CARTESIAN_POINT('',(-172.379503660073,-4.56449867940001,10.075));
#7425=CARTESIAN_POINT('',(-158.389503660073,-4.56449867940001,10.075));
#7426=CARTESIAN_POINT('Origin',(-158.389503660073,-4.56449867940001,10.075));
#7427=CARTESIAN_POINT('',(-158.389503660073,9.42550132059999,10.075));
#7428=CARTESIAN_POINT('Origin',(-158.389503660073,9.42550132059999,10.075));
#7429=CARTESIAN_POINT('',(-172.379503660073,9.42550132059999,10.075));
#7430=CARTESIAN_POINT('Origin',(-172.379503660073,9.42550132059999,10.075));
#7431=CARTESIAN_POINT('Origin',(-177.430003660073,-4.56449867940005,10.075));
#7432=CARTESIAN_POINT('',(-177.430003660073,-4.56449867940005,10.075));
#7433=CARTESIAN_POINT('',(-177.430003660073,9.42550132059999,10.075));
#7434=CARTESIAN_POINT('Origin',(-177.430003660073,9.42550132059999,10.075));
#7435=CARTESIAN_POINT('',(-191.420003660073,9.42550132059999,10.075));
#7436=CARTESIAN_POINT('Origin',(-191.420003660073,9.42550132059999,10.075));
#7437=CARTESIAN_POINT('',(-191.420003660073,-4.56449867940001,10.075));
#7438=CARTESIAN_POINT('Origin',(-191.420003660073,-4.56449867940001,10.075));
#7439=CARTESIAN_POINT('Origin',(-115.000002980232,14.0000005960465,18.));
#7440=CARTESIAN_POINT('',(-113.400002980232,14.0000005960465,18.));
#7441=CARTESIAN_POINT('Origin',(-196.960002980232,43.0000006407499,18.));
#7442=CARTESIAN_POINT('',(-195.360002980232,43.0000006407499,18.));
#7443=CARTESIAN_POINT('Origin',(-115.000002980232,-22.9999994039536,18.));
#7444=CARTESIAN_POINT('',(-113.400002980232,-22.9999994039536,18.));
#7445=CARTESIAN_POINT('Origin',(-196.960002980232,-22.9999994039536,18.));
#7446=CARTESIAN_POINT('',(-195.360002980232,-22.9999994039536,18.));
#7447=CARTESIAN_POINT('Origin',(-132.380962514452,24.8142930941132,18.));
#7448=CARTESIAN_POINT('',(-132.380962514452,24.8142930941132,16.));
#7449=CARTESIAN_POINT('',(-132.380962514452,24.8142930941132,18.));
#7450=CARTESIAN_POINT('',(-129.784984433226,24.8142930941132,16.));
#7451=CARTESIAN_POINT('',(-132.380962514452,24.8142930941132,16.));
#7452=CARTESIAN_POINT('',(-129.784984433226,24.8142930941132,18.));
#7453=CARTESIAN_POINT('Origin',(-132.380962514452,20.1098448113946,18.));
#7454=CARTESIAN_POINT('',(-132.380962514452,20.1098448113946,16.));
#7455=CARTESIAN_POINT('',(-132.380962514452,20.1098448113946,18.));
#7456=CARTESIAN_POINT('',(-132.380962514452,20.1098448113946,16.));
#7457=CARTESIAN_POINT('Origin',(-129.784984433226,20.1098448113946,18.));
#7458=CARTESIAN_POINT('',(-129.784984433226,20.1098448113946,16.));
#7459=CARTESIAN_POINT('',(-129.784984433226,20.1098448113946,18.));
#7460=CARTESIAN_POINT('',(-129.784984433226,20.1098448113946,16.));
#7461=CARTESIAN_POINT('Origin',(-129.784984433226,20.7771205977944,18.));
#7462=CARTESIAN_POINT('',(-129.784984433226,20.7771205977944,16.));
#7463=CARTESIAN_POINT('',(-129.784984433226,20.7771205977944,18.));
#7464=CARTESIAN_POINT('',(-129.784984433226,20.7771205977944,16.));
#7465=CARTESIAN_POINT('Origin',(-131.671029471926,20.7771205977944,18.));
#7466=CARTESIAN_POINT('',(-131.671029471926,20.7771205977944,16.));
#7467=CARTESIAN_POINT('',(-131.671029471926,20.7771205977944,18.));
#7468=CARTESIAN_POINT('',(-131.671029471926,20.7771205977944,16.));
#7469=CARTESIAN_POINT('Origin',(-131.671029471926,22.3493328766373,18.));
#7470=CARTESIAN_POINT('',(-131.671029471926,22.3493328766373,16.));
#7471=CARTESIAN_POINT('',(-131.671029471926,22.3493328766373,18.));
#7472=CARTESIAN_POINT('',(-131.671029471926,22.3493328766373,16.));
#7473=CARTESIAN_POINT('Origin',(-129.83982905107,22.3493328766373,18.));
#7474=CARTESIAN_POINT('',(-129.83982905107,22.3493328766373,16.));
#7475=CARTESIAN_POINT('',(-129.83982905107,22.3493328766373,18.));
#7476=CARTESIAN_POINT('',(-129.83982905107,22.3493328766373,16.));
#7477=CARTESIAN_POINT('Origin',(-129.83982905107,23.0166089610604,18.));
#7478=CARTESIAN_POINT('',(-129.83982905107,23.0166089610604,16.));
#7479=CARTESIAN_POINT('',(-129.83982905107,23.0166089610604,18.));
#7480=CARTESIAN_POINT('',(-129.83982905107,23.0166089610604,16.));
#7481=CARTESIAN_POINT('Origin',(-131.671029471926,23.0166089610604,18.));
#7482=CARTESIAN_POINT('',(-131.671029471926,23.0166089610604,16.));
#7483=CARTESIAN_POINT('',(-131.671029471926,23.0166089610604,18.));
#7484=CARTESIAN_POINT('',(-131.671029471926,23.0166089610604,16.));
#7485=CARTESIAN_POINT('Origin',(-131.671029471926,24.1470170096902,18.));
#7486=CARTESIAN_POINT('',(-131.671029471926,24.1470170096902,16.));
#7487=CARTESIAN_POINT('',(-131.671029471926,24.1470170096902,18.));
#7488=CARTESIAN_POINT('',(-131.671029471926,24.1470170096902,16.));
#7489=CARTESIAN_POINT('Origin',(-129.784984433226,24.1470170096902,18.));
#7490=CARTESIAN_POINT('',(-129.784984433226,24.1470170096902,16.));
#7491=CARTESIAN_POINT('',(-129.784984433226,24.1470170096902,18.));
#7492=CARTESIAN_POINT('',(-129.784984433226,24.1470170096902,16.));
#7493=CARTESIAN_POINT('Origin',(-129.784984433226,24.8142930941132,18.));
#7494=CARTESIAN_POINT('',(-129.784984433226,24.8142930941132,16.));
#7495=CARTESIAN_POINT('Origin',(-124.951255389623,22.2853477375058,16.));
#7496=CARTESIAN_POINT('Origin',(-116.410289847426,24.8142930941132,18.));
#7497=CARTESIAN_POINT('',(-116.410289847426,24.8142930941132,16.));
#7498=CARTESIAN_POINT('',(-116.410289847426,24.8142930941132,18.));
#7499=CARTESIAN_POINT('',(-113.814312064223,24.8142930941132,16.));
#7500=CARTESIAN_POINT('',(-116.410289847426,24.8142930941132,16.));
#7501=CARTESIAN_POINT('',(-113.814312064223,24.8142930941132,18.));
#7502=CARTESIAN_POINT('Origin',(-116.410289847426,20.1098448113946,18.));
#7503=CARTESIAN_POINT('',(-116.410289847426,20.1098448113946,16.));
#7504=CARTESIAN_POINT('',(-116.410289847426,20.1098448113946,18.));
#7505=CARTESIAN_POINT('',(-116.410289847426,20.1098448113946,16.));
#7506=CARTESIAN_POINT('Origin',(-113.814312064223,20.1098448113946,18.));
#7507=CARTESIAN_POINT('',(-113.814312064223,20.1098448113946,16.));
#7508=CARTESIAN_POINT('',(-113.814312064223,20.1098448113946,18.));
#7509=CARTESIAN_POINT('',(-113.814312064223,20.1098448113946,16.));
#7510=CARTESIAN_POINT('Origin',(-113.814312064223,20.7771205977944,18.));
#7511=CARTESIAN_POINT('',(-113.814312064223,20.7771205977944,16.));
#7512=CARTESIAN_POINT('',(-113.814312064223,20.7771205977944,18.));
#7513=CARTESIAN_POINT('',(-113.814312064223,20.7771205977944,16.));
#7514=CARTESIAN_POINT('Origin',(-115.700355612807,20.7771205977944,18.));
#7515=CARTESIAN_POINT('',(-115.700355612807,20.7771205977944,16.));
#7516=CARTESIAN_POINT('',(-115.700355612807,20.7771205977944,18.));
#7517=CARTESIAN_POINT('',(-115.700355612807,20.7771205977944,16.));
#7518=CARTESIAN_POINT('Origin',(-115.700355612807,22.3493328766373,18.));
#7519=CARTESIAN_POINT('',(-115.700355612807,22.3493328766373,16.));
#7520=CARTESIAN_POINT('',(-115.700355612807,22.3493328766373,18.));
#7521=CARTESIAN_POINT('',(-115.700355612807,22.3493328766373,16.));
#7522=CARTESIAN_POINT('Origin',(-113.869155489973,22.3493328766373,18.));
#7523=CARTESIAN_POINT('',(-113.869155489973,22.3493328766373,16.));
#7524=CARTESIAN_POINT('',(-113.869155489973,22.3493328766373,18.));
#7525=CARTESIAN_POINT('',(-113.869155489973,22.3493328766373,16.));
#7526=CARTESIAN_POINT('Origin',(-113.869155489973,23.0166089610604,18.));
#7527=CARTESIAN_POINT('',(-113.869155489973,23.0166089610604,16.));
#7528=CARTESIAN_POINT('',(-113.869155489973,23.0166089610604,18.));
#7529=CARTESIAN_POINT('',(-113.869155489973,23.0166089610604,16.));
#7530=CARTESIAN_POINT('Origin',(-115.700355612807,23.0166089610604,18.));
#7531=CARTESIAN_POINT('',(-115.700355612807,23.0166089610604,16.));
#7532=CARTESIAN_POINT('',(-115.700355612807,23.0166089610604,18.));
#7533=CARTESIAN_POINT('',(-115.700355612807,23.0166089610604,16.));
#7534=CARTESIAN_POINT('Origin',(-115.700355612807,24.1470170096902,18.));
#7535=CARTESIAN_POINT('',(-115.700355612807,24.1470170096902,16.));
#7536=CARTESIAN_POINT('',(-115.700355612807,24.1470170096902,18.));
#7537=CARTESIAN_POINT('',(-115.700355612807,24.1470170096902,16.));
#7538=CARTESIAN_POINT('Origin',(-113.814312064223,24.1470170096902,18.));
#7539=CARTESIAN_POINT('',(-113.814312064223,24.1470170096902,16.));
#7540=CARTESIAN_POINT('',(-113.814312064223,24.1470170096902,18.));
#7541=CARTESIAN_POINT('',(-113.814312064223,24.1470170096902,16.));
#7542=CARTESIAN_POINT('Origin',(-113.814312064223,24.8142930941132,18.));
#7543=CARTESIAN_POINT('',(-113.814312064223,24.8142930941132,16.));
#7544=CARTESIAN_POINT('Origin',(-124.951255389623,22.2853477375058,16.));
#7545=CARTESIAN_POINT('Origin',(-124.193440520338,24.8142930941132,18.));
#7546=CARTESIAN_POINT('',(-124.193440520338,24.8142930941132,16.));
#7547=CARTESIAN_POINT('',(-124.193440520338,24.8142930941132,18.));
#7548=CARTESIAN_POINT('',(-121.597462737135,24.8142930941132,16.));
#7549=CARTESIAN_POINT('',(-124.193440520338,24.8142930941132,16.));
#7550=CARTESIAN_POINT('',(-121.597462737135,24.8142930941132,18.));
#7551=CARTESIAN_POINT('Origin',(-124.193440520338,20.1098448113946,18.));
#7552=CARTESIAN_POINT('',(-124.193440520338,20.1098448113946,16.));
#7553=CARTESIAN_POINT('',(-124.193440520338,20.1098448113946,18.));
#7554=CARTESIAN_POINT('',(-124.193440520338,20.1098448113946,16.));
#7555=CARTESIAN_POINT('Origin',(-121.597462737135,20.1098448113946,18.));
#7556=CARTESIAN_POINT('',(-121.597462737135,20.1098448113946,16.));
#7557=CARTESIAN_POINT('',(-121.597462737135,20.1098448113946,18.));
#7558=CARTESIAN_POINT('',(-121.597462737135,20.1098448113946,16.));
#7559=CARTESIAN_POINT('Origin',(-121.597462737135,20.7771205977944,18.));
#7560=CARTESIAN_POINT('',(-121.597462737135,20.7771205977944,16.));
#7561=CARTESIAN_POINT('',(-121.597462737135,20.7771205977944,18.));
#7562=CARTESIAN_POINT('',(-121.597462737135,20.7771205977944,16.));
#7563=CARTESIAN_POINT('Origin',(-123.483507477812,20.7771205977944,18.));
#7564=CARTESIAN_POINT('',(-123.483507477812,20.7771205977944,16.));
#7565=CARTESIAN_POINT('',(-123.483507477812,20.7771205977944,18.));
#7566=CARTESIAN_POINT('',(-123.483507477812,20.7771205977944,16.));
#7567=CARTESIAN_POINT('Origin',(-123.483507477812,22.3493328766373,18.));
#7568=CARTESIAN_POINT('',(-123.483507477812,22.3493328766373,16.));
#7569=CARTESIAN_POINT('',(-123.483507477812,22.3493328766373,18.));
#7570=CARTESIAN_POINT('',(-123.483507477812,22.3493328766373,16.));
#7571=CARTESIAN_POINT('Origin',(-121.652306162886,22.3493328766373,18.));
#7572=CARTESIAN_POINT('',(-121.652306162886,22.3493328766373,16.));
#7573=CARTESIAN_POINT('',(-121.652306162886,22.3493328766373,18.));
#7574=CARTESIAN_POINT('',(-121.652306162886,22.3493328766373,16.));
#7575=CARTESIAN_POINT('Origin',(-121.652306162886,23.0166089610604,18.));
#7576=CARTESIAN_POINT('',(-121.652306162886,23.0166089610604,16.));
#7577=CARTESIAN_POINT('',(-121.652306162886,23.0166089610604,18.));
#7578=CARTESIAN_POINT('',(-121.652306162886,23.0166089610604,16.));
#7579=CARTESIAN_POINT('Origin',(-123.483507477812,23.0166089610604,18.));
#7580=CARTESIAN_POINT('',(-123.483507477812,23.0166089610604,16.));
#7581=CARTESIAN_POINT('',(-123.483507477812,23.0166089610604,18.));
#7582=CARTESIAN_POINT('',(-123.483507477812,23.0166089610604,16.));
#7583=CARTESIAN_POINT('Origin',(-123.483507477812,24.1470170096902,18.));
#7584=CARTESIAN_POINT('',(-123.483507477812,24.1470170096902,16.));
#7585=CARTESIAN_POINT('',(-123.483507477812,24.1470170096902,18.));
#7586=CARTESIAN_POINT('',(-123.483507477812,24.1470170096902,16.));
#7587=CARTESIAN_POINT('Origin',(-121.597462737135,24.1470170096902,18.));
#7588=CARTESIAN_POINT('',(-121.597462737135,24.1470170096902,16.));
#7589=CARTESIAN_POINT('',(-121.597462737135,24.1470170096902,18.));
#7590=CARTESIAN_POINT('',(-121.597462737135,24.1470170096902,16.));
#7591=CARTESIAN_POINT('Origin',(-121.597462737135,24.8142930941132,18.));
#7592=CARTESIAN_POINT('',(-121.597462737135,24.8142930941132,16.));
#7593=CARTESIAN_POINT('Origin',(-124.951255389623,22.2853477375058,16.));
#7594=CARTESIAN_POINT('Origin',(-119.124228798918,19.7564017848519,18.));
#7595=CARTESIAN_POINT('',(-119.124228798918,19.7564017848519,16.));
#7596=CARTESIAN_POINT('',(-119.124228798918,19.7564017848519,18.));
#7597=CARTESIAN_POINT('',(-121.18699535089,24.8142936901597,16.));
#7598=CARTESIAN_POINT('',(-119.124228798918,19.7564017848519,16.));
#7599=CARTESIAN_POINT('',(-121.18699535089,24.8142936901597,18.));
#7600=CARTESIAN_POINT('Origin',(-117.012711607985,24.8142936901597,18.));
#7601=CARTESIAN_POINT('',(-117.012711607985,24.8142936901597,16.));
#7602=CARTESIAN_POINT('',(-117.012711607985,24.8142936901597,18.));
#7603=CARTESIAN_POINT('',(-117.012711607985,24.8142936901597,16.));
#7604=CARTESIAN_POINT('Origin',(-117.789677226118,24.8142936901597,18.));
#7605=CARTESIAN_POINT('',(-117.789677226118,24.8142936901597,16.));
#7606=CARTESIAN_POINT('',(-117.789677226118,24.8142936901597,18.));
#7607=CARTESIAN_POINT('',(-117.789677226118,24.8142936901597,16.));
#7608=CARTESIAN_POINT('Origin',(-119.108993851714,21.554086215928,18.));
#7609=CARTESIAN_POINT('',(-119.108993851714,21.554086215928,16.));
#7610=CARTESIAN_POINT('',(-119.108993851714,21.554086215928,18.));
#7611=CARTESIAN_POINT('',(-119.108993851714,21.554086215928,16.));
#7612=CARTESIAN_POINT('Origin',(-120.410029732756,24.8142936901597,18.));
#7613=CARTESIAN_POINT('',(-120.410029732756,24.8142936901597,16.));
#7614=CARTESIAN_POINT('',(-120.410029732756,24.8142936901597,18.));
#7615=CARTESIAN_POINT('',(-120.410029732756,24.8142936901597,16.));
#7616=CARTESIAN_POINT('Origin',(-121.18699535089,24.8142936901597,18.));
#7617=CARTESIAN_POINT('',(-121.18699535089,24.8142936901597,16.));
#7618=CARTESIAN_POINT('Origin',(-124.951255389623,22.2853477375058,16.));
#7619=CARTESIAN_POINT('Origin',(-126.051194512419,20.1098448113946,18.));
#7620=CARTESIAN_POINT('',(-126.051194512419,20.1098448113946,16.));
#7621=CARTESIAN_POINT('',(-126.051194512419,20.1098448113946,18.));
#7622=CARTESIAN_POINT('',(-126.051194512419,24.8142930941132,16.));
#7623=CARTESIAN_POINT('',(-126.051194512419,20.1098448113946,16.));
#7624=CARTESIAN_POINT('',(-126.051194512419,24.8142930941132,18.));
#7625=CARTESIAN_POINT('Origin',(-125.341261469893,20.1098448113946,18.));
#7626=CARTESIAN_POINT('',(-125.341261469893,20.1098448113946,16.));
#7627=CARTESIAN_POINT('',(-125.341261469893,20.1098448113946,18.));
#7628=CARTESIAN_POINT('',(-125.341261469893,20.1098448113946,16.));
#7629=CARTESIAN_POINT('Origin',(-125.341261469893,24.8142930941132,18.));
#7630=CARTESIAN_POINT('',(-125.341261469893,24.8142930941132,16.));
#7631=CARTESIAN_POINT('',(-125.341261469893,24.8142930941132,18.));
#7632=CARTESIAN_POINT('',(-125.341261469893,24.8142930941132,16.));
#7633=CARTESIAN_POINT('Origin',(-126.051194512419,24.8142930941132,18.));
#7634=CARTESIAN_POINT('',(-126.051194512419,24.8142930941132,16.));
#7635=CARTESIAN_POINT('Origin',(-124.951255389623,22.2853477375058,16.));
#7636=CARTESIAN_POINT('Origin',(-128.83521302896,20.1098448113946,18.));
#7637=CARTESIAN_POINT('',(-128.83521302896,20.1098448113946,16.));
#7638=CARTESIAN_POINT('',(-128.83521302896,20.1098448113946,18.));
#7639=CARTESIAN_POINT('',(-128.83521302896,24.8142930941132,16.));
#7640=CARTESIAN_POINT('',(-128.83521302896,20.1098448113946,16.));
#7641=CARTESIAN_POINT('',(-128.83521302896,24.8142930941132,18.));
#7642=CARTESIAN_POINT('Origin',(-126.741977178626,20.1098448113946,18.));
#7643=CARTESIAN_POINT('',(-126.741977178626,20.1098448113946,16.));
#7644=CARTESIAN_POINT('',(-126.741977178626,20.1098448113946,18.));
#7645=CARTESIAN_POINT('',(-126.741977178626,20.1098448113946,16.));
#7646=CARTESIAN_POINT('Origin',(-126.741977178626,20.7771205977944,18.));
#7647=CARTESIAN_POINT('',(-126.741977178626,20.7771205977944,16.));
#7648=CARTESIAN_POINT('',(-126.741977178626,20.7771205977944,18.));
#7649=CARTESIAN_POINT('',(-126.741977178626,20.7771205977944,16.));
#7650=CARTESIAN_POINT('Origin',(-128.125279986433,20.7771205977944,18.));
#7651=CARTESIAN_POINT('',(-128.125279986433,20.7771205977944,16.));
#7652=CARTESIAN_POINT('',(-128.125279986433,20.7771205977944,18.));
#7653=CARTESIAN_POINT('',(-128.125279986433,20.7771205977944,16.));
#7654=CARTESIAN_POINT('Origin',(-128.125279986433,24.8142930941132,18.));
#7655=CARTESIAN_POINT('',(-128.125279986433,24.8142930941132,16.));
#7656=CARTESIAN_POINT('',(-128.125279986433,24.8142930941132,18.));
#7657=CARTESIAN_POINT('',(-128.125279986433,24.8142930941132,16.));
#7658=CARTESIAN_POINT('Origin',(-128.83521302896,24.8142930941132,18.));
#7659=CARTESIAN_POINT('',(-128.83521302896,24.8142930941132,16.));
#7660=CARTESIAN_POINT('Origin',(-124.951255389623,22.2853477375058,16.));
#7661=CARTESIAN_POINT('Origin',(-135.128418200783,24.1622516588715,18.));
#7662=CARTESIAN_POINT('',(-135.128418200783,24.1622516588715,18.));
#7663=CARTESIAN_POINT('',(-135.378265821509,24.1622516588715,18.));
#7664=CARTESIAN_POINT('',(-151.314209603306,24.1622516588715,18.));
#7665=CARTESIAN_POINT('',(-135.128418200783,24.1622516588715,16.));
#7666=CARTESIAN_POINT('',(-135.128418200783,24.1622516588715,18.));
#7667=CARTESIAN_POINT('',(-135.378265821509,24.1622516588715,16.));
#7668=CARTESIAN_POINT('',(-135.128418200783,24.1622516588715,16.));
#7669=CARTESIAN_POINT('',(-135.378265821509,24.1622516588715,18.));
#7670=CARTESIAN_POINT('Ctrl Pts',(-134.579972022347,23.9885771350411,18.));
#7671=CARTESIAN_POINT('Ctrl Pts',(-134.579972022347,23.9885771350411,16.));
#7672=CARTESIAN_POINT('Ctrl Pts',(-134.654766325048,24.0391188495586,18.));
#7673=CARTESIAN_POINT('Ctrl Pts',(-134.654766325048,24.0391188495586,16.));
#7674=CARTESIAN_POINT('Ctrl Pts',(-134.819600008837,24.1505040311566,18.));
#7675=CARTESIAN_POINT('Ctrl Pts',(-134.819600008837,24.1505040311566,16.));
#7676=CARTESIAN_POINT('Ctrl Pts',(-135.019321545612,24.1581015572152,18.));
#7677=CARTESIAN_POINT('Ctrl Pts',(-135.019321545612,24.1581015572152,16.));
#7678=CARTESIAN_POINT('Ctrl Pts',(-135.128418200783,24.1622516588715,18.));
#7679=CARTESIAN_POINT('Ctrl Pts',(-135.128418200783,24.1622516588715,16.));
#7680=CARTESIAN_POINT('',(-134.579972022347,23.9885771350411,18.));
#7681=CARTESIAN_POINT('Ctrl Pts',(-134.579972022347,23.9885771350411,18.));
#7682=CARTESIAN_POINT('Ctrl Pts',(-134.654766325048,24.0391188495586,18.));
#7683=CARTESIAN_POINT('Ctrl Pts',(-134.819600008837,24.1505040311566,18.));
#7684=CARTESIAN_POINT('Ctrl Pts',(-135.019321545612,24.1581015572152,18.));
#7685=CARTESIAN_POINT('Ctrl Pts',(-135.128418200783,24.1622516588715,18.));
#7686=CARTESIAN_POINT('',(-134.579972022347,23.9885771350411,16.));
#7687=CARTESIAN_POINT('',(-134.579972022347,23.9885771350411,18.));
#7688=CARTESIAN_POINT('Ctrl Pts',(-134.579972022347,23.9885771350411,16.));
#7689=CARTESIAN_POINT('Ctrl Pts',(-134.654766325048,24.0391188495586,16.));
#7690=CARTESIAN_POINT('Ctrl Pts',(-134.819600008837,24.1505040311566,16.));
#7691=CARTESIAN_POINT('Ctrl Pts',(-135.019321545612,24.1581015572152,16.));
#7692=CARTESIAN_POINT('Ctrl Pts',(-135.128418200783,24.1622516588715,16.));
#7693=CARTESIAN_POINT('Ctrl Pts',(-134.391062849335,23.4858349041489,18.));
#7694=CARTESIAN_POINT('Ctrl Pts',(-134.391062849335,23.4858349041489,16.));
#7695=CARTESIAN_POINT('Ctrl Pts',(-134.396274066208,23.5872389746137,18.));
#7696=CARTESIAN_POINT('Ctrl Pts',(-134.396274066208,23.5872389746137,16.));
#7697=CARTESIAN_POINT('Ctrl Pts',(-134.40596673993,23.7758468550728,18.));
#7698=CARTESIAN_POINT('Ctrl Pts',(-134.40596673993,23.7758468550728,16.));
#7699=CARTESIAN_POINT('Ctrl Pts',(-134.524956502298,23.9213178724482,18.));
#7700=CARTESIAN_POINT('Ctrl Pts',(-134.524956502298,23.9213178724482,16.));
#7701=CARTESIAN_POINT('Ctrl Pts',(-134.579972022347,23.9885771350411,18.));
#7702=CARTESIAN_POINT('Ctrl Pts',(-134.579972022347,23.9885771350411,16.));
#7703=CARTESIAN_POINT('',(-134.391062849335,23.4858349041489,18.));
#7704=CARTESIAN_POINT('Ctrl Pts',(-134.391062849335,23.4858349041489,18.));
#7705=CARTESIAN_POINT('Ctrl Pts',(-134.396274066208,23.5872389746137,18.));
#7706=CARTESIAN_POINT('Ctrl Pts',(-134.40596673993,23.7758468550728,18.));
#7707=CARTESIAN_POINT('Ctrl Pts',(-134.524956502298,23.9213178724482,18.));
#7708=CARTESIAN_POINT('Ctrl Pts',(-134.579972022347,23.9885771350411,18.));
#7709=CARTESIAN_POINT('',(-134.391062849335,23.4858349041489,16.));
#7710=CARTESIAN_POINT('',(-134.391062849335,23.4858349041489,18.));
#7711=CARTESIAN_POINT('Ctrl Pts',(-134.391062849335,23.4858349041489,16.));
#7712=CARTESIAN_POINT('Ctrl Pts',(-134.396274066208,23.5872389746137,16.));
#7713=CARTESIAN_POINT('Ctrl Pts',(-134.40596673993,23.7758468550728,16.));
#7714=CARTESIAN_POINT('Ctrl Pts',(-134.524956502298,23.9213178724482,16.));
#7715=CARTESIAN_POINT('Ctrl Pts',(-134.579972022347,23.9885771350411,16.));
#7716=CARTESIAN_POINT('Ctrl Pts',(-134.576925181918,22.9678580240754,18.));
#7717=CARTESIAN_POINT('Ctrl Pts',(-134.576925181918,22.9678580240754,16.));
#7718=CARTESIAN_POINT('Ctrl Pts',(-134.522807398157,23.037583732915,18.));
#7719=CARTESIAN_POINT('Ctrl Pts',(-134.522807398157,23.037583732915,16.));
#7720=CARTESIAN_POINT('Ctrl Pts',(-134.405142859479,23.189183499102,18.));
#7721=CARTESIAN_POINT('Ctrl Pts',(-134.405142859479,23.189183499102,16.));
#7722=CARTESIAN_POINT('Ctrl Pts',(-134.39600039454,23.3818058794757,18.));
#7723=CARTESIAN_POINT('Ctrl Pts',(-134.39600039454,23.3818058794757,16.));
#7724=CARTESIAN_POINT('Ctrl Pts',(-134.391062849335,23.4858349041489,18.));
#7725=CARTESIAN_POINT('Ctrl Pts',(-134.391062849335,23.4858349041489,16.));
#7726=CARTESIAN_POINT('',(-134.576925181918,22.9678580240754,18.));
#7727=CARTESIAN_POINT('Ctrl Pts',(-134.576925181918,22.9678580240754,18.));
#7728=CARTESIAN_POINT('Ctrl Pts',(-134.522807398157,23.037583732915,18.));
#7729=CARTESIAN_POINT('Ctrl Pts',(-134.405142859479,23.189183499102,18.));
#7730=CARTESIAN_POINT('Ctrl Pts',(-134.39600039454,23.3818058794757,18.));
#7731=CARTESIAN_POINT('Ctrl Pts',(-134.391062849335,23.4858349041489,18.));
#7732=CARTESIAN_POINT('',(-134.576925181918,22.9678580240754,16.));
#7733=CARTESIAN_POINT('',(-134.576925181918,22.9678580240754,18.));
#7734=CARTESIAN_POINT('Ctrl Pts',(-134.576925181918,22.9678580240754,16.));
#7735=CARTESIAN_POINT('Ctrl Pts',(-134.522807398157,23.037583732915,16.));
#7736=CARTESIAN_POINT('Ctrl Pts',(-134.405142859479,23.189183499102,16.));
#7737=CARTESIAN_POINT('Ctrl Pts',(-134.39600039454,23.3818058794757,16.));
#7738=CARTESIAN_POINT('Ctrl Pts',(-134.391062849335,23.4858349041489,16.));
#7739=CARTESIAN_POINT('Ctrl Pts',(-135.155840509705,22.794183500245,18.));
#7740=CARTESIAN_POINT('Ctrl Pts',(-135.155840509705,22.794183500245,16.));
#7741=CARTESIAN_POINT('Ctrl Pts',(-135.037814519814,22.797099121291,18.));
#7742=CARTESIAN_POINT('Ctrl Pts',(-135.037814519814,22.797099121291,16.));
#7743=CARTESIAN_POINT('Ctrl Pts',(-134.827668192911,22.8022904105487,18.));
#7744=CARTESIAN_POINT('Ctrl Pts',(-134.827668192911,22.8022904105487,16.));
#7745=CARTESIAN_POINT('Ctrl Pts',(-134.653342906509,22.9173987899711,18.));
#7746=CARTESIAN_POINT('Ctrl Pts',(-134.653342906509,22.9173987899711,16.));
#7747=CARTESIAN_POINT('Ctrl Pts',(-134.576925181918,22.9678580240754,18.));
#7748=CARTESIAN_POINT('Ctrl Pts',(-134.576925181918,22.9678580240754,16.));
#7749=CARTESIAN_POINT('',(-135.155840509705,22.794183500245,18.));
#7750=CARTESIAN_POINT('Ctrl Pts',(-135.155840509705,22.794183500245,18.));
#7751=CARTESIAN_POINT('Ctrl Pts',(-135.037814519814,22.797099121291,18.));
#7752=CARTESIAN_POINT('Ctrl Pts',(-134.827668192911,22.8022904105487,18.));
#7753=CARTESIAN_POINT('Ctrl Pts',(-134.653342906509,22.9173987899711,18.));
#7754=CARTESIAN_POINT('Ctrl Pts',(-134.576925181918,22.9678580240754,18.));
#7755=CARTESIAN_POINT('',(-135.155840509705,22.794183500245,16.));
#7756=CARTESIAN_POINT('',(-135.155840509705,22.794183500245,18.));
#7757=CARTESIAN_POINT('Ctrl Pts',(-135.155840509705,22.794183500245,16.));
#7758=CARTESIAN_POINT('Ctrl Pts',(-135.037814519814,22.797099121291,16.));
#7759=CARTESIAN_POINT('Ctrl Pts',(-134.827668192911,22.8022904105487,16.));
#7760=CARTESIAN_POINT('Ctrl Pts',(-134.653342906509,22.9173987899711,16.));
#7761=CARTESIAN_POINT('Ctrl Pts',(-134.576925181918,22.9678580240754,16.));
#7762=CARTESIAN_POINT('Origin',(-135.378265821509,22.794183500245,18.));
#7763=CARTESIAN_POINT('',(-135.378265821509,22.794183500245,18.));
#7764=CARTESIAN_POINT('',(-151.439133413669,22.794183500245,18.));
#7765=CARTESIAN_POINT('',(-135.378265821509,22.794183500245,16.));
#7766=CARTESIAN_POINT('',(-135.378265821509,22.794183500245,18.));
#7767=CARTESIAN_POINT('',(-135.378265821509,22.794183500245,16.));
#7768=CARTESIAN_POINT('Origin',(-135.378265821509,24.1622516588715,18.));
#7769=CARTESIAN_POINT('',(-135.378265821509,16.9811260157003,18.));
#7770=CARTESIAN_POINT('',(-135.378265821509,24.1622516588715,16.));
#7771=CARTESIAN_POINT('Origin',(-135.018728965096,22.2000336722878,18.));
#7772=CARTESIAN_POINT('',(-135.018728965096,22.2000336722878,18.));
#7773=CARTESIAN_POINT('',(-135.378265821509,22.2000336722878,18.));
#7774=CARTESIAN_POINT('',(-151.259364985462,22.2000336722878,18.));
#7775=CARTESIAN_POINT('',(-135.018728965096,22.2000336722878,16.));
#7776=CARTESIAN_POINT('',(-135.018728965096,22.2000336722878,18.));
#7777=CARTESIAN_POINT('',(-135.378265821509,22.2000336722878,16.));
#7778=CARTESIAN_POINT('',(-135.018728965096,22.2000336722878,16.));
#7779=CARTESIAN_POINT('',(-135.378265821509,22.2000336722878,18.));
#7780=CARTESIAN_POINT('Ctrl Pts',(-134.223482155375,21.9958898500947,18.));
#7781=CARTESIAN_POINT('Ctrl Pts',(-134.223482155375,21.9958898500947,16.));
#7782=CARTESIAN_POINT('Ctrl Pts',(-134.324483735101,22.0550093918392,18.));
#7783=CARTESIAN_POINT('Ctrl Pts',(-134.324483735101,22.0550093918392,16.));
#7784=CARTESIAN_POINT('Ctrl Pts',(-134.56800355538,22.1975495404159,18.));
#7785=CARTESIAN_POINT('Ctrl Pts',(-134.56800355538,22.1975495404159,16.));
#7786=CARTESIAN_POINT('Ctrl Pts',(-134.852329330234,22.1991165759193,18.));
#7787=CARTESIAN_POINT('Ctrl Pts',(-134.852329330234,22.1991165759193,16.));
#7788=CARTESIAN_POINT('Ctrl Pts',(-135.018728965096,22.2000336722878,18.));
#7789=CARTESIAN_POINT('Ctrl Pts',(-135.018728965096,22.2000336722878,16.));
#7790=CARTESIAN_POINT('',(-134.223482155375,21.9958898500947,18.));
#7791=CARTESIAN_POINT('Ctrl Pts',(-134.223482155375,21.9958898500947,18.));
#7792=CARTESIAN_POINT('Ctrl Pts',(-134.324483735101,22.0550093918392,18.));
#7793=CARTESIAN_POINT('Ctrl Pts',(-134.56800355538,22.1975495404159,18.));
#7794=CARTESIAN_POINT('Ctrl Pts',(-134.852329330234,22.1991165759193,18.));
#7795=CARTESIAN_POINT('Ctrl Pts',(-135.018728965096,22.2000336722878,18.));
#7796=CARTESIAN_POINT('',(-134.223482155375,21.9958898500947,16.));
#7797=CARTESIAN_POINT('',(-134.223482155375,21.9958898500947,18.));
#7798=CARTESIAN_POINT('Ctrl Pts',(-134.223482155375,21.9958898500947,16.));
#7799=CARTESIAN_POINT('Ctrl Pts',(-134.324483735101,22.0550093918392,16.));
#7800=CARTESIAN_POINT('Ctrl Pts',(-134.56800355538,22.1975495404159,16.));
#7801=CARTESIAN_POINT('Ctrl Pts',(-134.852329330234,22.1991165759193,16.));
#7802=CARTESIAN_POINT('Ctrl Pts',(-135.018728965096,22.2000336722878,16.));
#7803=CARTESIAN_POINT('Ctrl Pts',(-133.994963013701,21.4840066508797,18.));
#7804=CARTESIAN_POINT('Ctrl Pts',(-133.994963013701,21.4840066508797,16.));
#7805=CARTESIAN_POINT('Ctrl Pts',(-134.004617495624,21.5816283586072,18.));
#7806=CARTESIAN_POINT('Ctrl Pts',(-134.004617495624,21.5816283586072,16.));
#7807=CARTESIAN_POINT('Ctrl Pts',(-134.023994385742,21.7775586134674,18.));
#7808=CARTESIAN_POINT('Ctrl Pts',(-134.023994385742,21.7775586134674,16.));
#7809=CARTESIAN_POINT('Ctrl Pts',(-134.156831011235,21.9229428882353,18.));
#7810=CARTESIAN_POINT('Ctrl Pts',(-134.156831011235,21.9229428882353,16.));
#7811=CARTESIAN_POINT('Ctrl Pts',(-134.223482155375,21.9958898500947,18.));
#7812=CARTESIAN_POINT('Ctrl Pts',(-134.223482155375,21.9958898500947,16.));
#7813=CARTESIAN_POINT('',(-133.994963013701,21.4840066508797,18.));
#7814=CARTESIAN_POINT('Ctrl Pts',(-133.994963013701,21.4840066508797,18.));
#7815=CARTESIAN_POINT('Ctrl Pts',(-134.004617495624,21.5816283586072,18.));
#7816=CARTESIAN_POINT('Ctrl Pts',(-134.023994385742,21.7775586134674,18.));
#7817=CARTESIAN_POINT('Ctrl Pts',(-134.156831011235,21.9229428882353,18.));
#7818=CARTESIAN_POINT('Ctrl Pts',(-134.223482155375,21.9958898500947,18.));
#7819=CARTESIAN_POINT('',(-133.994963013701,21.4840066508797,16.));
#7820=CARTESIAN_POINT('',(-133.994963013701,21.4840066508797,18.));
#7821=CARTESIAN_POINT('Ctrl Pts',(-133.994963013701,21.4840066508797,16.));
#7822=CARTESIAN_POINT('Ctrl Pts',(-134.004617495624,21.5816283586072,16.));
#7823=CARTESIAN_POINT('Ctrl Pts',(-134.023994385742,21.7775586134674,16.));
#7824=CARTESIAN_POINT('Ctrl Pts',(-134.156831011235,21.9229428882353,16.));
#7825=CARTESIAN_POINT('Ctrl Pts',(-134.223482155375,21.9958898500947,16.));
#7826=CARTESIAN_POINT('Ctrl Pts',(-134.232622974686,20.9660303668526,18.));
#7827=CARTESIAN_POINT('Ctrl Pts',(-134.232622974686,20.9660303668526,16.));
#7828=CARTESIAN_POINT('Ctrl Pts',(-134.163305546657,21.0386741387472,18.));
#7829=CARTESIAN_POINT('Ctrl Pts',(-134.163305546657,21.0386741387472,16.));
#7830=CARTESIAN_POINT('Ctrl Pts',(-134.024602888556,21.1840327382032,18.));
#7831=CARTESIAN_POINT('Ctrl Pts',(-134.024602888556,21.1840327382032,16.));
#7832=CARTESIAN_POINT('Ctrl Pts',(-134.004846191209,21.3839827661197,18.));
#7833=CARTESIAN_POINT('Ctrl Pts',(-134.004846191209,21.3839827661197,16.));
#7834=CARTESIAN_POINT('Ctrl Pts',(-133.994963013701,21.4840066508797,18.));
#7835=CARTESIAN_POINT('Ctrl Pts',(-133.994963013701,21.4840066508797,16.));
#7836=CARTESIAN_POINT('',(-134.232622974686,20.9660303668526,18.));
#7837=CARTESIAN_POINT('Ctrl Pts',(-134.232622974686,20.9660303668526,18.));
#7838=CARTESIAN_POINT('Ctrl Pts',(-134.163305546657,21.0386741387472,18.));
#7839=CARTESIAN_POINT('Ctrl Pts',(-134.024602888556,21.1840327382032,18.));
#7840=CARTESIAN_POINT('Ctrl Pts',(-134.004846191209,21.3839827661197,18.));
#7841=CARTESIAN_POINT('Ctrl Pts',(-133.994963013701,21.4840066508797,18.));
#7842=CARTESIAN_POINT('',(-134.232622974686,20.9660303668526,16.));
#7843=CARTESIAN_POINT('',(-134.232622974686,20.9660303668526,18.));
#7844=CARTESIAN_POINT('Ctrl Pts',(-134.232622974686,20.9660303668526,16.));
#7845=CARTESIAN_POINT('Ctrl Pts',(-134.163305546657,21.0386741387472,16.));
#7846=CARTESIAN_POINT('Ctrl Pts',(-134.024602888556,21.1840327382032,16.));
#7847=CARTESIAN_POINT('Ctrl Pts',(-134.004846191209,21.3839827661197,16.));
#7848=CARTESIAN_POINT('Ctrl Pts',(-133.994963013701,21.4840066508797,16.));
#7849=CARTESIAN_POINT('Ctrl Pts',(-134.93950887876,20.7771205977944,18.));
#7850=CARTESIAN_POINT('Ctrl Pts',(-134.93950887876,20.7771205977944,16.));
#7851=CARTESIAN_POINT('Ctrl Pts',(-134.796582909513,20.7798985639567,18.));
#7852=CARTESIAN_POINT('Ctrl Pts',(-134.796582909513,20.7798985639567,16.));
#7853=CARTESIAN_POINT('Ctrl Pts',(-134.544011530704,20.784807642045,18.));
#7854=CARTESIAN_POINT('Ctrl Pts',(-134.544011530704,20.784807642045,16.));
#7855=CARTESIAN_POINT('Ctrl Pts',(-134.326882343256,20.9111730534389,18.));
#7856=CARTESIAN_POINT('Ctrl Pts',(-134.326882343256,20.9111730534389,16.));
#7857=CARTESIAN_POINT('Ctrl Pts',(-134.232622974686,20.9660303668526,18.));
#7858=CARTESIAN_POINT('Ctrl Pts',(-134.232622974686,20.9660303668526,16.));
#7859=CARTESIAN_POINT('',(-134.93950887876,20.7771205977944,18.));
#7860=CARTESIAN_POINT('Ctrl Pts',(-134.93950887876,20.7771205977944,18.));
#7861=CARTESIAN_POINT('Ctrl Pts',(-134.796582909513,20.7798985639567,18.));
#7862=CARTESIAN_POINT('Ctrl Pts',(-134.544011530704,20.784807642045,18.));
#7863=CARTESIAN_POINT('Ctrl Pts',(-134.326882343256,20.9111730534389,18.));
#7864=CARTESIAN_POINT('Ctrl Pts',(-134.232622974686,20.9660303668526,18.));
#7865=CARTESIAN_POINT('',(-134.93950887876,20.7771205977944,16.));
#7866=CARTESIAN_POINT('',(-134.93950887876,20.7771205977944,18.));
#7867=CARTESIAN_POINT('Ctrl Pts',(-134.93950887876,20.7771205977944,16.));
#7868=CARTESIAN_POINT('Ctrl Pts',(-134.796582909513,20.7798985639567,16.));
#7869=CARTESIAN_POINT('Ctrl Pts',(-134.544011530704,20.784807642045,16.));
#7870=CARTESIAN_POINT('Ctrl Pts',(-134.326882343256,20.9111730534389,16.));
#7871=CARTESIAN_POINT('Ctrl Pts',(-134.232622974686,20.9660303668526,16.));
#7872=CARTESIAN_POINT('Origin',(-135.378265821509,20.7771205977944,18.));
#7873=CARTESIAN_POINT('',(-135.378265821509,20.7771205977944,18.));
#7874=CARTESIAN_POINT('',(-151.439133413669,20.7771205977944,18.));
#7875=CARTESIAN_POINT('',(-135.378265821509,20.7771205977944,16.));
#7876=CARTESIAN_POINT('',(-135.378265821509,20.7771205977944,18.));
#7877=CARTESIAN_POINT('',(-135.378265821509,20.7771205977944,16.));
#7878=CARTESIAN_POINT('Origin',(-135.378265821509,22.2000336722878,18.));
#7879=CARTESIAN_POINT('',(-135.378265821509,16.0000170224084,18.));
#7880=CARTESIAN_POINT('',(-135.378265821509,22.2000336722878,16.));
#7881=CARTESIAN_POINT('Ctrl Pts',(-134.211294495634,20.1982057170418,18.));
#7882=CARTESIAN_POINT('Ctrl Pts',(-134.211294495634,20.1982057170418,16.));
#7883=CARTESIAN_POINT('Ctrl Pts',(-134.33097188608,20.1724921532009,18.));
#7884=CARTESIAN_POINT('Ctrl Pts',(-134.33097188608,20.1724921532009,16.));
#7885=CARTESIAN_POINT('Ctrl Pts',(-134.594910310094,20.1157830497463,18.));
#7886=CARTESIAN_POINT('Ctrl Pts',(-134.594910310094,20.1157830497463,16.));
#7887=CARTESIAN_POINT('Ctrl Pts',(-134.865007758704,20.1119434334929,18.));
#7888=CARTESIAN_POINT('Ctrl Pts',(-134.865007758704,20.1119434334929,16.));
#7889=CARTESIAN_POINT('Ctrl Pts',(-135.012635135226,20.1098448113946,18.));
#7890=CARTESIAN_POINT('Ctrl Pts',(-135.012635135226,20.1098448113946,16.));
#7891=CARTESIAN_POINT('',(-134.211294495634,20.1982057170418,16.));
#7892=CARTESIAN_POINT('',(-134.211294495634,20.1982057170418,18.));
#7893=CARTESIAN_POINT('',(-135.012635135226,20.1098448113946,16.));
#7894=CARTESIAN_POINT('Ctrl Pts',(-134.211294495634,20.1982057170418,16.));
#7895=CARTESIAN_POINT('Ctrl Pts',(-134.33097188608,20.1724921532009,16.));
#7896=CARTESIAN_POINT('Ctrl Pts',(-134.594910310094,20.1157830497463,16.));
#7897=CARTESIAN_POINT('Ctrl Pts',(-134.865007758704,20.1119434334929,16.));
#7898=CARTESIAN_POINT('Ctrl Pts',(-135.012635135226,20.1098448113946,16.));
#7899=CARTESIAN_POINT('',(-135.012635135226,20.1098448113946,18.));
#7900=CARTESIAN_POINT('Ctrl Pts',(-133.684176945261,20.5242264346627,18.));
#7901=CARTESIAN_POINT('Ctrl Pts',(-133.684176945261,20.5242264346627,16.));
#7902=CARTESIAN_POINT('Ctrl Pts',(-133.763741714842,20.4523234185314,18.));
#7903=CARTESIAN_POINT('Ctrl Pts',(-133.763741714842,20.4523234185314,16.));
#7904=CARTESIAN_POINT('Ctrl Pts',(-133.919638461191,20.3114388746979,18.));
#7905=CARTESIAN_POINT('Ctrl Pts',(-133.919638461191,20.3114388746979,16.));
#7906=CARTESIAN_POINT('Ctrl Pts',(-134.11542917223,20.2354246736102,18.));
#7907=CARTESIAN_POINT('Ctrl Pts',(-134.11542917223,20.2354246736102,16.));
#7908=CARTESIAN_POINT('Ctrl Pts',(-134.211294495634,20.1982057170418,18.));
#7909=CARTESIAN_POINT('Ctrl Pts',(-134.211294495634,20.1982057170418,16.));
#7910=CARTESIAN_POINT('',(-133.684176945261,20.5242264346627,16.));
#7911=CARTESIAN_POINT('',(-133.684176945261,20.5242264346627,18.));
#7912=CARTESIAN_POINT('Ctrl Pts',(-133.684176945261,20.5242264346627,16.));
#7913=CARTESIAN_POINT('Ctrl Pts',(-133.763741714842,20.4523234185314,16.));
#7914=CARTESIAN_POINT('Ctrl Pts',(-133.919638461191,20.3114388746979,16.));
#7915=CARTESIAN_POINT('Ctrl Pts',(-134.11542917223,20.2354246736102,16.));
#7916=CARTESIAN_POINT('Ctrl Pts',(-134.211294495634,20.1982057170418,16.));
#7917=CARTESIAN_POINT('Ctrl Pts',(-133.294170939497,21.4565843419579,18.));
#7918=CARTESIAN_POINT('Ctrl Pts',(-133.294170939497,21.4565843419579,16.));
#7919=CARTESIAN_POINT('Ctrl Pts',(-133.310207458768,21.2800721301669,18.));
#7920=CARTESIAN_POINT('Ctrl Pts',(-133.310207458768,21.2800721301669,16.));
#7921=CARTESIAN_POINT('Ctrl Pts',(-133.342175878256,20.9281992370603,18.));
#7922=CARTESIAN_POINT('Ctrl Pts',(-133.342175878256,20.9281992370603,16.));
#7923=CARTESIAN_POINT('Ctrl Pts',(-133.570425577689,20.6585899298916,18.));
#7924=CARTESIAN_POINT('Ctrl Pts',(-133.570425577689,20.6585899298916,16.));
#7925=CARTESIAN_POINT('Ctrl Pts',(-133.684176945261,20.5242264346627,18.));
#7926=CARTESIAN_POINT('Ctrl Pts',(-133.684176945261,20.5242264346627,16.));
#7927=CARTESIAN_POINT('',(-133.294170939497,21.4565843419579,16.));
#7928=CARTESIAN_POINT('',(-133.294170939497,21.4565843419579,18.));
#7929=CARTESIAN_POINT('Ctrl Pts',(-133.294170939497,21.4565843419579,16.));
#7930=CARTESIAN_POINT('Ctrl Pts',(-133.310207458768,21.2800721301669,16.));
#7931=CARTESIAN_POINT('Ctrl Pts',(-133.342175878256,20.9281992370603,16.));
#7932=CARTESIAN_POINT('Ctrl Pts',(-133.570425577689,20.6585899298916,16.));
#7933=CARTESIAN_POINT('Ctrl Pts',(-133.684176945261,20.5242264346627,16.));
#7934=CARTESIAN_POINT('Ctrl Pts',(-133.513549112849,22.193939693406,18.));
#7935=CARTESIAN_POINT('Ctrl Pts',(-133.513549112849,22.193939693406,16.));
#7936=CARTESIAN_POINT('Ctrl Pts',(-133.449573555667,22.082433011189,18.));
#7937=CARTESIAN_POINT('Ctrl Pts',(-133.449573555667,22.082433011189,16.));
#7938=CARTESIAN_POINT('Ctrl Pts',(-133.318568785016,21.8540972533873,18.));
#7939=CARTESIAN_POINT('Ctrl Pts',(-133.318568785016,21.8540972533873,16.));
#7940=CARTESIAN_POINT('Ctrl Pts',(-133.302428958457,21.5911318435665,18.));
#7941=CARTESIAN_POINT('Ctrl Pts',(-133.302428958457,21.5911318435665,16.));
#7942=CARTESIAN_POINT('Ctrl Pts',(-133.294170939497,21.4565843419579,18.));
#7943=CARTESIAN_POINT('Ctrl Pts',(-133.294170939497,21.4565843419579,16.));
#7944=CARTESIAN_POINT('',(-133.513549112849,22.193939693406,16.));
#7945=CARTESIAN_POINT('',(-133.513549112849,22.193939693406,18.));
#7946=CARTESIAN_POINT('Ctrl Pts',(-133.513549112849,22.193939693406,16.));
#7947=CARTESIAN_POINT('Ctrl Pts',(-133.449573555667,22.082433011189,16.));
#7948=CARTESIAN_POINT('Ctrl Pts',(-133.318568785016,21.8540972533873,16.));
#7949=CARTESIAN_POINT('Ctrl Pts',(-133.302428958457,21.5911318435665,16.));
#7950=CARTESIAN_POINT('Ctrl Pts',(-133.294170939497,21.4565843419579,16.));
#7951=CARTESIAN_POINT('Ctrl Pts',(-134.104652249388,22.6418373064545,18.));
#7952=CARTESIAN_POINT('Ctrl Pts',(-134.104652249388,22.6418373064545,16.));
#7953=CARTESIAN_POINT('Ctrl Pts',(-133.986578736062,22.5915484239315,18.));
#7954=CARTESIAN_POINT('Ctrl Pts',(-133.986578736062,22.5915484239315,16.));
#7955=CARTESIAN_POINT('Ctrl Pts',(-133.75202408202,22.4916488688992,18.));
#7956=CARTESIAN_POINT('Ctrl Pts',(-133.75202408202,22.4916488688992,16.));
#7957=CARTESIAN_POINT('Ctrl Pts',(-133.592680178273,22.292725927975,18.));
#7958=CARTESIAN_POINT('Ctrl Pts',(-133.592680178273,22.292725927975,16.));
#7959=CARTESIAN_POINT('Ctrl Pts',(-133.513549112849,22.193939693406,18.));
#7960=CARTESIAN_POINT('Ctrl Pts',(-133.513549112849,22.193939693406,16.));
#7961=CARTESIAN_POINT('',(-134.104652249388,22.6418373064545,16.));
#7962=CARTESIAN_POINT('',(-134.104652249388,22.6418373064545,18.));
#7963=CARTESIAN_POINT('Ctrl Pts',(-134.104652249388,22.6418373064545,16.));
#7964=CARTESIAN_POINT('Ctrl Pts',(-133.986578736062,22.5915484239315,16.));
#7965=CARTESIAN_POINT('Ctrl Pts',(-133.75202408202,22.4916488688992,16.));
#7966=CARTESIAN_POINT('Ctrl Pts',(-133.592680178273,22.292725927975,16.));
#7967=CARTESIAN_POINT('Ctrl Pts',(-133.513549112849,22.193939693406,16.));
#7968=CARTESIAN_POINT('Ctrl Pts',(-133.717692935042,23.4980225638894,18.));
#7969=CARTESIAN_POINT('Ctrl Pts',(-133.717692935042,23.4980225638894,16.));
#7970=CARTESIAN_POINT('Ctrl Pts',(-133.734389643577,23.3353851529163,18.));
#7971=CARTESIAN_POINT('Ctrl Pts',(-133.734389643577,23.3353851529163,16.));
#7972=CARTESIAN_POINT('Ctrl Pts',(-133.768086726705,23.0071524149607,18.));
#7973=CARTESIAN_POINT('Ctrl Pts',(-133.768086726705,23.0071524149607,16.));
#7974=CARTESIAN_POINT('Ctrl Pts',(-133.991791758588,22.7643383936544,18.));
#7975=CARTESIAN_POINT('Ctrl Pts',(-133.991791758588,22.7643383936544,16.));
#7976=CARTESIAN_POINT('Ctrl Pts',(-134.104652249388,22.6418373064545,18.));
#7977=CARTESIAN_POINT('Ctrl Pts',(-134.104652249388,22.6418373064545,16.));
#7978=CARTESIAN_POINT('',(-133.717692935042,23.4980225638894,16.));
#7979=CARTESIAN_POINT('',(-133.717692935042,23.4980225638894,18.));
#7980=CARTESIAN_POINT('Ctrl Pts',(-133.717692935042,23.4980225638894,16.));
#7981=CARTESIAN_POINT('Ctrl Pts',(-133.734389643577,23.3353851529163,16.));
#7982=CARTESIAN_POINT('Ctrl Pts',(-133.768086726705,23.0071524149607,16.));
#7983=CARTESIAN_POINT('Ctrl Pts',(-133.991791758588,22.7643383936544,16.));
#7984=CARTESIAN_POINT('Ctrl Pts',(-134.104652249388,22.6418373064545,16.));
#7985=CARTESIAN_POINT('Ctrl Pts',(-133.836523139052,24.0464687423257,18.));
#7986=CARTESIAN_POINT('Ctrl Pts',(-133.836523139052,24.0464687423257,16.));
#7987=CARTESIAN_POINT('Ctrl Pts',(-133.801867216013,23.9566318519788,18.));
#7988=CARTESIAN_POINT('Ctrl Pts',(-133.801867216013,23.9566318519788,16.));
#7989=CARTESIAN_POINT('Ctrl Pts',(-133.733709142605,23.7799489409484,18.));
#7990=CARTESIAN_POINT('Ctrl Pts',(-133.733709142605,23.7799489409484,16.));
#7991=CARTESIAN_POINT('Ctrl Pts',(-133.722971079966,23.5909314669615,18.));
#7992=CARTESIAN_POINT('Ctrl Pts',(-133.722971079966,23.5909314669615,16.));
#7993=CARTESIAN_POINT('Ctrl Pts',(-133.717692935042,23.4980225638894,18.));
#7994=CARTESIAN_POINT('Ctrl Pts',(-133.717692935042,23.4980225638894,16.));
#7995=CARTESIAN_POINT('',(-133.836523139052,24.0464687423257,16.));
#7996=CARTESIAN_POINT('',(-133.836523139052,24.0464687423257,18.));
#7997=CARTESIAN_POINT('Ctrl Pts',(-133.836523139052,24.0464687423257,16.));
#7998=CARTESIAN_POINT('Ctrl Pts',(-133.801867216013,23.9566318519788,16.));
#7999=CARTESIAN_POINT('Ctrl Pts',(-133.733709142605,23.7799489409484,16.));
#8000=CARTESIAN_POINT('Ctrl Pts',(-133.722971079966,23.5909314669615,16.));
#8001=CARTESIAN_POINT('Ctrl Pts',(-133.717692935042,23.4980225638894,16.));
#8002=CARTESIAN_POINT('Ctrl Pts',(-134.150355898909,24.4943663553742,18.));
#8003=CARTESIAN_POINT('Ctrl Pts',(-134.150355898909,24.4943663553742,16.));
#8004=CARTESIAN_POINT('Ctrl Pts',(-134.087351396529,24.4297873306237,18.));
#8005=CARTESIAN_POINT('Ctrl Pts',(-134.087351396529,24.4297873306237,16.));
#8006=CARTESIAN_POINT('Ctrl Pts',(-133.958410937014,24.2976245674575,18.));
#8007=CARTESIAN_POINT('Ctrl Pts',(-133.958410937014,24.2976245674575,16.));
#8008=CARTESIAN_POINT('Ctrl Pts',(-133.877763576247,24.1314466991502,18.));
#8009=CARTESIAN_POINT('Ctrl Pts',(-133.877763576247,24.1314466991502,16.));
#8010=CARTESIAN_POINT('Ctrl Pts',(-133.836523139052,24.0464687423257,18.));
#8011=CARTESIAN_POINT('Ctrl Pts',(-133.836523139052,24.0464687423257,16.));
#8012=CARTESIAN_POINT('',(-134.150355898909,24.4943663553742,16.));
#8013=CARTESIAN_POINT('',(-134.150355898909,24.4943663553742,18.));
#8014=CARTESIAN_POINT('Ctrl Pts',(-134.150355898909,24.4943663553742,16.));
#8015=CARTESIAN_POINT('Ctrl Pts',(-134.087351396529,24.4297873306237,16.));
#8016=CARTESIAN_POINT('Ctrl Pts',(-133.958410937014,24.2976245674575,16.));
#8017=CARTESIAN_POINT('Ctrl Pts',(-133.877763576247,24.1314466991502,16.));
#8018=CARTESIAN_POINT('Ctrl Pts',(-133.836523139052,24.0464687423257,16.));
#8019=CARTESIAN_POINT('Ctrl Pts',(-134.62872281032,24.7411671356705,18.));
#8020=CARTESIAN_POINT('Ctrl Pts',(-134.62872281032,24.7411671356705,16.));
#8021=CARTESIAN_POINT('Ctrl Pts',(-134.538980423889,24.7135064685669,18.));
#8022=CARTESIAN_POINT('Ctrl Pts',(-134.538980423889,24.7135064685669,16.));
#8023=CARTESIAN_POINT('Ctrl Pts',(-134.364670281655,24.6597800745086,18.));
#8024=CARTESIAN_POINT('Ctrl Pts',(-134.364670281655,24.6597800745086,16.));
#8025=CARTESIAN_POINT('Ctrl Pts',(-134.220366071745,24.5484021271117,18.));
#8026=CARTESIAN_POINT('Ctrl Pts',(-134.220366071745,24.5484021271117,16.));
#8027=CARTESIAN_POINT('Ctrl Pts',(-134.150355898909,24.4943663553742,18.));
#8028=CARTESIAN_POINT('Ctrl Pts',(-134.150355898909,24.4943663553742,16.));
#8029=CARTESIAN_POINT('',(-134.62872281032,24.7411671356705,16.));
#8030=CARTESIAN_POINT('',(-134.62872281032,24.7411671356705,18.));
#8031=CARTESIAN_POINT('Ctrl Pts',(-134.62872281032,24.7411671356705,16.));
#8032=CARTESIAN_POINT('Ctrl Pts',(-134.538980423889,24.7135064685669,16.));
#8033=CARTESIAN_POINT('Ctrl Pts',(-134.364670281655,24.6597800745086,16.));
#8034=CARTESIAN_POINT('Ctrl Pts',(-134.220366071745,24.5484021271117,16.));
#8035=CARTESIAN_POINT('Ctrl Pts',(-134.150355898909,24.4943663553742,16.));
#8036=CARTESIAN_POINT('Ctrl Pts',(-135.381312661938,24.8142930941132,18.));
#8037=CARTESIAN_POINT('Ctrl Pts',(-135.381312661938,24.8142930941132,16.));
#8038=CARTESIAN_POINT('Ctrl Pts',(-135.239379147954,24.8130290369545,18.));
#8039=CARTESIAN_POINT('Ctrl Pts',(-135.239379147954,24.8130290369545,16.));
#8040=CARTESIAN_POINT('Ctrl Pts',(-134.986200452528,24.8107742323392,18.));
#8041=CARTESIAN_POINT('Ctrl Pts',(-134.986200452528,24.8107742323392,16.));
#8042=CARTESIAN_POINT('Ctrl Pts',(-134.737847562273,24.7624156174252,18.));
#8043=CARTESIAN_POINT('Ctrl Pts',(-134.737847562273,24.7624156174252,16.));
#8044=CARTESIAN_POINT('Ctrl Pts',(-134.62872281032,24.7411671356705,18.));
#8045=CARTESIAN_POINT('Ctrl Pts',(-134.62872281032,24.7411671356705,16.));
#8046=CARTESIAN_POINT('',(-135.381312661938,24.8142930941132,16.));
#8047=CARTESIAN_POINT('',(-135.381312661938,24.8142930941132,18.));
#8048=CARTESIAN_POINT('Ctrl Pts',(-135.381312661938,24.8142930941132,16.));
#8049=CARTESIAN_POINT('Ctrl Pts',(-135.239379147954,24.8130290369545,16.));
#8050=CARTESIAN_POINT('Ctrl Pts',(-134.986200452528,24.8107742323392,16.));
#8051=CARTESIAN_POINT('Ctrl Pts',(-134.737847562273,24.7624156174252,16.));
#8052=CARTESIAN_POINT('Ctrl Pts',(-134.62872281032,24.7411671356705,16.));
#8053=CARTESIAN_POINT('Origin',(-136.088198715023,24.8142930941132,18.));
#8054=CARTESIAN_POINT('',(-136.088198715023,24.8142930941132,16.));
#8055=CARTESIAN_POINT('',(-136.088198715023,24.8142930941132,18.));
#8056=CARTESIAN_POINT('',(-136.088198715023,24.8142930941132,16.));
#8057=CARTESIAN_POINT('Origin',(-136.088198715023,20.1098448113946,18.));
#8058=CARTESIAN_POINT('',(-136.088198715023,20.1098448113946,16.));
#8059=CARTESIAN_POINT('',(-136.088198715023,20.1098448113946,18.));
#8060=CARTESIAN_POINT('',(-136.088198715023,20.1098448113946,16.));
#8061=CARTESIAN_POINT('Origin',(-135.012635135226,20.1098448113946,18.));
#8062=CARTESIAN_POINT('',(-135.012635135226,20.1098448113946,16.));
#8063=CARTESIAN_POINT('Origin',(-124.951255389623,22.2853477375058,16.));
#8064=CARTESIAN_POINT('Origin',(-167.500001005828,9.80000037252903,18.));
#8065=CARTESIAN_POINT('Ctrl Pts',(-130.561706109691,-3.00774626634774,31.));
#8066=CARTESIAN_POINT('Ctrl Pts',(-130.561706109691,-3.00774626634774,16.));
#8067=CARTESIAN_POINT('Ctrl Pts',(-130.749741753848,-3.38381755466212,31.));
#8068=CARTESIAN_POINT('Ctrl Pts',(-130.749741753848,-3.38381755466212,16.));
#8069=CARTESIAN_POINT('Ctrl Pts',(-130.957924074165,-4.02179563305259,31.));
#8070=CARTESIAN_POINT('Ctrl Pts',(-130.957924074165,-4.02179563305259,16.));
#8071=CARTESIAN_POINT('Ctrl Pts',(-131.021721882004,-4.40122470072692,31.));
#8072=CARTESIAN_POINT('Ctrl Pts',(-131.021721882004,-4.40122470072692,16.));
#8073=CARTESIAN_POINT('',(-130.561706109691,-3.00774626634774,18.));
#8074=CARTESIAN_POINT('',(-131.021721882004,-4.40122470072692,18.));
#8075=CARTESIAN_POINT('Ctrl Pts',(-130.561706109691,-3.00774626634774,18.));
#8076=CARTESIAN_POINT('Ctrl Pts',(-130.749741753848,-3.38381755466212,18.));
#8077=CARTESIAN_POINT('Ctrl Pts',(-130.957924074165,-4.02179563305259,18.));
#8078=CARTESIAN_POINT('Ctrl Pts',(-131.021721882004,-4.40122470072692,18.));
#8079=CARTESIAN_POINT('',(-130.561706109691,-3.00774626634774,16.));
#8080=CARTESIAN_POINT('',(-130.561706109691,-3.00774626634774,31.));
#8081=CARTESIAN_POINT('',(-131.021721882004,-4.40122470072692,16.));
#8082=CARTESIAN_POINT('Ctrl Pts',(-130.561706109691,-3.00774626634774,16.));
#8083=CARTESIAN_POINT('Ctrl Pts',(-130.749741753848,-3.38381755466212,16.));
#8084=CARTESIAN_POINT('Ctrl Pts',(-130.957924074165,-4.02179563305259,16.));
#8085=CARTESIAN_POINT('Ctrl Pts',(-131.021721882004,-4.40122470072692,16.));
#8086=CARTESIAN_POINT('',(-131.021721882004,-4.40122470072692,31.));
#8087=CARTESIAN_POINT('Ctrl Pts',(-131.021721882004,-4.40122470072692,31.));
#8088=CARTESIAN_POINT('Ctrl Pts',(-131.021721882004,-4.40122470072692,16.));
#8089=CARTESIAN_POINT('Ctrl Pts',(-131.33735314184,-6.36552562629758,31.));
#8090=CARTESIAN_POINT('Ctrl Pts',(-131.33735314184,-6.36552562629758,16.));
#8091=CARTESIAN_POINT('Ctrl Pts',(-130.890768486966,-8.11492867283145,31.));
#8092=CARTESIAN_POINT('Ctrl Pts',(-130.890768486966,-8.11492867283145,16.));
#8093=CARTESIAN_POINT('Ctrl Pts',(-129.715545710984,-9.50169154849074,31.));
#8094=CARTESIAN_POINT('Ctrl Pts',(-129.715545710984,-9.50169154849074,16.));
#8095=CARTESIAN_POINT('',(-129.715545710984,-9.50169154849074,18.));
#8096=CARTESIAN_POINT('Ctrl Pts',(-131.021721882004,-4.40122470072692,18.));
#8097=CARTESIAN_POINT('Ctrl Pts',(-131.33735314184,-6.36552562629758,18.));
#8098=CARTESIAN_POINT('Ctrl Pts',(-130.890768486966,-8.11492867283145,18.));
#8099=CARTESIAN_POINT('Ctrl Pts',(-129.715545710984,-9.50169154849074,18.));
#8100=CARTESIAN_POINT('',(-129.715545710984,-9.50169154849074,16.));
#8101=CARTESIAN_POINT('Ctrl Pts',(-131.021721882004,-4.40122470072692,16.));
#8102=CARTESIAN_POINT('Ctrl Pts',(-131.33735314184,-6.36552562629758,16.));
#8103=CARTESIAN_POINT('Ctrl Pts',(-130.890768486966,-8.11492867283145,16.));
#8104=CARTESIAN_POINT('Ctrl Pts',(-129.715545710984,-9.50169154849074,16.));
#8105=CARTESIAN_POINT('',(-129.715545710984,-9.50169154849074,31.));
#8106=CARTESIAN_POINT('Ctrl Pts',(-129.715545710984,-9.50169154849074,31.));
#8107=CARTESIAN_POINT('Ctrl Pts',(-129.715545710984,-9.50169154849074,16.));
#8108=CARTESIAN_POINT('Ctrl Pts',(-129.161512116592,-10.153100744321,31.));
#8109=CARTESIAN_POINT('Ctrl Pts',(-129.161512116592,-10.153100744321,16.));
#8110=CARTESIAN_POINT('Ctrl Pts',(-128.590689625401,-10.5929698404744,31.));
#8111=CARTESIAN_POINT('Ctrl Pts',(-128.590689625401,-10.5929698404744,16.));
#8112=CARTESIAN_POINT('Ctrl Pts',(-127.737813667973,-11.0194078191881,31.));
#8113=CARTESIAN_POINT('Ctrl Pts',(-127.737813667973,-11.0194078191881,16.));
#8114=CARTESIAN_POINT('',(-127.737813667973,-11.0194078191881,18.));
#8115=CARTESIAN_POINT('Ctrl Pts',(-129.715545710984,-9.50169154849074,18.));
#8116=CARTESIAN_POINT('Ctrl Pts',(-129.161512116592,-10.153100744321,18.));
#8117=CARTESIAN_POINT('Ctrl Pts',(-128.590689625401,-10.5929698404744,18.));
#8118=CARTESIAN_POINT('Ctrl Pts',(-127.737813667973,-11.0194078191881,18.));
#8119=CARTESIAN_POINT('',(-127.737813667973,-11.0194078191881,16.));
#8120=CARTESIAN_POINT('Ctrl Pts',(-129.715545710984,-9.50169154849074,16.));
#8121=CARTESIAN_POINT('Ctrl Pts',(-129.161512116592,-10.153100744321,16.));
#8122=CARTESIAN_POINT('Ctrl Pts',(-128.590689625401,-10.5929698404744,16.));
#8123=CARTESIAN_POINT('Ctrl Pts',(-127.737813667973,-11.0194078191881,16.));
#8124=CARTESIAN_POINT('',(-127.737813667973,-11.0194078191881,31.));
#8125=CARTESIAN_POINT('Ctrl Pts',(-127.737813667973,-11.0194078191881,31.));
#8126=CARTESIAN_POINT('Ctrl Pts',(-127.737813667973,-11.0194078191881,16.));
#8127=CARTESIAN_POINT('Ctrl Pts',(-125.98841062144,-11.8991460114949,31.));
#8128=CARTESIAN_POINT('Ctrl Pts',(-125.98841062144,-11.8991460114949,16.));
#8129=CARTESIAN_POINT('Ctrl Pts',(-123.778991802593,-11.9998793922934,31.));
#8130=CARTESIAN_POINT('Ctrl Pts',(-123.778991802593,-11.9998793922934,16.));
#8131=CARTESIAN_POINT('Ctrl Pts',(-121.92885537526,-11.2846723886241,31.));
#8132=CARTESIAN_POINT('Ctrl Pts',(-121.92885537526,-11.2846723886241,16.));
#8133=CARTESIAN_POINT('',(-121.92885537526,-11.2846723886241,18.));
#8134=CARTESIAN_POINT('Ctrl Pts',(-127.737813667973,-11.0194078191881,18.));
#8135=CARTESIAN_POINT('Ctrl Pts',(-125.98841062144,-11.8991460114949,18.));
#8136=CARTESIAN_POINT('Ctrl Pts',(-123.778991802593,-11.9998793922934,18.));
#8137=CARTESIAN_POINT('Ctrl Pts',(-121.92885537526,-11.2846723886241,18.));
#8138=CARTESIAN_POINT('',(-121.92885537526,-11.2846723886241,16.));
#8139=CARTESIAN_POINT('Ctrl Pts',(-127.737813667973,-11.0194078191881,16.));
#8140=CARTESIAN_POINT('Ctrl Pts',(-125.98841062144,-11.8991460114949,16.));
#8141=CARTESIAN_POINT('Ctrl Pts',(-123.778991802593,-11.9998793922934,16.));
#8142=CARTESIAN_POINT('Ctrl Pts',(-121.92885537526,-11.2846723886241,16.));
#8143=CARTESIAN_POINT('',(-121.92885537526,-11.2846723886241,31.));
#8144=CARTESIAN_POINT('Ctrl Pts',(-121.92885537526,-11.2846723886241,31.));
#8145=CARTESIAN_POINT('Ctrl Pts',(-121.92885537526,-11.2846723886241,16.));
#8146=CARTESIAN_POINT('Ctrl Pts',(-121.022254948074,-10.9354633351893,31.));
#8147=CARTESIAN_POINT('Ctrl Pts',(-121.022254948074,-10.9354633351893,16.));
#8148=CARTESIAN_POINT('Ctrl Pts',(-120.273470150805,-10.4653742247963,31.));
#8149=CARTESIAN_POINT('Ctrl Pts',(-120.273470150805,-10.4653742247963,16.));
#8150=CARTESIAN_POINT('Ctrl Pts',(-119.615345396255,-9.84754282256557,31.));
#8151=CARTESIAN_POINT('Ctrl Pts',(-119.615345396255,-9.84754282256557,16.));
#8152=CARTESIAN_POINT('',(-119.615345396255,-9.84754282256557,18.));
#8153=CARTESIAN_POINT('Ctrl Pts',(-121.92885537526,-11.2846723886241,18.));
#8154=CARTESIAN_POINT('Ctrl Pts',(-121.022254948074,-10.9354633351893,18.));
#8155=CARTESIAN_POINT('Ctrl Pts',(-120.273470150805,-10.4653742247963,18.));
#8156=CARTESIAN_POINT('Ctrl Pts',(-119.615345396255,-9.84754282256557,18.));
#8157=CARTESIAN_POINT('',(-119.615345396255,-9.84754282256557,16.));
#8158=CARTESIAN_POINT('Ctrl Pts',(-121.92885537526,-11.2846723886241,16.));
#8159=CARTESIAN_POINT('Ctrl Pts',(-121.022254948074,-10.9354633351893,16.));
#8160=CARTESIAN_POINT('Ctrl Pts',(-120.273470150805,-10.4653742247963,16.));
#8161=CARTESIAN_POINT('Ctrl Pts',(-119.615345396255,-9.84754282256557,16.));
#8162=CARTESIAN_POINT('',(-119.615345396255,-9.84754282256557,31.));
#8163=CARTESIAN_POINT('Ctrl Pts',(-119.615345396255,-9.84754282256557,31.));
#8164=CARTESIAN_POINT('Ctrl Pts',(-119.615345396255,-9.84754282256557,16.));
#8165=CARTESIAN_POINT('Ctrl Pts',(-118.540856001071,-8.82677789714082,31.));
#8166=CARTESIAN_POINT('Ctrl Pts',(-118.540856001071,-8.82677789714082,16.));
#8167=CARTESIAN_POINT('Ctrl Pts',(-117.805502321242,-6.95985257300871,31.));
#8168=CARTESIAN_POINT('Ctrl Pts',(-117.805502321242,-6.95985257300871,16.));
#8169=CARTESIAN_POINT('Ctrl Pts',(-117.889446805241,-5.45892519911113,31.));
#8170=CARTESIAN_POINT('Ctrl Pts',(-117.889446805241,-5.45892519911113,16.));
#8171=CARTESIAN_POINT('',(-117.889446805241,-5.45892519911113,18.));
#8172=CARTESIAN_POINT('Ctrl Pts',(-119.615345396255,-9.84754282256557,18.));
#8173=CARTESIAN_POINT('Ctrl Pts',(-118.540856001071,-8.82677789714082,18.));
#8174=CARTESIAN_POINT('Ctrl Pts',(-117.805502321242,-6.95985257300871,18.));
#8175=CARTESIAN_POINT('Ctrl Pts',(-117.889446805241,-5.45892519911113,18.));
#8176=CARTESIAN_POINT('',(-117.889446805241,-5.45892519911113,16.));
#8177=CARTESIAN_POINT('Ctrl Pts',(-119.615345396255,-9.84754282256557,16.));
#8178=CARTESIAN_POINT('Ctrl Pts',(-118.540856001071,-8.82677789714082,16.));
#8179=CARTESIAN_POINT('Ctrl Pts',(-117.805502321242,-6.95985257300871,16.));
#8180=CARTESIAN_POINT('Ctrl Pts',(-117.889446805241,-5.45892519911113,16.));
#8181=CARTESIAN_POINT('',(-117.889446805241,-5.45892519911113,31.));
#8182=CARTESIAN_POINT('Ctrl Pts',(-117.889446805241,-5.45892519911113,31.));
#8183=CARTESIAN_POINT('Ctrl Pts',(-117.889446805241,-5.45892519911113,16.));
#8184=CARTESIAN_POINT('Ctrl Pts',(-117.943171275,-4.50195808152542,31.));
#8185=CARTESIAN_POINT('Ctrl Pts',(-117.943171275,-4.50195808152542,16.));
#8186=CARTESIAN_POINT('Ctrl Pts',(-118.154711374677,-3.64236656537826,31.));
#8187=CARTESIAN_POINT('Ctrl Pts',(-118.154711374677,-3.64236656537826,16.));
#8188=CARTESIAN_POINT('Ctrl Pts',(-118.517351545551,-2.91372844426914,31.));
#8189=CARTESIAN_POINT('Ctrl Pts',(-118.517351545551,-2.91372844426914,16.));
#8190=CARTESIAN_POINT('',(-118.517351545551,-2.91372844426914,18.));
#8191=CARTESIAN_POINT('Ctrl Pts',(-117.889446805241,-5.45892519911113,18.));
#8192=CARTESIAN_POINT('Ctrl Pts',(-117.943171275,-4.50195808152542,18.));
#8193=CARTESIAN_POINT('Ctrl Pts',(-118.154711374677,-3.64236656537826,18.));
#8194=CARTESIAN_POINT('Ctrl Pts',(-118.517351545551,-2.91372844426914,18.));
#8195=CARTESIAN_POINT('',(-118.517351545551,-2.91372844426914,16.));
#8196=CARTESIAN_POINT('Ctrl Pts',(-117.889446805241,-5.45892519911113,16.));
#8197=CARTESIAN_POINT('Ctrl Pts',(-117.943171275,-4.50195808152542,16.));
#8198=CARTESIAN_POINT('Ctrl Pts',(-118.154711374677,-3.64236656537826,16.));
#8199=CARTESIAN_POINT('Ctrl Pts',(-118.517351545551,-2.91372844426914,16.));
#8200=CARTESIAN_POINT('',(-118.517351545551,-2.91372844426914,31.));
#8201=CARTESIAN_POINT('Ctrl Pts',(-118.517351545551,-2.91372844426914,31.));
#8202=CARTESIAN_POINT('Ctrl Pts',(-118.517351545551,-2.91372844426914,16.));
#8203=CARTESIAN_POINT('Ctrl Pts',(-118.893422833866,-2.15822808828043,31.));
#8204=CARTESIAN_POINT('Ctrl Pts',(-118.893422833866,-2.15822808828043,16.));
#8205=CARTESIAN_POINT('Ctrl Pts',(-119.323218591939,-1.68142341916755,31.));
#8206=CARTESIAN_POINT('Ctrl Pts',(-119.323218591939,-1.68142341916755,16.));
#8207=CARTESIAN_POINT('Ctrl Pts',(-120.108938962167,-1.15425205965542,31.));
#8208=CARTESIAN_POINT('Ctrl Pts',(-120.108938962167,-1.15425205965542,16.));
#8209=CARTESIAN_POINT('',(-120.108938962167,-1.15425205965542,18.));
#8210=CARTESIAN_POINT('Ctrl Pts',(-118.517351545551,-2.91372844426914,18.));
#8211=CARTESIAN_POINT('Ctrl Pts',(-118.893422833866,-2.15822808828043,18.));
#8212=CARTESIAN_POINT('Ctrl Pts',(-119.323218591939,-1.68142341916755,18.));
#8213=CARTESIAN_POINT('Ctrl Pts',(-120.108938962167,-1.15425205965542,18.));
#8214=CARTESIAN_POINT('',(-120.108938962167,-1.15425205965542,16.));
#8215=CARTESIAN_POINT('Ctrl Pts',(-118.517351545551,-2.91372844426914,16.));
#8216=CARTESIAN_POINT('Ctrl Pts',(-118.893422833866,-2.15822808828043,16.));
#8217=CARTESIAN_POINT('Ctrl Pts',(-119.323218591939,-1.68142341916755,16.));
#8218=CARTESIAN_POINT('Ctrl Pts',(-120.108938962167,-1.15425205965542,16.));
#8219=CARTESIAN_POINT('',(-120.108938962167,-1.15425205965542,31.));
#8220=CARTESIAN_POINT('Ctrl Pts',(-120.108938962167,-1.15425205965542,31.));
#8221=CARTESIAN_POINT('Ctrl Pts',(-120.108938962167,-1.15425205965542,16.));
#8222=CARTESIAN_POINT('Ctrl Pts',(-120.817430407117,-0.680805169902492,
31.));
#8223=CARTESIAN_POINT('Ctrl Pts',(-120.817430407117,-0.680805169902492,
16.));
#8224=CARTESIAN_POINT('Ctrl Pts',(-121.421830691908,-0.439045055986105,
31.));
#8225=CARTESIAN_POINT('Ctrl Pts',(-121.421830691908,-0.439045055986105,
16.));
#8226=CARTESIAN_POINT('Ctrl Pts',(-122.526540101331,-0.193927162709764,
31.));
#8227=CARTESIAN_POINT('Ctrl Pts',(-122.526540101331,-0.193927162709764,
16.));
#8228=CARTESIAN_POINT('',(-122.526540101331,-0.193927162709764,18.));
#8229=CARTESIAN_POINT('Ctrl Pts',(-120.108938962167,-1.15425205965542,18.));
#8230=CARTESIAN_POINT('Ctrl Pts',(-120.817430407117,-0.680805169902492,
18.));
#8231=CARTESIAN_POINT('Ctrl Pts',(-121.421830691908,-0.439045055986105,
18.));
#8232=CARTESIAN_POINT('Ctrl Pts',(-122.526540101331,-0.193927162709764,
18.));
#8233=CARTESIAN_POINT('',(-122.526540101331,-0.193927162709764,16.));
#8234=CARTESIAN_POINT('Ctrl Pts',(-120.108938962167,-1.15425205965542,16.));
#8235=CARTESIAN_POINT('Ctrl Pts',(-120.817430407117,-0.680805169902492,
16.));
#8236=CARTESIAN_POINT('Ctrl Pts',(-121.421830691908,-0.439045055986105,
16.));
#8237=CARTESIAN_POINT('Ctrl Pts',(-122.526540101331,-0.193927162709764,
16.));
#8238=CARTESIAN_POINT('',(-122.526540101331,-0.193927162709764,31.));
#8239=CARTESIAN_POINT('Ctrl Pts',(-122.526540101331,-0.193927162709764,
31.));
#8240=CARTESIAN_POINT('Ctrl Pts',(-122.526540101331,-0.193927162709764,
16.));
#8241=CARTESIAN_POINT('Ctrl Pts',(-122.563475674291,-0.183853824629916,
31.));
#8242=CARTESIAN_POINT('Ctrl Pts',(-122.563475674291,-0.183853824629916,
16.));
#8243=CARTESIAN_POINT('Ctrl Pts',(-122.64070459957,-0.177138265910015,31.));
#8244=CARTESIAN_POINT('Ctrl Pts',(-122.64070459957,-0.177138265910015,16.));
#8245=CARTESIAN_POINT('Ctrl Pts',(-122.701144628049,-0.173780486550066,
31.));
#8246=CARTESIAN_POINT('Ctrl Pts',(-122.701144628049,-0.173780486550066,
16.));
#8247=CARTESIAN_POINT('',(-122.701144628049,-0.173780486550066,18.));
#8248=CARTESIAN_POINT('Ctrl Pts',(-122.526540101331,-0.193927162709764,
18.));
#8249=CARTESIAN_POINT('Ctrl Pts',(-122.563475674291,-0.183853824629916,
18.));
#8250=CARTESIAN_POINT('Ctrl Pts',(-122.64070459957,-0.177138265910015,18.));
#8251=CARTESIAN_POINT('Ctrl Pts',(-122.701144628049,-0.173780486550066,
18.));
#8252=CARTESIAN_POINT('',(-122.701144628049,-0.173780486550066,16.));
#8253=CARTESIAN_POINT('Ctrl Pts',(-122.526540101331,-0.193927162709764,
16.));
#8254=CARTESIAN_POINT('Ctrl Pts',(-122.563475674291,-0.183853824629916,
16.));
#8255=CARTESIAN_POINT('Ctrl Pts',(-122.64070459957,-0.177138265910015,16.));
#8256=CARTESIAN_POINT('Ctrl Pts',(-122.701144628049,-0.173780486550066,
16.));
#8257=CARTESIAN_POINT('',(-122.701144628049,-0.173780486550066,31.));
#8258=CARTESIAN_POINT('Origin',(-122.701144628049,-0.173780486550066,31.));
#8259=CARTESIAN_POINT('',(-122.808593567567,-0.170422707190118,18.));
#8260=CARTESIAN_POINT('',(-145.288132472606,0.532062883591959,18.));
#8261=CARTESIAN_POINT('',(-122.808593567567,-0.170422707190118,16.));
#8262=CARTESIAN_POINT('',(-122.808593567567,-0.170422707190118,16.));
#8263=CARTESIAN_POINT('',(-122.808593567567,-0.170422707190118,31.));
#8264=CARTESIAN_POINT('Ctrl Pts',(-131.448159860718,-9.11890470145646,31.));
#8265=CARTESIAN_POINT('Ctrl Pts',(-131.448159860718,-9.11890470145646,16.));
#8266=CARTESIAN_POINT('Ctrl Pts',(-132.079422380389,-7.96047082227376,31.));
#8267=CARTESIAN_POINT('Ctrl Pts',(-132.079422380389,-7.96047082227376,16.));
#8268=CARTESIAN_POINT('Ctrl Pts',(-132.348044729185,-6.90612810324951,31.));
#8269=CARTESIAN_POINT('Ctrl Pts',(-132.348044729185,-6.90612810324951,16.));
#8270=CARTESIAN_POINT('Ctrl Pts',(-132.348044729185,-5.57644747670937,31.));
#8271=CARTESIAN_POINT('Ctrl Pts',(-132.348044729185,-5.57644747670937,16.));
#8272=CARTESIAN_POINT('',(-131.448159860718,-9.11890470145646,16.));
#8273=CARTESIAN_POINT('',(-131.448159860718,-9.11890470145646,31.));
#8274=CARTESIAN_POINT('',(-132.348044729185,-5.57644747670937,16.));
#8275=CARTESIAN_POINT('Ctrl Pts',(-131.448159860718,-9.11890470145646,16.));
#8276=CARTESIAN_POINT('Ctrl Pts',(-132.079422380389,-7.96047082227376,16.));
#8277=CARTESIAN_POINT('Ctrl Pts',(-132.348044729185,-6.90612810324951,16.));
#8278=CARTESIAN_POINT('Ctrl Pts',(-132.348044729185,-5.57644747670937,16.));
#8279=CARTESIAN_POINT('',(-132.348044729185,-5.57644747670937,31.));
#8280=CARTESIAN_POINT('Ctrl Pts',(-132.348044729185,-5.57644747670937,31.));
#8281=CARTESIAN_POINT('Ctrl Pts',(-132.348044729185,-5.57644747670937,16.));
#8282=CARTESIAN_POINT('Ctrl Pts',(-132.348044729185,-4.46502250856597,31.));
#8283=CARTESIAN_POINT('Ctrl Pts',(-132.348044729185,-4.46502250856597,16.));
#8284=CARTESIAN_POINT('Ctrl Pts',(-132.156651305667,-3.56177986073946,31.));
#8285=CARTESIAN_POINT('Ctrl Pts',(-132.156651305667,-3.56177986073946,16.));
#8286=CARTESIAN_POINT('Ctrl Pts',(-131.730213326954,-2.67196833035275,31.));
#8287=CARTESIAN_POINT('Ctrl Pts',(-131.730213326954,-2.67196833035275,16.));
#8288=CARTESIAN_POINT('',(-131.730213326954,-2.67196833035275,16.));
#8289=CARTESIAN_POINT('Ctrl Pts',(-132.348044729185,-5.57644747670937,16.));
#8290=CARTESIAN_POINT('Ctrl Pts',(-132.348044729185,-4.46502250856597,16.));
#8291=CARTESIAN_POINT('Ctrl Pts',(-132.156651305667,-3.56177986073946,16.));
#8292=CARTESIAN_POINT('Ctrl Pts',(-131.730213326954,-2.67196833035275,16.));
#8293=CARTESIAN_POINT('',(-131.730213326954,-2.67196833035275,31.));
#8294=CARTESIAN_POINT('Ctrl Pts',(-131.730213326954,-2.67196833035275,31.));
#8295=CARTESIAN_POINT('Ctrl Pts',(-131.730213326954,-2.67196833035275,16.));
#8296=CARTESIAN_POINT('Ctrl Pts',(-131.031795220084,-1.21133430877457,31.));
#8297=CARTESIAN_POINT('Ctrl Pts',(-131.031795220084,-1.21133430877457,16.));
#8298=CARTESIAN_POINT('Ctrl Pts',(-129.920370251941,-0.170422707190119,
31.));
#8299=CARTESIAN_POINT('Ctrl Pts',(-129.920370251941,-0.170422707190119,
16.));
#8300=CARTESIAN_POINT('Ctrl Pts',(-128.335498394045,0.501133164799852,31.));
#8301=CARTESIAN_POINT('Ctrl Pts',(-128.335498394045,0.501133164799852,16.));
#8302=CARTESIAN_POINT('',(-128.335498394045,0.501133164799852,16.));
#8303=CARTESIAN_POINT('Ctrl Pts',(-131.730213326954,-2.67196833035275,16.));
#8304=CARTESIAN_POINT('Ctrl Pts',(-131.031795220084,-1.21133430877457,16.));
#8305=CARTESIAN_POINT('Ctrl Pts',(-129.920370251941,-0.170422707190119,
16.));
#8306=CARTESIAN_POINT('Ctrl Pts',(-128.335498394045,0.501133164799852,16.));
#8307=CARTESIAN_POINT('',(-128.335498394045,0.501133164799852,31.));
#8308=CARTESIAN_POINT('Ctrl Pts',(-128.335498394045,0.501133164799852,31.));
#8309=CARTESIAN_POINT('Ctrl Pts',(-128.335498394045,0.501133164799852,16.));
#8310=CARTESIAN_POINT('Ctrl Pts',(-127.97285822317,0.652233235997595,31.));
#8311=CARTESIAN_POINT('Ctrl Pts',(-127.97285822317,0.652233235997595,16.));
#8312=CARTESIAN_POINT('Ctrl Pts',(-127.230788984621,0.900708908633885,31.));
#8313=CARTESIAN_POINT('Ctrl Pts',(-127.230788984621,0.900708908633885,16.));
#8314=CARTESIAN_POINT('Ctrl Pts',(-126.898368827986,0.981295613272681,31.));
#8315=CARTESIAN_POINT('Ctrl Pts',(-126.898368827986,0.981295613272681,16.));
#8316=CARTESIAN_POINT('',(-126.898368827986,0.981295613272681,16.));
#8317=CARTESIAN_POINT('Ctrl Pts',(-128.335498394045,0.501133164799852,16.));
#8318=CARTESIAN_POINT('Ctrl Pts',(-127.97285822317,0.652233235997595,16.));
#8319=CARTESIAN_POINT('Ctrl Pts',(-127.230788984621,0.900708908633885,16.));
#8320=CARTESIAN_POINT('Ctrl Pts',(-126.898368827986,0.981295613272681,16.));
#8321=CARTESIAN_POINT('',(-126.898368827986,0.981295613272681,31.));
#8322=CARTESIAN_POINT('Ctrl Pts',(-126.898368827986,0.981295613272681,31.));
#8323=CARTESIAN_POINT('Ctrl Pts',(-126.898368827986,0.981295613272681,16.));
#8324=CARTESIAN_POINT('Ctrl Pts',(-126.884937710546,0.984653392632633,31.));
#8325=CARTESIAN_POINT('Ctrl Pts',(-126.884937710546,0.984653392632633,16.));
#8326=CARTESIAN_POINT('Ctrl Pts',(-127.012533326224,1.10217567023088,31.));
#8327=CARTESIAN_POINT('Ctrl Pts',(-127.012533326224,1.10217567023088,16.));
#8328=CARTESIAN_POINT('Ctrl Pts',(-127.183780073582,1.24320240334877,31.));
#8329=CARTESIAN_POINT('Ctrl Pts',(-127.183780073582,1.24320240334877,16.));
#8330=CARTESIAN_POINT('',(-127.183780073582,1.24320240334877,16.));
#8331=CARTESIAN_POINT('Ctrl Pts',(-126.898368827986,0.981295613272681,16.));
#8332=CARTESIAN_POINT('Ctrl Pts',(-126.884937710546,0.984653392632633,16.));
#8333=CARTESIAN_POINT('Ctrl Pts',(-127.012533326224,1.10217567023088,16.));
#8334=CARTESIAN_POINT('Ctrl Pts',(-127.183780073582,1.24320240334877,16.));
#8335=CARTESIAN_POINT('',(-127.183780073582,1.24320240334877,31.));
#8336=CARTESIAN_POINT('Ctrl Pts',(-127.183780073582,1.24320240334877,31.));
#8337=CARTESIAN_POINT('Ctrl Pts',(-127.183780073582,1.24320240334877,16.));
#8338=CARTESIAN_POINT('Ctrl Pts',(-127.606860272935,1.5890536774236,31.));
#8339=CARTESIAN_POINT('Ctrl Pts',(-127.606860272935,1.5890536774236,16.));
#8340=CARTESIAN_POINT('Ctrl Pts',(-127.97285822317,1.93490495149844,31.));
#8341=CARTESIAN_POINT('Ctrl Pts',(-127.97285822317,1.93490495149844,16.));
#8342=CARTESIAN_POINT('Ctrl Pts',(-128.275058365565,2.27739844621332,31.));
#8343=CARTESIAN_POINT('Ctrl Pts',(-128.275058365565,2.27739844621332,16.));
#8344=CARTESIAN_POINT('',(-128.275058365565,2.27739844621332,16.));
#8345=CARTESIAN_POINT('Ctrl Pts',(-127.183780073582,1.24320240334877,16.));
#8346=CARTESIAN_POINT('Ctrl Pts',(-127.606860272935,1.5890536774236,16.));
#8347=CARTESIAN_POINT('Ctrl Pts',(-127.97285822317,1.93490495149844,16.));
#8348=CARTESIAN_POINT('Ctrl Pts',(-128.275058365565,2.27739844621332,16.));
#8349=CARTESIAN_POINT('',(-128.275058365565,2.27739844621332,31.));
#8350=CARTESIAN_POINT('Ctrl Pts',(-128.275058365565,2.27739844621332,31.));
#8351=CARTESIAN_POINT('Ctrl Pts',(-128.275058365565,2.27739844621332,16.));
#8352=CARTESIAN_POINT('Ctrl Pts',(-128.577258507961,2.61653416156825,31.));
#8353=CARTESIAN_POINT('Ctrl Pts',(-128.577258507961,2.61653416156825,16.));
#8354=CARTESIAN_POINT('Ctrl Pts',(-128.580616287321,2.60981860284836,31.));
#8355=CARTESIAN_POINT('Ctrl Pts',(-128.580616287321,2.60981860284836,16.));
#8356=CARTESIAN_POINT('Ctrl Pts',(-128.033298251649,2.61317638220831,31.));
#8357=CARTESIAN_POINT('Ctrl Pts',(-128.033298251649,2.61317638220831,16.));
#8358=CARTESIAN_POINT('',(-128.033298251649,2.61317638220831,16.));
#8359=CARTESIAN_POINT('Ctrl Pts',(-128.275058365565,2.27739844621332,16.));
#8360=CARTESIAN_POINT('Ctrl Pts',(-128.577258507961,2.61653416156825,16.));
#8361=CARTESIAN_POINT('Ctrl Pts',(-128.580616287321,2.60981860284836,16.));
#8362=CARTESIAN_POINT('Ctrl Pts',(-128.033298251649,2.61317638220831,16.));
#8363=CARTESIAN_POINT('',(-128.033298251649,2.61317638220831,31.));
#8364=CARTESIAN_POINT('Ctrl Pts',(-128.033298251649,2.61317638220831,31.));
#8365=CARTESIAN_POINT('Ctrl Pts',(-128.033298251649,2.61317638220831,16.));
#8366=CARTESIAN_POINT('Ctrl Pts',(-127.630364728455,2.61653416156825,31.));
#8367=CARTESIAN_POINT('Ctrl Pts',(-127.630364728455,2.61653416156825,16.));
#8368=CARTESIAN_POINT('Ctrl Pts',(-127.096477810223,2.54937857436926,31.));
#8369=CARTESIAN_POINT('Ctrl Pts',(-127.096477810223,2.54937857436926,16.));
#8370=CARTESIAN_POINT('Ctrl Pts',(-126.807708785267,2.46207631101056,31.));
#8371=CARTESIAN_POINT('Ctrl Pts',(-126.807708785267,2.46207631101056,16.));
#8372=CARTESIAN_POINT('',(-126.807708785267,2.46207631101056,16.));
#8373=CARTESIAN_POINT('Ctrl Pts',(-128.033298251649,2.61317638220831,16.));
#8374=CARTESIAN_POINT('Ctrl Pts',(-127.630364728455,2.61653416156825,16.));
#8375=CARTESIAN_POINT('Ctrl Pts',(-127.096477810223,2.54937857436926,16.));
#8376=CARTESIAN_POINT('Ctrl Pts',(-126.807708785267,2.46207631101056,16.));
#8377=CARTESIAN_POINT('',(-126.807708785267,2.46207631101056,31.));
#8378=CARTESIAN_POINT('Ctrl Pts',(-126.807708785267,2.46207631101056,31.));
#8379=CARTESIAN_POINT('Ctrl Pts',(-126.807708785267,2.46207631101056,16.));
#8380=CARTESIAN_POINT('Ctrl Pts',(-126.330904116154,2.32104957789267,31.));
#8381=CARTESIAN_POINT('Ctrl Pts',(-126.330904116154,2.32104957789267,16.));
#8382=CARTESIAN_POINT('Ctrl Pts',(-125.719788272644,2.02892277357703,31.));
#8383=CARTESIAN_POINT('Ctrl Pts',(-125.719788272644,2.02892277357703,16.));
#8384=CARTESIAN_POINT('Ctrl Pts',(-125.28999251457,1.7367959692614,31.));
#8385=CARTESIAN_POINT('Ctrl Pts',(-125.28999251457,1.7367959692614,16.));
#8386=CARTESIAN_POINT('',(-125.28999251457,1.7367959692614,16.));
#8387=CARTESIAN_POINT('Ctrl Pts',(-126.807708785267,2.46207631101056,16.));
#8388=CARTESIAN_POINT('Ctrl Pts',(-126.330904116154,2.32104957789267,16.));
#8389=CARTESIAN_POINT('Ctrl Pts',(-125.719788272644,2.02892277357703,16.));
#8390=CARTESIAN_POINT('Ctrl Pts',(-125.28999251457,1.7367959692614,16.));
#8391=CARTESIAN_POINT('',(-125.28999251457,1.7367959692614,31.));
#8392=CARTESIAN_POINT('Ctrl Pts',(-125.28999251457,1.7367959692614,31.));
#8393=CARTESIAN_POINT('Ctrl Pts',(-125.28999251457,1.7367959692614,16.));
#8394=CARTESIAN_POINT('Ctrl Pts',(-125.028085724494,1.562191442544,31.));
#8395=CARTESIAN_POINT('Ctrl Pts',(-125.028085724494,1.562191442544,16.));
#8396=CARTESIAN_POINT('Ctrl Pts',(-124.991150151534,1.54540254574425,31.));
#8397=CARTESIAN_POINT('Ctrl Pts',(-124.991150151534,1.54540254574425,16.));
#8398=CARTESIAN_POINT('Ctrl Pts',(-124.967645696015,1.59912701550345,31.));
#8399=CARTESIAN_POINT('Ctrl Pts',(-124.967645696015,1.59912701550345,16.));
#8400=CARTESIAN_POINT('',(-124.967645696015,1.59912701550345,16.));
#8401=CARTESIAN_POINT('Ctrl Pts',(-125.28999251457,1.7367959692614,16.));
#8402=CARTESIAN_POINT('Ctrl Pts',(-125.028085724494,1.562191442544,16.));
#8403=CARTESIAN_POINT('Ctrl Pts',(-124.991150151534,1.54540254574425,16.));
#8404=CARTESIAN_POINT('Ctrl Pts',(-124.967645696015,1.59912701550345,16.));
#8405=CARTESIAN_POINT('',(-124.967645696015,1.59912701550345,31.));
#8406=CARTESIAN_POINT('Ctrl Pts',(-124.967645696015,1.59912701550345,31.));
#8407=CARTESIAN_POINT('Ctrl Pts',(-124.967645696015,1.59912701550345,16.));
#8408=CARTESIAN_POINT('Ctrl Pts',(-124.954214578575,1.63270480910295,31.));
#8409=CARTESIAN_POINT('Ctrl Pts',(-124.954214578575,1.63270480910295,16.));
#8410=CARTESIAN_POINT('Ctrl Pts',(-124.944141240495,1.93154717213849,31.));
#8411=CARTESIAN_POINT('Ctrl Pts',(-124.944141240495,1.93154717213849,16.));
#8412=CARTESIAN_POINT('Ctrl Pts',(-124.947499019855,2.26396732877352,31.));
#8413=CARTESIAN_POINT('Ctrl Pts',(-124.947499019855,2.26396732877352,16.));
#8414=CARTESIAN_POINT('',(-124.947499019855,2.26396732877352,16.));
#8415=CARTESIAN_POINT('Ctrl Pts',(-124.967645696015,1.59912701550345,16.));
#8416=CARTESIAN_POINT('Ctrl Pts',(-124.954214578575,1.63270480910295,16.));
#8417=CARTESIAN_POINT('Ctrl Pts',(-124.944141240495,1.93154717213849,16.));
#8418=CARTESIAN_POINT('Ctrl Pts',(-124.947499019855,2.26396732877352,16.));
#8419=CARTESIAN_POINT('',(-124.947499019855,2.26396732877352,31.));
#8420=CARTESIAN_POINT('Ctrl Pts',(-124.947499019855,2.26396732877352,31.));
#8421=CARTESIAN_POINT('Ctrl Pts',(-124.947499019855,2.26396732877352,16.));
#8422=CARTESIAN_POINT('Ctrl Pts',(-124.950856799215,3.11348550684083,31.));
#8423=CARTESIAN_POINT('Ctrl Pts',(-124.950856799215,3.11348550684083,16.));
#8424=CARTESIAN_POINT('Ctrl Pts',(-125.018012386414,3.51977680939477,31.));
#8425=CARTESIAN_POINT('Ctrl Pts',(-125.018012386414,3.51977680939477,16.));
#8426=CARTESIAN_POINT('Ctrl Pts',(-125.28663473521,4.25513048922378,31.));
#8427=CARTESIAN_POINT('Ctrl Pts',(-125.28663473521,4.25513048922378,16.));
#8428=CARTESIAN_POINT('',(-125.28663473521,4.25513048922378,16.));
#8429=CARTESIAN_POINT('Ctrl Pts',(-124.947499019855,2.26396732877352,16.));
#8430=CARTESIAN_POINT('Ctrl Pts',(-124.950856799215,3.11348550684083,16.));
#8431=CARTESIAN_POINT('Ctrl Pts',(-125.018012386414,3.51977680939477,16.));
#8432=CARTESIAN_POINT('Ctrl Pts',(-125.28663473521,4.25513048922378,16.));
#8433=CARTESIAN_POINT('',(-125.28663473521,4.25513048922378,31.));
#8434=CARTESIAN_POINT('Ctrl Pts',(-125.28663473521,4.25513048922378,31.));
#8435=CARTESIAN_POINT('Ctrl Pts',(-125.28663473521,4.25513048922378,16.));
#8436=CARTESIAN_POINT('Ctrl Pts',(-125.434377027048,4.65470623305781,31.));
#8437=CARTESIAN_POINT('Ctrl Pts',(-125.434377027048,4.65470623305781,16.));
#8438=CARTESIAN_POINT('Ctrl Pts',(-125.437734806408,4.67149512985756,31.));
#8439=CARTESIAN_POINT('Ctrl Pts',(-125.437734806408,4.67149512985756,16.));
#8440=CARTESIAN_POINT('Ctrl Pts',(-125.377294777929,4.71850404089686,31.));
#8441=CARTESIAN_POINT('Ctrl Pts',(-125.377294777929,4.71850404089686,16.));
#8442=CARTESIAN_POINT('',(-125.377294777929,4.71850404089686,16.));
#8443=CARTESIAN_POINT('Ctrl Pts',(-125.28663473521,4.25513048922378,16.));
#8444=CARTESIAN_POINT('Ctrl Pts',(-125.434377027048,4.65470623305781,16.));
#8445=CARTESIAN_POINT('Ctrl Pts',(-125.437734806408,4.67149512985756,16.));
#8446=CARTESIAN_POINT('Ctrl Pts',(-125.377294777929,4.71850404089686,16.));
#8447=CARTESIAN_POINT('',(-125.377294777929,4.71850404089686,31.));
#8448=CARTESIAN_POINT('Ctrl Pts',(-125.377294777929,4.71850404089686,31.));
#8449=CARTESIAN_POINT('Ctrl Pts',(-125.377294777929,4.71850404089686,16.));
#8450=CARTESIAN_POINT('Ctrl Pts',(-125.236268044811,4.82595298041525,31.));
#8451=CARTESIAN_POINT('Ctrl Pts',(-125.236268044811,4.82595298041525,16.));
#8452=CARTESIAN_POINT('Ctrl Pts',(-124.900490108816,4.9971997277727,31.));
#8453=CARTESIAN_POINT('Ctrl Pts',(-124.900490108816,4.9971997277727,16.));
#8454=CARTESIAN_POINT('Ctrl Pts',(-124.729243361458,5.04756641817195,31.));
#8455=CARTESIAN_POINT('Ctrl Pts',(-124.729243361458,5.04756641817195,16.));
#8456=CARTESIAN_POINT('',(-124.729243361458,5.04756641817195,16.));
#8457=CARTESIAN_POINT('Ctrl Pts',(-125.377294777929,4.71850404089686,16.));
#8458=CARTESIAN_POINT('Ctrl Pts',(-125.236268044811,4.82595298041525,16.));
#8459=CARTESIAN_POINT('Ctrl Pts',(-124.900490108816,4.9971997277727,16.));
#8460=CARTESIAN_POINT('Ctrl Pts',(-124.729243361458,5.04756641817195,16.));
#8461=CARTESIAN_POINT('',(-124.729243361458,5.04756641817195,31.));
#8462=CARTESIAN_POINT('Ctrl Pts',(-124.729243361458,5.04756641817195,31.));
#8463=CARTESIAN_POINT('Ctrl Pts',(-124.729243361458,5.04756641817195,16.));
#8464=CARTESIAN_POINT('Ctrl Pts',(-124.440474336503,5.13151090217069,31.));
#8465=CARTESIAN_POINT('Ctrl Pts',(-124.440474336503,5.13151090217069,16.));
#8466=CARTESIAN_POINT('Ctrl Pts',(-124.410254322263,5.12479534345079,31.));
#8467=CARTESIAN_POINT('Ctrl Pts',(-124.410254322263,5.12479534345079,16.));
#8468=CARTESIAN_POINT('Ctrl Pts',(-124.272585368505,4.91325524377395,31.));
#8469=CARTESIAN_POINT('Ctrl Pts',(-124.272585368505,4.91325524377395,16.));
#8470=CARTESIAN_POINT('',(-124.272585368505,4.91325524377395,16.));
#8471=CARTESIAN_POINT('Ctrl Pts',(-124.729243361458,5.04756641817195,16.));
#8472=CARTESIAN_POINT('Ctrl Pts',(-124.440474336503,5.13151090217069,16.));
#8473=CARTESIAN_POINT('Ctrl Pts',(-124.410254322263,5.12479534345079,16.));
#8474=CARTESIAN_POINT('Ctrl Pts',(-124.272585368505,4.91325524377395,16.));
#8475=CARTESIAN_POINT('',(-124.272585368505,4.91325524377395,31.));
#8476=CARTESIAN_POINT('Ctrl Pts',(-127.627006949095,-0.573356230384099,
31.));
#8477=CARTESIAN_POINT('Ctrl Pts',(-127.627006949095,-0.573356230384099,
16.));
#8478=CARTESIAN_POINT('Ctrl Pts',(-128.923109782036,-1.01994088525743,31.));
#8479=CARTESIAN_POINT('Ctrl Pts',(-128.923109782036,-1.01994088525743,16.));
#8480=CARTESIAN_POINT('Ctrl Pts',(-130.021103632739,-1.93325687116379,31.));
#8481=CARTESIAN_POINT('Ctrl Pts',(-130.021103632739,-1.93325687116379,16.));
#8482=CARTESIAN_POINT('Ctrl Pts',(-130.561706109691,-3.00774626634774,31.));
#8483=CARTESIAN_POINT('Ctrl Pts',(-130.561706109691,-3.00774626634774,16.));
#8484=CARTESIAN_POINT('',(-127.627006949095,-0.573356230384099,18.));
#8485=CARTESIAN_POINT('Ctrl Pts',(-127.627006949095,-0.573356230384099,
18.));
#8486=CARTESIAN_POINT('Ctrl Pts',(-128.923109782036,-1.01994088525743,18.));
#8487=CARTESIAN_POINT('Ctrl Pts',(-130.021103632739,-1.93325687116379,18.));
#8488=CARTESIAN_POINT('Ctrl Pts',(-130.561706109691,-3.00774626634774,18.));
#8489=CARTESIAN_POINT('',(-127.627006949095,-0.573356230384099,16.));
#8490=CARTESIAN_POINT('',(-127.627006949095,-0.573356230384099,31.));
#8491=CARTESIAN_POINT('Ctrl Pts',(-127.627006949095,-0.573356230384099,
16.));
#8492=CARTESIAN_POINT('Ctrl Pts',(-128.923109782036,-1.01994088525743,16.));
#8493=CARTESIAN_POINT('Ctrl Pts',(-130.021103632739,-1.93325687116379,16.));
#8494=CARTESIAN_POINT('Ctrl Pts',(-130.561706109691,-3.00774626634774,16.));
#8495=CARTESIAN_POINT('Ctrl Pts',(-126.203308500476,-0.237578294389116,
31.));
#8496=CARTESIAN_POINT('Ctrl Pts',(-126.203308500476,-0.237578294389116,
16.));
#8497=CARTESIAN_POINT('Ctrl Pts',(-126.203308500476,-0.173780486550066,
31.));
#8498=CARTESIAN_POINT('Ctrl Pts',(-126.203308500476,-0.173780486550066,
16.));
#8499=CARTESIAN_POINT('Ctrl Pts',(-127.029322223024,-0.368531689427158,
31.));
#8500=CARTESIAN_POINT('Ctrl Pts',(-127.029322223024,-0.368531689427158,
16.));
#8501=CARTESIAN_POINT('Ctrl Pts',(-127.627006949095,-0.573356230384099,
31.));
#8502=CARTESIAN_POINT('Ctrl Pts',(-127.627006949095,-0.573356230384099,
16.));
#8503=CARTESIAN_POINT('',(-126.203308500476,-0.237578294389116,18.));
#8504=CARTESIAN_POINT('Ctrl Pts',(-126.203308500476,-0.237578294389116,
18.));
#8505=CARTESIAN_POINT('Ctrl Pts',(-126.203308500476,-0.173780486550066,
18.));
#8506=CARTESIAN_POINT('Ctrl Pts',(-127.029322223024,-0.368531689427158,
18.));
#8507=CARTESIAN_POINT('Ctrl Pts',(-127.627006949095,-0.573356230384099,
18.));
#8508=CARTESIAN_POINT('',(-126.203308500476,-0.237578294389116,16.));
#8509=CARTESIAN_POINT('',(-126.203308500476,-0.237578294389116,31.));
#8510=CARTESIAN_POINT('Ctrl Pts',(-126.203308500476,-0.237578294389116,
16.));
#8511=CARTESIAN_POINT('Ctrl Pts',(-126.203308500476,-0.173780486550066,
16.));
#8512=CARTESIAN_POINT('Ctrl Pts',(-127.029322223024,-0.368531689427158,
16.));
#8513=CARTESIAN_POINT('Ctrl Pts',(-127.627006949095,-0.573356230384099,
16.));
#8514=CARTESIAN_POINT('Ctrl Pts',(-126.340977454234,-0.627080700143294,
31.));
#8515=CARTESIAN_POINT('Ctrl Pts',(-126.340977454234,-0.627080700143294,
16.));
#8516=CARTESIAN_POINT('Ctrl Pts',(-126.267106308315,-0.425613938546303,
31.));
#8517=CARTESIAN_POINT('Ctrl Pts',(-126.267106308315,-0.425613938546303,
16.));
#8518=CARTESIAN_POINT('Ctrl Pts',(-126.203308500476,-0.247651632468964,
31.));
#8519=CARTESIAN_POINT('Ctrl Pts',(-126.203308500476,-0.247651632468964,
16.));
#8520=CARTESIAN_POINT('Ctrl Pts',(-126.203308500476,-0.237578294389116,
31.));
#8521=CARTESIAN_POINT('Ctrl Pts',(-126.203308500476,-0.237578294389116,
16.));
#8522=CARTESIAN_POINT('',(-126.340977454234,-0.627080700143294,18.));
#8523=CARTESIAN_POINT('Ctrl Pts',(-126.340977454234,-0.627080700143294,
18.));
#8524=CARTESIAN_POINT('Ctrl Pts',(-126.267106308315,-0.425613938546303,
18.));
#8525=CARTESIAN_POINT('Ctrl Pts',(-126.203308500476,-0.247651632468964,
18.));
#8526=CARTESIAN_POINT('Ctrl Pts',(-126.203308500476,-0.237578294389116,
18.));
#8527=CARTESIAN_POINT('',(-126.340977454234,-0.627080700143294,16.));
#8528=CARTESIAN_POINT('',(-126.340977454234,-0.627080700143294,31.));
#8529=CARTESIAN_POINT('Ctrl Pts',(-126.340977454234,-0.627080700143294,
16.));
#8530=CARTESIAN_POINT('Ctrl Pts',(-126.267106308315,-0.425613938546303,
16.));
#8531=CARTESIAN_POINT('Ctrl Pts',(-126.203308500476,-0.247651632468964,
16.));
#8532=CARTESIAN_POINT('Ctrl Pts',(-126.203308500476,-0.237578294389116,
16.));
#8533=CARTESIAN_POINT('Ctrl Pts',(-126.696902066389,-2.13808141212073,31.));
#8534=CARTESIAN_POINT('Ctrl Pts',(-126.696902066389,-2.13808141212073,16.));
#8535=CARTESIAN_POINT('Ctrl Pts',(-126.757342094868,-2.07764138364163,31.));
#8536=CARTESIAN_POINT('Ctrl Pts',(-126.757342094868,-2.07764138364163,16.));
#8537=CARTESIAN_POINT('Ctrl Pts',(-126.542444215831,-1.15425205965542,31.));
#8538=CARTESIAN_POINT('Ctrl Pts',(-126.542444215831,-1.15425205965542,16.));
#8539=CARTESIAN_POINT('Ctrl Pts',(-126.340977454234,-0.627080700143294,
31.));
#8540=CARTESIAN_POINT('Ctrl Pts',(-126.340977454234,-0.627080700143294,
16.));
#8541=CARTESIAN_POINT('',(-126.696902066389,-2.13808141212073,18.));
#8542=CARTESIAN_POINT('Ctrl Pts',(-126.696902066389,-2.13808141212073,18.));
#8543=CARTESIAN_POINT('Ctrl Pts',(-126.757342094868,-2.07764138364163,18.));
#8544=CARTESIAN_POINT('Ctrl Pts',(-126.542444215831,-1.15425205965542,18.));
#8545=CARTESIAN_POINT('Ctrl Pts',(-126.340977454234,-0.627080700143294,
18.));
#8546=CARTESIAN_POINT('',(-126.696902066389,-2.13808141212073,16.));
#8547=CARTESIAN_POINT('',(-126.696902066389,-2.13808141212073,31.));
#8548=CARTESIAN_POINT('Ctrl Pts',(-126.696902066389,-2.13808141212073,16.));
#8549=CARTESIAN_POINT('Ctrl Pts',(-126.757342094868,-2.07764138364163,16.));
#8550=CARTESIAN_POINT('Ctrl Pts',(-126.542444215831,-1.15425205965542,16.));
#8551=CARTESIAN_POINT('Ctrl Pts',(-126.340977454234,-0.627080700143294,
16.));
#8552=CARTESIAN_POINT('Ctrl Pts',(-124.547923276021,-0.77482299198109,31.));
#8553=CARTESIAN_POINT('Ctrl Pts',(-124.547923276021,-0.77482299198109,16.));
#8554=CARTESIAN_POINT('Ctrl Pts',(-124.64865665682,-0.919207504458932,31.));
#8555=CARTESIAN_POINT('Ctrl Pts',(-124.64865665682,-0.919207504458932,16.));
#8556=CARTESIAN_POINT('Ctrl Pts',(-126.64653537599,-2.18844810251998,31.));
#8557=CARTESIAN_POINT('Ctrl Pts',(-126.64653537599,-2.18844810251998,16.));
#8558=CARTESIAN_POINT('Ctrl Pts',(-126.696902066389,-2.13808141212073,31.));
#8559=CARTESIAN_POINT('Ctrl Pts',(-126.696902066389,-2.13808141212073,16.));
#8560=CARTESIAN_POINT('',(-124.547923276021,-0.77482299198109,18.));
#8561=CARTESIAN_POINT('Ctrl Pts',(-124.547923276021,-0.77482299198109,18.));
#8562=CARTESIAN_POINT('Ctrl Pts',(-124.64865665682,-0.919207504458932,18.));
#8563=CARTESIAN_POINT('Ctrl Pts',(-126.64653537599,-2.18844810251998,18.));
#8564=CARTESIAN_POINT('Ctrl Pts',(-126.696902066389,-2.13808141212073,18.));
#8565=CARTESIAN_POINT('',(-124.547923276021,-0.77482299198109,16.));
#8566=CARTESIAN_POINT('',(-124.547923276021,-0.77482299198109,31.));
#8567=CARTESIAN_POINT('Ctrl Pts',(-124.547923276021,-0.77482299198109,16.));
#8568=CARTESIAN_POINT('Ctrl Pts',(-124.64865665682,-0.919207504458932,16.));
#8569=CARTESIAN_POINT('Ctrl Pts',(-126.64653537599,-2.18844810251998,16.));
#8570=CARTESIAN_POINT('Ctrl Pts',(-126.696902066389,-2.13808141212073,16.));
#8571=CARTESIAN_POINT('Ctrl Pts',(-124.269227589145,-0.892345269579335,
31.));
#8572=CARTESIAN_POINT('Ctrl Pts',(-124.269227589145,-0.892345269579335,
16.));
#8573=CARTESIAN_POINT('Ctrl Pts',(-124.490841026902,-0.717740742861941,
31.));
#8574=CARTESIAN_POINT('Ctrl Pts',(-124.490841026902,-0.717740742861941,
16.));
#8575=CARTESIAN_POINT('Ctrl Pts',(-124.504272144342,-0.71102518414204,31.));
#8576=CARTESIAN_POINT('Ctrl Pts',(-124.504272144342,-0.71102518414204,16.));
#8577=CARTESIAN_POINT('Ctrl Pts',(-124.547923276021,-0.77482299198109,31.));
#8578=CARTESIAN_POINT('Ctrl Pts',(-124.547923276021,-0.77482299198109,16.));
#8579=CARTESIAN_POINT('',(-124.269227589145,-0.892345269579335,18.));
#8580=CARTESIAN_POINT('Ctrl Pts',(-124.269227589145,-0.892345269579335,
18.));
#8581=CARTESIAN_POINT('Ctrl Pts',(-124.490841026902,-0.717740742861941,
18.));
#8582=CARTESIAN_POINT('Ctrl Pts',(-124.504272144342,-0.71102518414204,18.));
#8583=CARTESIAN_POINT('Ctrl Pts',(-124.547923276021,-0.77482299198109,18.));
#8584=CARTESIAN_POINT('',(-124.269227589145,-0.892345269579335,16.));
#8585=CARTESIAN_POINT('',(-124.269227589145,-0.892345269579335,31.));
#8586=CARTESIAN_POINT('Ctrl Pts',(-124.269227589145,-0.892345269579335,
16.));
#8587=CARTESIAN_POINT('Ctrl Pts',(-124.490841026902,-0.717740742861941,
16.));
#8588=CARTESIAN_POINT('Ctrl Pts',(-124.504272144342,-0.71102518414204,16.));
#8589=CARTESIAN_POINT('Ctrl Pts',(-124.547923276021,-0.77482299198109,16.));
#8590=CARTESIAN_POINT('Ctrl Pts',(-122.251202193815,-2.23545701355927,31.));
#8591=CARTESIAN_POINT('Ctrl Pts',(-122.251202193815,-2.23545701355927,16.));
#8592=CARTESIAN_POINT('Ctrl Pts',(-122.445953396693,-2.17501698508017,31.));
#8593=CARTESIAN_POINT('Ctrl Pts',(-122.445953396693,-2.17501698508017,16.));
#8594=CARTESIAN_POINT('Ctrl Pts',(-123.725267332833,-1.32885658637282,31.));
#8595=CARTESIAN_POINT('Ctrl Pts',(-123.725267332833,-1.32885658637282,16.));
#8596=CARTESIAN_POINT('Ctrl Pts',(-124.269227589145,-0.892345269579335,
31.));
#8597=CARTESIAN_POINT('Ctrl Pts',(-124.269227589145,-0.892345269579335,
16.));
#8598=CARTESIAN_POINT('',(-122.251202193815,-2.23545701355927,18.));
#8599=CARTESIAN_POINT('Ctrl Pts',(-122.251202193815,-2.23545701355927,18.));
#8600=CARTESIAN_POINT('Ctrl Pts',(-122.445953396693,-2.17501698508017,18.));
#8601=CARTESIAN_POINT('Ctrl Pts',(-123.725267332833,-1.32885658637282,18.));
#8602=CARTESIAN_POINT('Ctrl Pts',(-124.269227589145,-0.892345269579335,
18.));
#8603=CARTESIAN_POINT('',(-122.251202193815,-2.23545701355927,16.));
#8604=CARTESIAN_POINT('',(-122.251202193815,-2.23545701355927,31.));
#8605=CARTESIAN_POINT('Ctrl Pts',(-122.251202193815,-2.23545701355927,16.));
#8606=CARTESIAN_POINT('Ctrl Pts',(-122.445953396693,-2.17501698508017,16.));
#8607=CARTESIAN_POINT('Ctrl Pts',(-123.725267332833,-1.32885658637282,16.));
#8608=CARTESIAN_POINT('Ctrl Pts',(-124.269227589145,-0.892345269579335,
16.));
#8609=CARTESIAN_POINT('Ctrl Pts',(-122.190762165336,-2.16158586764037,31.));
#8610=CARTESIAN_POINT('Ctrl Pts',(-122.190762165336,-2.16158586764037,16.));
#8611=CARTESIAN_POINT('Ctrl Pts',(-122.177331047897,-2.24553035163912,31.));
#8612=CARTESIAN_POINT('Ctrl Pts',(-122.177331047897,-2.24553035163912,16.));
#8613=CARTESIAN_POINT('Ctrl Pts',(-122.184046606616,-2.25560368971897,31.));
#8614=CARTESIAN_POINT('Ctrl Pts',(-122.184046606616,-2.25560368971897,16.));
#8615=CARTESIAN_POINT('Ctrl Pts',(-122.251202193815,-2.23545701355927,31.));
#8616=CARTESIAN_POINT('Ctrl Pts',(-122.251202193815,-2.23545701355927,16.));
#8617=CARTESIAN_POINT('',(-122.190762165336,-2.16158586764037,18.));
#8618=CARTESIAN_POINT('Ctrl Pts',(-122.190762165336,-2.16158586764037,18.));
#8619=CARTESIAN_POINT('Ctrl Pts',(-122.177331047897,-2.24553035163912,18.));
#8620=CARTESIAN_POINT('Ctrl Pts',(-122.184046606616,-2.25560368971897,18.));
#8621=CARTESIAN_POINT('Ctrl Pts',(-122.251202193815,-2.23545701355927,18.));
#8622=CARTESIAN_POINT('',(-122.190762165336,-2.16158586764037,16.));
#8623=CARTESIAN_POINT('',(-122.190762165336,-2.16158586764037,31.));
#8624=CARTESIAN_POINT('Ctrl Pts',(-122.190762165336,-2.16158586764037,16.));
#8625=CARTESIAN_POINT('Ctrl Pts',(-122.177331047897,-2.24553035163912,16.));
#8626=CARTESIAN_POINT('Ctrl Pts',(-122.184046606616,-2.25560368971897,16.));
#8627=CARTESIAN_POINT('Ctrl Pts',(-122.251202193815,-2.23545701355927,16.));
#8628=CARTESIAN_POINT('Ctrl Pts',(-122.244486635096,-1.79894569676579,31.));
#8629=CARTESIAN_POINT('Ctrl Pts',(-122.244486635096,-1.79894569676579,16.));
#8630=CARTESIAN_POINT('Ctrl Pts',(-122.224339958936,-1.94668798860359,31.));
#8631=CARTESIAN_POINT('Ctrl Pts',(-122.224339958936,-1.94668798860359,16.));
#8632=CARTESIAN_POINT('Ctrl Pts',(-122.200835503416,-2.11121917724113,31.));
#8633=CARTESIAN_POINT('Ctrl Pts',(-122.200835503416,-2.11121917724113,16.));
#8634=CARTESIAN_POINT('Ctrl Pts',(-122.190762165336,-2.16158586764037,31.));
#8635=CARTESIAN_POINT('Ctrl Pts',(-122.190762165336,-2.16158586764037,16.));
#8636=CARTESIAN_POINT('',(-122.244486635096,-1.79894569676579,18.));
#8637=CARTESIAN_POINT('Ctrl Pts',(-122.244486635096,-1.79894569676579,18.));
#8638=CARTESIAN_POINT('Ctrl Pts',(-122.224339958936,-1.94668798860359,18.));
#8639=CARTESIAN_POINT('Ctrl Pts',(-122.200835503416,-2.11121917724113,18.));
#8640=CARTESIAN_POINT('Ctrl Pts',(-122.190762165336,-2.16158586764037,18.));
#8641=CARTESIAN_POINT('',(-122.244486635096,-1.79894569676579,16.));
#8642=CARTESIAN_POINT('',(-122.244486635096,-1.79894569676579,31.));
#8643=CARTESIAN_POINT('Ctrl Pts',(-122.244486635096,-1.79894569676579,16.));
#8644=CARTESIAN_POINT('Ctrl Pts',(-122.224339958936,-1.94668798860359,16.));
#8645=CARTESIAN_POINT('Ctrl Pts',(-122.200835503416,-2.11121917724113,16.));
#8646=CARTESIAN_POINT('Ctrl Pts',(-122.190762165336,-2.16158586764037,16.));
#8647=CARTESIAN_POINT('Ctrl Pts',(-122.728006862928,-0.291302764148309,
31.));
#8648=CARTESIAN_POINT('Ctrl Pts',(-122.728006862928,-0.291302764148309,
16.));
#8649=CARTESIAN_POINT('Ctrl Pts',(-122.550044556851,-0.55656733358435,31.));
#8650=CARTESIAN_POINT('Ctrl Pts',(-122.550044556851,-0.55656733358435,16.));
#8651=CARTESIAN_POINT('Ctrl Pts',(-122.318357781014,-1.27513211661362,31.));
#8652=CARTESIAN_POINT('Ctrl Pts',(-122.318357781014,-1.27513211661362,16.));
#8653=CARTESIAN_POINT('Ctrl Pts',(-122.244486635096,-1.79894569676579,31.));
#8654=CARTESIAN_POINT('Ctrl Pts',(-122.244486635096,-1.79894569676579,16.));
#8655=CARTESIAN_POINT('',(-122.728006862928,-0.291302764148309,18.));
#8656=CARTESIAN_POINT('Ctrl Pts',(-122.728006862928,-0.291302764148309,
18.));
#8657=CARTESIAN_POINT('Ctrl Pts',(-122.550044556851,-0.55656733358435,18.));
#8658=CARTESIAN_POINT('Ctrl Pts',(-122.318357781014,-1.27513211661362,18.));
#8659=CARTESIAN_POINT('Ctrl Pts',(-122.244486635096,-1.79894569676579,18.));
#8660=CARTESIAN_POINT('',(-122.728006862928,-0.291302764148309,16.));
#8661=CARTESIAN_POINT('',(-122.728006862928,-0.291302764148309,31.));
#8662=CARTESIAN_POINT('Ctrl Pts',(-122.728006862928,-0.291302764148309,
16.));
#8663=CARTESIAN_POINT('Ctrl Pts',(-122.550044556851,-0.55656733358435,16.));
#8664=CARTESIAN_POINT('Ctrl Pts',(-122.318357781014,-1.27513211661362,16.));
#8665=CARTESIAN_POINT('Ctrl Pts',(-122.244486635096,-1.79894569676579,16.));
#8666=CARTESIAN_POINT('Origin',(-122.808593567567,-0.170422707190118,31.));
#8667=CARTESIAN_POINT('',(-131.944768224145,13.5338392776782,18.));
#8668=CARTESIAN_POINT('',(-122.728006862928,-0.291302764148309,16.));
#8669=CARTESIAN_POINT('Ctrl Pts',(-128.446305112923,-12.0200260684531,31.));
#8670=CARTESIAN_POINT('Ctrl Pts',(-128.446305112923,-12.0200260684531,16.));
#8671=CARTESIAN_POINT('Ctrl Pts',(-129.725619049064,-11.3518279758231,31.));
#8672=CARTESIAN_POINT('Ctrl Pts',(-129.725619049064,-11.3518279758231,16.));
#8673=CARTESIAN_POINT('Ctrl Pts',(-130.790035106168,-10.3209897123185,31.));
#8674=CARTESIAN_POINT('Ctrl Pts',(-130.790035106168,-10.3209897123185,16.));
#8675=CARTESIAN_POINT('Ctrl Pts',(-131.448159860718,-9.11890470145646,31.));
#8676=CARTESIAN_POINT('Ctrl Pts',(-131.448159860718,-9.11890470145646,16.));
#8677=CARTESIAN_POINT('',(-128.446305112923,-12.0200260684531,16.));
#8678=CARTESIAN_POINT('',(-128.446305112923,-12.0200260684531,31.));
#8679=CARTESIAN_POINT('Ctrl Pts',(-128.446305112923,-12.0200260684531,16.));
#8680=CARTESIAN_POINT('Ctrl Pts',(-129.725619049064,-11.3518279758231,16.));
#8681=CARTESIAN_POINT('Ctrl Pts',(-130.790035106168,-10.3209897123185,16.));
#8682=CARTESIAN_POINT('Ctrl Pts',(-131.448159860718,-9.11890470145646,16.));
#8683=CARTESIAN_POINT('Ctrl Pts',(-120.965172698955,-12.2449972855698,31.));
#8684=CARTESIAN_POINT('Ctrl Pts',(-120.965172698955,-12.2449972855698,16.));
#8685=CARTESIAN_POINT('Ctrl Pts',(-123.30554491284,-13.2758355490744,31.));
#8686=CARTESIAN_POINT('Ctrl Pts',(-123.30554491284,-13.2758355490744,16.));
#8687=CARTESIAN_POINT('Ctrl Pts',(-126.216739617916,-13.1885332857157,31.));
#8688=CARTESIAN_POINT('Ctrl Pts',(-126.216739617916,-13.1885332857157,16.));
#8689=CARTESIAN_POINT('Ctrl Pts',(-128.446305112923,-12.0200260684531,31.));
#8690=CARTESIAN_POINT('Ctrl Pts',(-128.446305112923,-12.0200260684531,16.));
#8691=CARTESIAN_POINT('',(-120.965172698955,-12.2449972855698,16.));
#8692=CARTESIAN_POINT('',(-120.965172698955,-12.2449972855698,31.));
#8693=CARTESIAN_POINT('Ctrl Pts',(-120.965172698955,-12.2449972855698,16.));
#8694=CARTESIAN_POINT('Ctrl Pts',(-123.30554491284,-13.2758355490744,16.));
#8695=CARTESIAN_POINT('Ctrl Pts',(-126.216739617916,-13.1885332857157,16.));
#8696=CARTESIAN_POINT('Ctrl Pts',(-128.446305112923,-12.0200260684531,16.));
#8697=CARTESIAN_POINT('Ctrl Pts',(-117.832364556121,-9.57220491504969,31.));
#8698=CARTESIAN_POINT('Ctrl Pts',(-117.832364556121,-9.57220491504969,16.));
#8699=CARTESIAN_POINT('Ctrl Pts',(-118.561002677231,-10.6970610006329,31.));
#8700=CARTESIAN_POINT('Ctrl Pts',(-118.561002677231,-10.6970610006329,16.));
#8701=CARTESIAN_POINT('Ctrl Pts',(-119.746298791293,-11.7077525879778,31.));
#8702=CARTESIAN_POINT('Ctrl Pts',(-119.746298791293,-11.7077525879778,16.));
#8703=CARTESIAN_POINT('Ctrl Pts',(-120.965172698955,-12.2449972855698,31.));
#8704=CARTESIAN_POINT('Ctrl Pts',(-120.965172698955,-12.2449972855698,16.));
#8705=CARTESIAN_POINT('',(-117.832364556121,-9.57220491504969,16.));
#8706=CARTESIAN_POINT('',(-117.832364556121,-9.57220491504969,31.));
#8707=CARTESIAN_POINT('Ctrl Pts',(-117.832364556121,-9.57220491504969,16.));
#8708=CARTESIAN_POINT('Ctrl Pts',(-118.561002677231,-10.6970610006329,16.));
#8709=CARTESIAN_POINT('Ctrl Pts',(-119.746298791293,-11.7077525879778,16.));
#8710=CARTESIAN_POINT('Ctrl Pts',(-120.965172698955,-12.2449972855698,16.));
#8711=CARTESIAN_POINT('Ctrl Pts',(-116.744444043498,-6.75502803205176,31.));
#8712=CARTESIAN_POINT('Ctrl Pts',(-116.744444043498,-6.75502803205176,16.));
#8713=CARTESIAN_POINT('Ctrl Pts',(-116.915690790855,-7.77243517811657,31.));
#8714=CARTESIAN_POINT('Ctrl Pts',(-116.915690790855,-7.77243517811657,16.));
#8715=CARTESIAN_POINT('Ctrl Pts',(-117.28168874109,-8.71932895762242,31.));
#8716=CARTESIAN_POINT('Ctrl Pts',(-117.28168874109,-8.71932895762242,16.));
#8717=CARTESIAN_POINT('Ctrl Pts',(-117.832364556121,-9.57220491504969,31.));
#8718=CARTESIAN_POINT('Ctrl Pts',(-117.832364556121,-9.57220491504969,16.));
#8719=CARTESIAN_POINT('',(-116.744444043498,-6.75502803205176,16.));
#8720=CARTESIAN_POINT('',(-116.744444043498,-6.75502803205176,31.));
#8721=CARTESIAN_POINT('Ctrl Pts',(-116.744444043498,-6.75502803205176,16.));
#8722=CARTESIAN_POINT('Ctrl Pts',(-116.915690790855,-7.77243517811657,16.));
#8723=CARTESIAN_POINT('Ctrl Pts',(-117.28168874109,-8.71932895762242,16.));
#8724=CARTESIAN_POINT('Ctrl Pts',(-117.832364556121,-9.57220491504969,16.));
#8725=CARTESIAN_POINT('Ctrl Pts',(-116.764590719657,-4.45830694984607,31.));
#8726=CARTESIAN_POINT('Ctrl Pts',(-116.764590719657,-4.45830694984607,16.));
#8727=CARTESIAN_POINT('Ctrl Pts',(-116.660499559499,-5.02577166167759,31.));
#8728=CARTESIAN_POINT('Ctrl Pts',(-116.660499559499,-5.02577166167759,16.));
#8729=CARTESIAN_POINT('Ctrl Pts',(-116.650426221419,-6.20099443766004,31.));
#8730=CARTESIAN_POINT('Ctrl Pts',(-116.650426221419,-6.20099443766004,16.));
#8731=CARTESIAN_POINT('Ctrl Pts',(-116.744444043498,-6.75502803205176,31.));
#8732=CARTESIAN_POINT('Ctrl Pts',(-116.744444043498,-6.75502803205176,16.));
#8733=CARTESIAN_POINT('',(-116.764590719657,-4.45830694984607,16.));
#8734=CARTESIAN_POINT('',(-116.764590719657,-4.45830694984607,31.));
#8735=CARTESIAN_POINT('Ctrl Pts',(-116.764590719657,-4.45830694984607,16.));
#8736=CARTESIAN_POINT('Ctrl Pts',(-116.660499559499,-5.02577166167759,16.));
#8737=CARTESIAN_POINT('Ctrl Pts',(-116.650426221419,-6.20099443766004,16.));
#8738=CARTESIAN_POINT('Ctrl Pts',(-116.744444043498,-6.75502803205176,16.));
#8739=CARTESIAN_POINT('Ctrl Pts',(-119.051238463783,-0.402109483026656,
31.));
#8740=CARTESIAN_POINT('Ctrl Pts',(-119.051238463783,-0.402109483026656,
16.));
#8741=CARTESIAN_POINT('Ctrl Pts',(-117.795428983162,-1.44637886397106,31.));
#8742=CARTESIAN_POINT('Ctrl Pts',(-117.795428983162,-1.44637886397106,16.));
#8743=CARTESIAN_POINT('Ctrl Pts',(-117.070148641413,-2.73240835883185,31.));
#8744=CARTESIAN_POINT('Ctrl Pts',(-117.070148641413,-2.73240835883185,16.));
#8745=CARTESIAN_POINT('Ctrl Pts',(-116.764590719657,-4.45830694984607,31.));
#8746=CARTESIAN_POINT('Ctrl Pts',(-116.764590719657,-4.45830694984607,16.));
#8747=CARTESIAN_POINT('',(-119.051238463783,-0.402109483026656,16.));
#8748=CARTESIAN_POINT('',(-119.051238463783,-0.402109483026656,31.));
#8749=CARTESIAN_POINT('Ctrl Pts',(-119.051238463783,-0.402109483026656,
16.));
#8750=CARTESIAN_POINT('Ctrl Pts',(-117.795428983162,-1.44637886397106,16.));
#8751=CARTESIAN_POINT('Ctrl Pts',(-117.070148641413,-2.73240835883185,16.));
#8752=CARTESIAN_POINT('Ctrl Pts',(-116.764590719657,-4.45830694984607,16.));
#8753=CARTESIAN_POINT('Ctrl Pts',(-121.868415346781,0.971222275192829,31.));
#8754=CARTESIAN_POINT('Ctrl Pts',(-121.868415346781,0.971222275192829,16.));
#8755=CARTESIAN_POINT('Ctrl Pts',(-120.871154876876,0.719388823196592,31.));
#8756=CARTESIAN_POINT('Ctrl Pts',(-120.871154876876,0.719388823196592,16.));
#8757=CARTESIAN_POINT('Ctrl Pts',(-119.722794335773,0.15863967008497,31.));
#8758=CARTESIAN_POINT('Ctrl Pts',(-119.722794335773,0.15863967008497,16.));
#8759=CARTESIAN_POINT('Ctrl Pts',(-119.051238463783,-0.402109483026656,
31.));
#8760=CARTESIAN_POINT('Ctrl Pts',(-119.051238463783,-0.402109483026656,
16.));
#8761=CARTESIAN_POINT('',(-121.868415346781,0.971222275192829,16.));
#8762=CARTESIAN_POINT('',(-121.868415346781,0.971222275192829,31.));
#8763=CARTESIAN_POINT('Ctrl Pts',(-121.868415346781,0.971222275192829,16.));
#8764=CARTESIAN_POINT('Ctrl Pts',(-120.871154876876,0.719388823196592,16.));
#8765=CARTESIAN_POINT('Ctrl Pts',(-119.722794335773,0.15863967008497,16.));
#8766=CARTESIAN_POINT('Ctrl Pts',(-119.051238463783,-0.402109483026656,
16.));
#8767=CARTESIAN_POINT('Ctrl Pts',(-121.421830691908,1.52861364894451,31.));
#8768=CARTESIAN_POINT('Ctrl Pts',(-121.421830691908,1.52861364894451,16.));
#8769=CARTESIAN_POINT('Ctrl Pts',(-122.096744343258,0.951075599033133,31.));
#8770=CARTESIAN_POINT('Ctrl Pts',(-122.096744343258,0.951075599033133,16.));
#8771=CARTESIAN_POINT('Ctrl Pts',(-122.043019873499,1.01823118623213,31.));
#8772=CARTESIAN_POINT('Ctrl Pts',(-122.043019873499,1.01823118623213,16.));
#8773=CARTESIAN_POINT('Ctrl Pts',(-121.868415346781,0.971222275192829,31.));
#8774=CARTESIAN_POINT('Ctrl Pts',(-121.868415346781,0.971222275192829,16.));
#8775=CARTESIAN_POINT('',(-121.421830691908,1.52861364894451,16.));
#8776=CARTESIAN_POINT('',(-121.421830691908,1.52861364894451,31.));
#8777=CARTESIAN_POINT('Ctrl Pts',(-121.421830691908,1.52861364894451,16.));
#8778=CARTESIAN_POINT('Ctrl Pts',(-122.096744343258,0.951075599033133,16.));
#8779=CARTESIAN_POINT('Ctrl Pts',(-122.043019873499,1.01823118623213,16.));
#8780=CARTESIAN_POINT('Ctrl Pts',(-121.868415346781,0.971222275192829,16.));
#8781=CARTESIAN_POINT('Ctrl Pts',(-120.199599004886,2.7206253217267,31.));
#8782=CARTESIAN_POINT('Ctrl Pts',(-120.199599004886,2.7206253217267,16.));
#8783=CARTESIAN_POINT('Ctrl Pts',(-120.145874535127,2.6870475281272,31.));
#8784=CARTESIAN_POINT('Ctrl Pts',(-120.145874535127,2.6870475281272,16.));
#8785=CARTESIAN_POINT('Ctrl Pts',(-120.723412585038,2.12294059565563,31.));
#8786=CARTESIAN_POINT('Ctrl Pts',(-120.723412585038,2.12294059565563,16.));
#8787=CARTESIAN_POINT('Ctrl Pts',(-121.421830691908,1.52861364894451,31.));
#8788=CARTESIAN_POINT('Ctrl Pts',(-121.421830691908,1.52861364894451,16.));
#8789=CARTESIAN_POINT('',(-120.199599004886,2.7206253217267,16.));
#8790=CARTESIAN_POINT('',(-120.199599004886,2.7206253217267,31.));
#8791=CARTESIAN_POINT('Ctrl Pts',(-120.199599004886,2.7206253217267,16.));
#8792=CARTESIAN_POINT('Ctrl Pts',(-120.145874535127,2.6870475281272,16.));
#8793=CARTESIAN_POINT('Ctrl Pts',(-120.723412585038,2.12294059565563,16.));
#8794=CARTESIAN_POINT('Ctrl Pts',(-121.421830691908,1.52861364894451,16.));
#8795=CARTESIAN_POINT('Ctrl Pts',(-121.854984229341,2.58295636796876,31.));
#8796=CARTESIAN_POINT('Ctrl Pts',(-121.854984229341,2.58295636796876,16.));
#8797=CARTESIAN_POINT('Ctrl Pts',(-121.425188471268,2.7139097630068,31.));
#8798=CARTESIAN_POINT('Ctrl Pts',(-121.425188471268,2.7139097630068,16.));
#8799=CARTESIAN_POINT('Ctrl Pts',(-120.333910179284,2.8079275850854,31.));
#8800=CARTESIAN_POINT('Ctrl Pts',(-120.333910179284,2.8079275850854,16.));
#8801=CARTESIAN_POINT('Ctrl Pts',(-120.199599004886,2.7206253217267,31.));
#8802=CARTESIAN_POINT('Ctrl Pts',(-120.199599004886,2.7206253217267,16.));
#8803=CARTESIAN_POINT('',(-121.854984229341,2.58295636796876,16.));
#8804=CARTESIAN_POINT('',(-121.854984229341,2.58295636796876,31.));
#8805=CARTESIAN_POINT('Ctrl Pts',(-121.854984229341,2.58295636796876,16.));
#8806=CARTESIAN_POINT('Ctrl Pts',(-121.425188471268,2.7139097630068,16.));
#8807=CARTESIAN_POINT('Ctrl Pts',(-120.333910179284,2.8079275850854,16.));
#8808=CARTESIAN_POINT('Ctrl Pts',(-120.199599004886,2.7206253217267,16.));
#8809=CARTESIAN_POINT('Ctrl Pts',(-123.493580556997,1.6696403820624,31.));
#8810=CARTESIAN_POINT('Ctrl Pts',(-123.493580556997,1.6696403820624,16.));
#8811=CARTESIAN_POINT('Ctrl Pts',(-123.198095973321,1.94833606893823,31.));
#8812=CARTESIAN_POINT('Ctrl Pts',(-123.198095973321,1.94833606893823,16.));
#8813=CARTESIAN_POINT('Ctrl Pts',(-122.321715560374,2.43521407613096,31.));
#8814=CARTESIAN_POINT('Ctrl Pts',(-122.321715560374,2.43521407613096,16.));
#8815=CARTESIAN_POINT('Ctrl Pts',(-121.854984229341,2.58295636796876,31.));
#8816=CARTESIAN_POINT('Ctrl Pts',(-121.854984229341,2.58295636796876,16.));
#8817=CARTESIAN_POINT('',(-123.493580556997,1.6696403820624,16.));
#8818=CARTESIAN_POINT('',(-123.493580556997,1.6696403820624,31.));
#8819=CARTESIAN_POINT('Ctrl Pts',(-123.493580556997,1.6696403820624,16.));
#8820=CARTESIAN_POINT('Ctrl Pts',(-123.198095973321,1.94833606893823,16.));
#8821=CARTESIAN_POINT('Ctrl Pts',(-122.321715560374,2.43521407613096,16.));
#8822=CARTESIAN_POINT('Ctrl Pts',(-121.854984229341,2.58295636796876,16.));
#8823=CARTESIAN_POINT('Ctrl Pts',(-123.634607290115,1.58569589806365,31.));
#8824=CARTESIAN_POINT('Ctrl Pts',(-123.634607290115,1.58569589806365,16.));
#8825=CARTESIAN_POINT('Ctrl Pts',(-123.627891731395,1.56554922190395,31.));
#8826=CARTESIAN_POINT('Ctrl Pts',(-123.627891731395,1.56554922190395,16.));
#8827=CARTESIAN_POINT('Ctrl Pts',(-123.567451702916,1.59912701550345,31.));
#8828=CARTESIAN_POINT('Ctrl Pts',(-123.567451702916,1.59912701550345,16.));
#8829=CARTESIAN_POINT('Ctrl Pts',(-123.493580556997,1.6696403820624,31.));
#8830=CARTESIAN_POINT('Ctrl Pts',(-123.493580556997,1.6696403820624,16.));
#8831=CARTESIAN_POINT('',(-123.634607290115,1.58569589806365,16.));
#8832=CARTESIAN_POINT('',(-123.634607290115,1.58569589806365,31.));
#8833=CARTESIAN_POINT('Ctrl Pts',(-123.634607290115,1.58569589806365,16.));
#8834=CARTESIAN_POINT('Ctrl Pts',(-123.627891731395,1.56554922190395,16.));
#8835=CARTESIAN_POINT('Ctrl Pts',(-123.567451702916,1.59912701550345,16.));
#8836=CARTESIAN_POINT('Ctrl Pts',(-123.493580556997,1.6696403820624,16.));
#8837=CARTESIAN_POINT('Ctrl Pts',(-123.664827304354,2.19681174157452,31.));
#8838=CARTESIAN_POINT('Ctrl Pts',(-123.664827304354,2.19681174157452,16.));
#8839=CARTESIAN_POINT('Ctrl Pts',(-123.654753966274,1.88453826109919,31.));
#8840=CARTESIAN_POINT('Ctrl Pts',(-123.654753966274,1.88453826109919,16.));
#8841=CARTESIAN_POINT('Ctrl Pts',(-123.641322848835,1.6092003535833,31.));
#8842=CARTESIAN_POINT('Ctrl Pts',(-123.641322848835,1.6092003535833,16.));
#8843=CARTESIAN_POINT('Ctrl Pts',(-123.634607290115,1.58569589806365,31.));
#8844=CARTESIAN_POINT('Ctrl Pts',(-123.634607290115,1.58569589806365,16.));
#8845=CARTESIAN_POINT('',(-123.664827304354,2.19681174157452,16.));
#8846=CARTESIAN_POINT('',(-123.664827304354,2.19681174157452,31.));
#8847=CARTESIAN_POINT('Ctrl Pts',(-123.664827304354,2.19681174157452,16.));
#8848=CARTESIAN_POINT('Ctrl Pts',(-123.654753966274,1.88453826109919,16.));
#8849=CARTESIAN_POINT('Ctrl Pts',(-123.641322848835,1.6092003535833,16.));
#8850=CARTESIAN_POINT('Ctrl Pts',(-123.634607290115,1.58569589806365,16.));
#8851=CARTESIAN_POINT('Ctrl Pts',(-123.886440742111,3.8924903183492,31.));
#8852=CARTESIAN_POINT('Ctrl Pts',(-123.886440742111,3.8924903183492,16.));
#8853=CARTESIAN_POINT('Ctrl Pts',(-123.742056229633,3.26458557803858,31.));
#8854=CARTESIAN_POINT('Ctrl Pts',(-123.742056229633,3.26458557803858,16.));
#8855=CARTESIAN_POINT('Ctrl Pts',(-123.684973980514,2.83143204060505,31.));
#8856=CARTESIAN_POINT('Ctrl Pts',(-123.684973980514,2.83143204060505,16.));
#8857=CARTESIAN_POINT('Ctrl Pts',(-123.664827304354,2.19681174157452,31.));
#8858=CARTESIAN_POINT('Ctrl Pts',(-123.664827304354,2.19681174157452,16.));
#8859=CARTESIAN_POINT('',(-123.886440742111,3.8924903183492,16.));
#8860=CARTESIAN_POINT('',(-123.886440742111,3.8924903183492,31.));
#8861=CARTESIAN_POINT('Ctrl Pts',(-123.886440742111,3.8924903183492,16.));
#8862=CARTESIAN_POINT('Ctrl Pts',(-123.742056229633,3.26458557803858,16.));
#8863=CARTESIAN_POINT('Ctrl Pts',(-123.684973980514,2.83143204060505,16.));
#8864=CARTESIAN_POINT('Ctrl Pts',(-123.664827304354,2.19681174157452,16.));
#8865=CARTESIAN_POINT('Ctrl Pts',(-124.272585368505,4.91325524377395,31.));
#8866=CARTESIAN_POINT('Ctrl Pts',(-124.272585368505,4.91325524377395,16.));
#8867=CARTESIAN_POINT('Ctrl Pts',(-124.097980841788,4.65134845369786,31.));
#8868=CARTESIAN_POINT('Ctrl Pts',(-124.097980841788,4.65134845369786,16.));
#8869=CARTESIAN_POINT('Ctrl Pts',(-123.997247460989,4.38272610490187,31.));
#8870=CARTESIAN_POINT('Ctrl Pts',(-123.997247460989,4.38272610490187,16.));
#8871=CARTESIAN_POINT('Ctrl Pts',(-123.886440742111,3.8924903183492,31.));
#8872=CARTESIAN_POINT('Ctrl Pts',(-123.886440742111,3.8924903183492,16.));
#8873=CARTESIAN_POINT('Ctrl Pts',(-124.272585368505,4.91325524377395,16.));
#8874=CARTESIAN_POINT('Ctrl Pts',(-124.097980841788,4.65134845369786,16.));
#8875=CARTESIAN_POINT('Ctrl Pts',(-123.997247460989,4.38272610490187,16.));
#8876=CARTESIAN_POINT('Ctrl Pts',(-123.886440742111,3.8924903183492,16.));
#8877=CARTESIAN_POINT('Origin',(-124.499235475302,-4.07216232345184,16.));
#8878=CARTESIAN_POINT('Origin',(-167.500001005828,9.80000037252903,18.));
#8879=CARTESIAN_POINT('Origin',(-109.6,50.,15.75));
#8880=CARTESIAN_POINT('',(-104.6,50.,15.75));
#8881=CARTESIAN_POINT('Origin',(-200.,50.,15.));
#8882=CARTESIAN_POINT('',(-205.,50.,15.));
#8883=CARTESIAN_POINT('Origin',(-205.,50.,15.));
#8884=CARTESIAN_POINT('',(-205.,-30.4,15.));
#8885=CARTESIAN_POINT('Origin',(-200.,-30.4,15.));
#8886=CARTESIAN_POINT('',(-200.,-35.4,15.));
#8887=CARTESIAN_POINT('Origin',(-200.,-35.4,15.));
#8888=CARTESIAN_POINT('',(-109.6,-35.4,15.75));
#8889=CARTESIAN_POINT('Origin',(-109.6,-30.4,15.75));
#8890=CARTESIAN_POINT('',(-104.6,-30.4,15.75));
#8891=CARTESIAN_POINT('Origin',(-104.6,9.80000037252903,16.5));
#8892=CARTESIAN_POINT('Origin',(-167.500001005828,9.80000037252903,18.));
#8893=CARTESIAN_POINT('Origin',(-175.960002980232,48.0600007450581,15.));
#8894=CARTESIAN_POINT('Origin',(-193.460002980232,48.0473128498891,15.));
#8895=CARTESIAN_POINT('Origin',(-137.210002980232,34.2900007450581,15.));
#8896=CARTESIAN_POINT('',(-137.210002980232,34.2900007450581,15.));
#8897=CARTESIAN_POINT('Origin',(-137.210002980232,47.6300007450581,15.));
#8898=CARTESIAN_POINT('',(0.,0.,0.));
#8899=CARTESIAN_POINT('Origin',(-130.000001892447,50.,5.00000007450581));
#8900=CARTESIAN_POINT('',(-130.000001892447,51.,15.));
#8901=CARTESIAN_POINT('',(-130.000001892447,51.,4.00000007450581));
#8902=CARTESIAN_POINT('',(-130.000001892448,51.,10.0000000745058));
#8903=CARTESIAN_POINT('',(-130.000001892447,55.,4.00000007450581));
#8904=CARTESIAN_POINT('',(-130.000001892447,29.9,4.00000007450581));
#8905=CARTESIAN_POINT('',(-130.000001892447,55.,15.));
#8906=CARTESIAN_POINT('',(-130.000001892447,55.,2.5000000372529));
#8907=CARTESIAN_POINT('',(-130.000001892448,32.4,15.));
#8908=CARTESIAN_POINT('Origin',(-154.8,9.8,4.00000007450581));
#8909=CARTESIAN_POINT('',(-117.000001683831,51.,4.00000007450581));
#8910=CARTESIAN_POINT('',(-154.8,51.,4.00000007450581));
#8911=CARTESIAN_POINT('',(-117.000001683831,55.,4.00000007450581));
#8912=CARTESIAN_POINT('',(-117.000001683831,29.9,4.));
#8913=CARTESIAN_POINT('',(-129.7,55.,4.00000007450581));
#8914=CARTESIAN_POINT('Origin',(-104.6,55.,0.));
#8915=CARTESIAN_POINT('',(-200.,55.,15.));
#8916=CARTESIAN_POINT('',(-104.6,55.,15.));
#8917=CARTESIAN_POINT('',(-117.000001683831,55.,15.));
#8918=CARTESIAN_POINT('',(-117.000001683831,55.,5.00000007450581));
#8919=CARTESIAN_POINT('',(-109.6,55.,15.));
#8920=CARTESIAN_POINT('',(-104.6,55.,15.));
#8921=CARTESIAN_POINT('',(-109.6,55.,-5.));
#8922=CARTESIAN_POINT('',(-109.6,55.,0.));
#8923=CARTESIAN_POINT('',(-200.,55.,-5.));
#8924=CARTESIAN_POINT('',(-104.6,55.,-5.));
#8925=CARTESIAN_POINT('',(-200.,55.,0.));
#8926=CARTESIAN_POINT('Origin',(-123.000002011657,38.0000007599592,-1.));
#8927=CARTESIAN_POINT('',(-111.000002011657,25.0000007599592,-1.));
#8928=CARTESIAN_POINT('',(-135.000002011657,25.0000007599592,-1.));
#8929=CARTESIAN_POINT('',(-111.000002011657,25.0000007599592,-1.));
#8930=CARTESIAN_POINT('',(-111.000002011657,51.0000007599592,-1.));
#8931=CARTESIAN_POINT('',(-111.000002011657,51.0000007599592,-1.));
#8932=CARTESIAN_POINT('',(-135.000002011657,51.0000007599592,-1.));
#8933=CARTESIAN_POINT('',(-135.000002011657,51.0000007599592,-1.));
#8934=CARTESIAN_POINT('',(-135.000002011657,25.0000007599592,-1.));
#8935=CARTESIAN_POINT('Origin',(-111.000002011657,51.0000007599592,5.));
#8936=CARTESIAN_POINT('',(-111.000002011657,51.0000007599592,5.));
#8937=CARTESIAN_POINT('',(-111.000002011657,25.0000007599592,5.));
#8938=CARTESIAN_POINT('',(-111.000002011657,30.4000003799796,5.));
#8939=CARTESIAN_POINT('',(-111.000002011657,51.0000007599592,5.));
#8940=CARTESIAN_POINT('',(-111.000002011657,25.0000007599592,5.));
#8941=CARTESIAN_POINT('Origin',(-135.000002011657,25.0000007599592,5.));
#8942=CARTESIAN_POINT('',(-135.000002011657,25.0000007599592,5.));
#8943=CARTESIAN_POINT('',(-135.000002011657,51.0000007599592,5.));
#8944=CARTESIAN_POINT('',(-135.000002011657,17.4000003799796,5.));
#8945=CARTESIAN_POINT('',(-135.000002011657,25.0000007599592,5.));
#8946=CARTESIAN_POINT('',(-135.000002011657,51.0000007599592,5.));
#8947=CARTESIAN_POINT('Origin',(-111.000002011657,25.0000007599592,5.));
#8948=CARTESIAN_POINT('',(-132.900001005828,25.0000007599592,5.));
#8949=CARTESIAN_POINT('Origin',(-154.8,9.8,5.));
#8950=CARTESIAN_POINT('',(-200.,51.,5.));
#8951=CARTESIAN_POINT('',(-200.,51.,5.));
#8952=CARTESIAN_POINT('',(-200.,50.,5.));
#8953=CARTESIAN_POINT('',(-200.,50.,5.));
#8954=CARTESIAN_POINT('',(-201.,50.,5.));
#8955=CARTESIAN_POINT('',(-177.4,50.,5.));
#8956=CARTESIAN_POINT('',(-201.,-30.4,5.));
#8957=CARTESIAN_POINT('',(-201.,-10.3,5.));
#8958=CARTESIAN_POINT('',(-108.6,-30.4,5.));
#8959=CARTESIAN_POINT('',(-109.6,-30.4,5.));
#8960=CARTESIAN_POINT('',(-108.6,50.,5.));
#8961=CARTESIAN_POINT('',(-108.6,29.9,5.));
#8962=CARTESIAN_POINT('',(-109.6,50.,5.));
#8963=CARTESIAN_POINT('',(-177.4,50.,5.));
#8964=CARTESIAN_POINT('',(-109.6,51.,5.));
#8965=CARTESIAN_POINT('',(-109.6,50.,5.));
#8966=CARTESIAN_POINT('',(-133.900000841916,51.,5.));
#8967=CARTESIAN_POINT('',(-112.650002980232,-22.9999994039536,5.));
#8968=CARTESIAN_POINT('Origin',(-115.000002980232,-22.9999994039536,5.));
#8969=CARTESIAN_POINT('',(-112.650002980232,14.0000005960465,5.));
#8970=CARTESIAN_POINT('Origin',(-115.000002980232,14.0000005960465,5.));
#8971=CARTESIAN_POINT('',(-194.610002980232,-22.9999994039536,5.));
#8972=CARTESIAN_POINT('Origin',(-196.960002980232,-22.9999994039536,5.));
#8973=CARTESIAN_POINT('',(-194.610002980232,43.0000006407499,5.));
#8974=CARTESIAN_POINT('Origin',(-196.960002980232,43.0000006407499,5.));
#8975=CARTESIAN_POINT('Origin',(-154.8,9.8,-5.));
#8976=CARTESIAN_POINT('',(-205.,50.,-5.));
#8977=CARTESIAN_POINT('Origin',(-200.,50.,-5.));
#8978=CARTESIAN_POINT('',(-104.6,50.,-5.));
#8979=CARTESIAN_POINT('Origin',(-109.6,50.,-5.));
#8980=CARTESIAN_POINT('',(-104.6,-30.4,-5.));
#8981=CARTESIAN_POINT('',(-104.6,-35.4,-5.));
#8982=CARTESIAN_POINT('',(-109.6,-35.4,-5.));
#8983=CARTESIAN_POINT('Origin',(-109.6,-30.4,-5.));
#8984=CARTESIAN_POINT('',(-200.,-35.4,-5.));
#8985=CARTESIAN_POINT('',(-205.,-35.4,-5.));
#8986=CARTESIAN_POINT('',(-205.,-30.4,-5.));
#8987=CARTESIAN_POINT('Origin',(-200.,-30.4,-5.));
#8988=CARTESIAN_POINT('',(-205.,55.,-5.));
#8989=CARTESIAN_POINT('Origin',(-154.8,51.,10.));
#8990=CARTESIAN_POINT('',(-200.,51.,15.));
#8991=CARTESIAN_POINT('',(-154.8,51.,15.));
#8992=CARTESIAN_POINT('',(-200.,51.,15.));
#8993=CARTESIAN_POINT('',(-109.6,51.,15.));
#8994=CARTESIAN_POINT('',(-109.6,51.,5.));
#8995=CARTESIAN_POINT('',(-117.000001683831,51.,15.));
#8996=CARTESIAN_POINT('',(-154.8,51.,15.));
#8997=CARTESIAN_POINT('',(-117.000001683831,51.,7.5));
#8998=CARTESIAN_POINT('Origin',(-117.000001683831,50.,10.0000001490116));
#8999=CARTESIAN_POINT('',(-117.000001683831,30.4,15.));
#9000=CARTESIAN_POINT('Origin',(-200.,50.,5.));
#9001=CARTESIAN_POINT('',(-200.,50.,15.));
#9002=CARTESIAN_POINT('',(-200.,50.,2.5));
#9003=CARTESIAN_POINT('',(-200.,29.9,15.));
#9004=CARTESIAN_POINT('Origin',(-109.6,50.,15.));
#9005=CARTESIAN_POINT('',(-109.6,50.,15.));
#9006=CARTESIAN_POINT('',(-109.6,50.,7.5));
#9007=CARTESIAN_POINT('',(-109.6,29.9,15.));
#9008=CARTESIAN_POINT('Origin',(-200.,50.,0.));
#9009=CARTESIAN_POINT('',(-108.6,50.,15.));
#9010=CARTESIAN_POINT('',(-108.6,50.,0.));
#9011=CARTESIAN_POINT('',(-177.4,50.,15.));
#9012=CARTESIAN_POINT('Origin',(-200.,50.,0.));
#9013=CARTESIAN_POINT('',(-201.,50.,15.));
#9014=CARTESIAN_POINT('',(-177.4,50.,15.));
#9015=CARTESIAN_POINT('',(-201.,50.,0.));
#9016=CARTESIAN_POINT('Origin',(-154.8,9.8,15.));
#9017=CARTESIAN_POINT('',(-205.,50.,15.));
#9018=CARTESIAN_POINT('Origin',(-200.,50.,15.));
#9019=CARTESIAN_POINT('',(-205.,-30.4,15.));
#9020=CARTESIAN_POINT('',(-205.,55.,15.));
#9021=CARTESIAN_POINT('',(-200.,-35.4,15.));
#9022=CARTESIAN_POINT('Origin',(-200.,-30.4,15.));
#9023=CARTESIAN_POINT('',(-109.6,-35.4,15.));
#9024=CARTESIAN_POINT('',(-205.,-35.4,15.));
#9025=CARTESIAN_POINT('',(-104.6,-30.4,15.));
#9026=CARTESIAN_POINT('Origin',(-109.6,-30.4,15.));
#9027=CARTESIAN_POINT('',(-104.6,50.,15.));
#9028=CARTESIAN_POINT('',(-104.6,-35.4,15.));
#9029=CARTESIAN_POINT('Origin',(-109.6,50.,15.));
#9030=CARTESIAN_POINT('',(-108.6,-30.4,15.));
#9031=CARTESIAN_POINT('',(-108.6,29.9,15.));
#9032=CARTESIAN_POINT('',(-201.,-30.4,15.));
#9033=CARTESIAN_POINT('',(-132.2,-30.4,15.));
#9034=CARTESIAN_POINT('',(-201.,-10.3,15.));
#9035=CARTESIAN_POINT('Origin',(-108.6,50.,0.));
#9036=CARTESIAN_POINT('',(-108.6,-30.4,0.));
#9037=CARTESIAN_POINT('Origin',(-201.,-30.4,0.));
#9038=CARTESIAN_POINT('',(-201.,-30.4,0.));
#9039=CARTESIAN_POINT('Origin',(-200.,50.,0.));
#9040=CARTESIAN_POINT('',(-205.,50.,0.));
#9041=CARTESIAN_POINT('Origin',(-109.6,50.,0.));
#9042=CARTESIAN_POINT('',(-104.6,50.,0.));
#9043=CARTESIAN_POINT('Origin',(-104.6,-35.4,0.));
#9044=CARTESIAN_POINT('',(-104.6,-30.4,0.));
#9045=CARTESIAN_POINT('Origin',(-200.,-30.4,0.));
#9046=CARTESIAN_POINT('',(-205.,-30.4,0.));
#9047=CARTESIAN_POINT('',(-200.,-35.4,0.));
#9048=CARTESIAN_POINT('Origin',(-205.,-35.4,0.));
#9049=CARTESIAN_POINT('',(-109.6,-35.4,0.));
#9050=CARTESIAN_POINT('Origin',(-109.6,-30.4,0.));
#9051=CARTESIAN_POINT('Origin',(-196.960002980232,43.0000006407499,5.));
#9052=CARTESIAN_POINT('',(-194.610002980232,43.0000006407499,1.));
#9053=CARTESIAN_POINT('',(-194.610002980232,43.0000006407499,5.));
#9054=CARTESIAN_POINT('Origin',(-196.960002980232,43.0000006407499,1.));
#9055=CARTESIAN_POINT('Origin',(-196.960002980232,43.0000006407499,1.));
#9056=CARTESIAN_POINT('Origin',(-196.960002980232,-22.9999994039536,5.));
#9057=CARTESIAN_POINT('',(-194.610002980232,-22.9999994039536,1.));
#9058=CARTESIAN_POINT('',(-194.610002980232,-22.9999994039536,5.));
#9059=CARTESIAN_POINT('Origin',(-196.960002980232,-22.9999994039536,1.));
#9060=CARTESIAN_POINT('Origin',(-196.960002980232,-22.9999994039536,1.));
#9061=CARTESIAN_POINT('Origin',(-115.000002980232,14.0000005960465,5.));
#9062=CARTESIAN_POINT('',(-112.650002980232,14.0000005960465,1.));
#9063=CARTESIAN_POINT('',(-112.650002980232,14.0000005960465,5.));
#9064=CARTESIAN_POINT('Origin',(-115.000002980232,14.0000005960465,1.));
#9065=CARTESIAN_POINT('Origin',(-115.000002980232,14.0000005960465,1.));
#9066=CARTESIAN_POINT('Origin',(-115.000002980232,-22.9999994039536,5.));
#9067=CARTESIAN_POINT('',(-112.650002980232,-22.9999994039536,1.));
#9068=CARTESIAN_POINT('',(-112.650002980232,-22.9999994039536,5.));
#9069=CARTESIAN_POINT('Origin',(-115.000002980232,-22.9999994039536,1.));
#9070=CARTESIAN_POINT('Origin',(-115.000002980232,-22.9999994039536,1.));
#9071=CARTESIAN_POINT('Origin',(-109.6,-30.4,0.));
#9072=CARTESIAN_POINT('Origin',(-205.,55.,0.));
#9073=CARTESIAN_POINT('',(0.,0.,0.));
#9074=CARTESIAN_POINT('',(0.,0.,0.));
#9075=CARTESIAN_POINT('',(0.,0.,0.));
#9076=UNCERTAINTY_MEASURE_WITH_UNIT(LENGTH_MEASURE(0.01),#9084,
'DISTANCE_ACCURACY_VALUE',
'Maximum model space distance between geometric entities at asserted c
onnectivities');
#9077=UNCERTAINTY_MEASURE_WITH_UNIT(LENGTH_MEASURE(0.01),#9084,
'DISTANCE_ACCURACY_VALUE',
'Maximum model space distance between geometric entities at asserted c
onnectivities');
#9078=UNCERTAINTY_MEASURE_WITH_UNIT(LENGTH_MEASURE(0.01),#9084,
'DISTANCE_ACCURACY_VALUE',
'Maximum model space distance between geometric entities at asserted c
onnectivities');
#9079=UNCERTAINTY_MEASURE_WITH_UNIT(LENGTH_MEASURE(0.01),#9084,
'DISTANCE_ACCURACY_VALUE',
'Maximum model space distance between geometric entities at asserted c
onnectivities');
#9080=(
GEOMETRIC_REPRESENTATION_CONTEXT(3)
GLOBAL_UNCERTAINTY_ASSIGNED_CONTEXT((#9076))
GLOBAL_UNIT_ASSIGNED_CONTEXT((#9084,#9086,#9087))
REPRESENTATION_CONTEXT('','3D')
);
#9081=(
GEOMETRIC_REPRESENTATION_CONTEXT(3)
GLOBAL_UNCERTAINTY_ASSIGNED_CONTEXT((#9077))
GLOBAL_UNIT_ASSIGNED_CONTEXT((#9084,#9086,#9087))
REPRESENTATION_CONTEXT('','3D')
);
#9082=(
GEOMETRIC_REPRESENTATION_CONTEXT(3)
GLOBAL_UNCERTAINTY_ASSIGNED_CONTEXT((#9078))
GLOBAL_UNIT_ASSIGNED_CONTEXT((#9084,#9086,#9087))
REPRESENTATION_CONTEXT('','3D')
);
#9083=(
GEOMETRIC_REPRESENTATION_CONTEXT(3)
GLOBAL_UNCERTAINTY_ASSIGNED_CONTEXT((#9079))
GLOBAL_UNIT_ASSIGNED_CONTEXT((#9084,#9086,#9087))
REPRESENTATION_CONTEXT('','3D')
);
#9084=(
LENGTH_UNIT()
NAMED_UNIT(*)
SI_UNIT(.MILLI.,.METRE.)
);
#9085=(
LENGTH_UNIT()
NAMED_UNIT(*)
SI_UNIT($,.METRE.)
);
#9086=(
NAMED_UNIT(*)
PLANE_ANGLE_UNIT()
SI_UNIT($,.RADIAN.)
);
#9087=(
NAMED_UNIT(*)
SI_UNIT($,.STERADIAN.)
SOLID_ANGLE_UNIT()
);
#9088=SHAPE_DEFINITION_REPRESENTATION(#9091,#9097);
#9089=SHAPE_DEFINITION_REPRESENTATION(#9092,#9098);
#9090=SHAPE_DEFINITION_REPRESENTATION(#9093,#9099);
#9091=PRODUCT_DEFINITION_SHAPE('',$,#9101);
#9092=PRODUCT_DEFINITION_SHAPE('',$,#9102);
#9093=PRODUCT_DEFINITION_SHAPE('',$,#9103);
#9094=PRODUCT_DEFINITION_SHAPE($,$,#20);
#9095=PRODUCT_DEFINITION_SHAPE($,$,#21);
#9096=PRODUCT_DEFINITION_SHAPE($,$,#22);
#9097=SHAPE_REPRESENTATION('',(#5271,#5540,#5541,#5542),#9080);
#9098=SHAPE_REPRESENTATION('',(#5272),#9081);
#9099=SHAPE_REPRESENTATION('',(#5489),#9082);
#9100=PRODUCT_DEFINITION_CONTEXT('part definition',#9111,'design');
#9101=PRODUCT_DEFINITION('FusionComponent','FusionComponent',#9104,#9100);
#9102=PRODUCT_DEFINITION('Top','Top',#9105,#9100);
#9103=PRODUCT_DEFINITION('Bottom','Bottom',#9106,#9100);
#9104=PRODUCT_DEFINITION_FORMATION('',$,#9113);
#9105=PRODUCT_DEFINITION_FORMATION('',$,#9114);
#9106=PRODUCT_DEFINITION_FORMATION('',$,#9115);
#9107=PRODUCT_RELATED_PRODUCT_CATEGORY('FusionComponent',
'FusionComponent',(#9113));
#9108=PRODUCT_RELATED_PRODUCT_CATEGORY('Top','Top',(#9114));
#9109=PRODUCT_RELATED_PRODUCT_CATEGORY('Bottom','Bottom',(#9115));
#9110=APPLICATION_PROTOCOL_DEFINITION('international standard',
'automotive_design',2009,#9111);
#9111=APPLICATION_CONTEXT(
'Core Data for Automotive Mechanical Design Process');
#9112=PRODUCT_CONTEXT('part definition',#9111,'mechanical');
#9113=PRODUCT('FusionComponent','FusionComponent',$,(#9112));
#9114=PRODUCT('Top','Top',$,(#9112));
#9115=PRODUCT('Bottom','Bottom',$,(#9112));
#9116=PRESENTATION_STYLE_ASSIGNMENT((#9119));
#9117=PRESENTATION_STYLE_ASSIGNMENT((#9120));
#9118=PRESENTATION_STYLE_ASSIGNMENT((#9121));
#9119=SURFACE_STYLE_USAGE(.BOTH.,#9122);
#9120=SURFACE_STYLE_USAGE(.BOTH.,#9123);
#9121=SURFACE_STYLE_USAGE(.BOTH.,#9124);
#9122=SURFACE_SIDE_STYLE('',(#9125));
#9123=SURFACE_SIDE_STYLE('',(#9126));
#9124=SURFACE_SIDE_STYLE('',(#9127));
#9125=SURFACE_STYLE_FILL_AREA(#9128);
#9126=SURFACE_STYLE_FILL_AREA(#9129);
#9127=SURFACE_STYLE_FILL_AREA(#9130);
#9128=FILL_AREA_STYLE('Steel - Satin',(#9131));
#9129=FILL_AREA_STYLE('Gold - Polished',(#9132));
#9130=FILL_AREA_STYLE('ABS (White)',(#9133));
#9131=FILL_AREA_STYLE_COLOUR('Steel - Satin',#9134);
#9132=FILL_AREA_STYLE_COLOUR('Gold - Polished',#9135);
#9133=FILL_AREA_STYLE_COLOUR('ABS (White)',#9136);
#9134=COLOUR_RGB('Steel - Satin',0.627450980392157,0.627450980392157,0.627450980392157);
#9135=COLOUR_RGB('Gold - Polished',0.956862745098039,0.898039215686275,
0.654901960784314);
#9136=COLOUR_RGB('ABS (White)',0.964705882352941,0.964705882352941,0.952941176470588);
ENDSEC;
END-ISO-10303-21;
