ISO-10303-21;
HEADER;
/* Generated by software containing ST-Developer
 * from STEP Tools, Inc. (www.steptools.com) 
 */

FILE_DESCRIPTION(
/* description */ (''),
/* implementation_level */ '2;1');

FILE_NAME(
/* name */ 'Top.step',
/* time_stamp */ '2026-07-10T16:13:28+09:00',
/* author */ (''),
/* organization */ (''),
/* preprocessor_version */ 'ST-DEVELOPER v20.1',
/* originating_system */ 'Autodesk Translation Framework v15.8.0.0',
/* authorisation */ '');

FILE_SCHEMA (('AUTOMOTIVE_DESIGN { 1 0 10303 214 3 1 1 }'));
ENDSEC;

DATA;
#10=MECHANICAL_DESIGN_GEOMETRIC_PRESENTATION_REPRESENTATION('',(#82,#83,
#84,#85,#86,#87,#88,#89,#90,#91,#92,#93,#94,#95,#96,#97,#98,#99,#100,#101,
#102,#103,#104,#105,#106,#107,#108,#109,#110,#111,#112,#113,#114,#115,#116,
#117,#118,#119,#120,#121,#122,#123,#124,#125,#126,#127,#128,#129,#130,#131,
#132,#133,#134,#135,#136,#137,#138,#139,#140,#141,#142,#143,#144,#145,#146,
#147,#148,#149,#150,#151,#152,#153,#154,#155,#156,#157,#158,#159,#160,#161,
#162),#8035);
#11=SHAPE_REPRESENTATION_RELATIONSHIP('SRR','None',#8042,#12);
#12=ADVANCED_BREP_SHAPE_REPRESENTATION('',(#13),#8034);
#13=MANIFOLD_SOLID_BREP('Body1',#4626);
#14=(
BOUNDED_SURFACE()
B_SPLINE_SURFACE(3,1,((#7199,#7200),(#7201,#7202),(#7203,#7204),(#7205,
#7206)),.UNSPECIFIED.,.F.,.F.,.F.)
B_SPLINE_SURFACE_WITH_KNOTS((4,4),(2,2),(-1.,0.),(0.,1.5),.UNSPECIFIED.)
GEOMETRIC_REPRESENTATION_ITEM()
RATIONAL_B_SPLINE_SURFACE(((1.,1.),(1.,1.),(1.,1.),(1.,1.)))
REPRESENTATION_ITEM('')
SURFACE()
);
#15=(
BOUNDED_SURFACE()
B_SPLINE_SURFACE(3,1,((#7221,#7222),(#7223,#7224),(#7225,#7226),(#7227,
#7228)),.UNSPECIFIED.,.F.,.F.,.F.)
B_SPLINE_SURFACE_WITH_KNOTS((4,4),(2,2),(-1.,0.),(0.,1.5),.UNSPECIFIED.)
GEOMETRIC_REPRESENTATION_ITEM()
RATIONAL_B_SPLINE_SURFACE(((1.,1.),(1.,1.),(1.,1.),(1.,1.)))
REPRESENTATION_ITEM('')
SURFACE()
);
#16=(
BOUNDED_SURFACE()
B_SPLINE_SURFACE(3,1,((#7240,#7241),(#7242,#7243),(#7244,#7245),(#7246,
#7247)),.UNSPECIFIED.,.F.,.F.,.F.)
B_SPLINE_SURFACE_WITH_KNOTS((4,4),(2,2),(-1.,0.),(0.,1.5),.UNSPECIFIED.)
GEOMETRIC_REPRESENTATION_ITEM()
RATIONAL_B_SPLINE_SURFACE(((1.,1.),(1.,1.),(1.,1.),(1.,1.)))
REPRESENTATION_ITEM('')
SURFACE()
);
#17=(
BOUNDED_SURFACE()
B_SPLINE_SURFACE(3,1,((#7259,#7260),(#7261,#7262),(#7263,#7264),(#7265,
#7266)),.UNSPECIFIED.,.F.,.F.,.F.)
B_SPLINE_SURFACE_WITH_KNOTS((4,4),(2,2),(-1.,0.),(0.,1.5),.UNSPECIFIED.)
GEOMETRIC_REPRESENTATION_ITEM()
RATIONAL_B_SPLINE_SURFACE(((1.,1.),(1.,1.),(1.,1.),(1.,1.)))
REPRESENTATION_ITEM('')
SURFACE()
);
#18=(
BOUNDED_SURFACE()
B_SPLINE_SURFACE(3,1,((#7278,#7279),(#7280,#7281),(#7282,#7283),(#7284,
#7285)),.UNSPECIFIED.,.F.,.F.,.F.)
B_SPLINE_SURFACE_WITH_KNOTS((4,4),(2,2),(-1.,0.),(0.,1.5),.UNSPECIFIED.)
GEOMETRIC_REPRESENTATION_ITEM()
RATIONAL_B_SPLINE_SURFACE(((1.,1.),(1.,1.),(1.,1.),(1.,1.)))
REPRESENTATION_ITEM('')
SURFACE()
);
#19=(
BOUNDED_SURFACE()
B_SPLINE_SURFACE(3,1,((#7297,#7298),(#7299,#7300),(#7301,#7302),(#7303,
#7304)),.UNSPECIFIED.,.F.,.F.,.F.)
B_SPLINE_SURFACE_WITH_KNOTS((4,4),(2,2),(-1.,0.),(0.,1.5),.UNSPECIFIED.)
GEOMETRIC_REPRESENTATION_ITEM()
RATIONAL_B_SPLINE_SURFACE(((1.,1.),(1.,1.),(1.,1.),(1.,1.)))
REPRESENTATION_ITEM('')
SURFACE()
);
#20=(
BOUNDED_SURFACE()
B_SPLINE_SURFACE(3,1,((#7316,#7317),(#7318,#7319),(#7320,#7321),(#7322,
#7323)),.UNSPECIFIED.,.F.,.F.,.F.)
B_SPLINE_SURFACE_WITH_KNOTS((4,4),(2,2),(-1.,0.),(0.,1.5),.UNSPECIFIED.)
GEOMETRIC_REPRESENTATION_ITEM()
RATIONAL_B_SPLINE_SURFACE(((1.,1.),(1.,1.),(1.,1.),(1.,1.)))
REPRESENTATION_ITEM('')
SURFACE()
);
#21=(
BOUNDED_SURFACE()
B_SPLINE_SURFACE(3,1,((#7335,#7336),(#7337,#7338),(#7339,#7340),(#7341,
#7342)),.UNSPECIFIED.,.F.,.F.,.F.)
B_SPLINE_SURFACE_WITH_KNOTS((4,4),(2,2),(-1.,0.),(0.,1.5),.UNSPECIFIED.)
GEOMETRIC_REPRESENTATION_ITEM()
RATIONAL_B_SPLINE_SURFACE(((1.,1.),(1.,1.),(1.,1.),(1.,1.)))
REPRESENTATION_ITEM('')
SURFACE()
);
#22=(
BOUNDED_SURFACE()
B_SPLINE_SURFACE(3,1,((#7354,#7355),(#7356,#7357),(#7358,#7359),(#7360,
#7361)),.UNSPECIFIED.,.F.,.F.,.F.)
B_SPLINE_SURFACE_WITH_KNOTS((4,4),(2,2),(-1.,0.),(0.,1.5),.UNSPECIFIED.)
GEOMETRIC_REPRESENTATION_ITEM()
RATIONAL_B_SPLINE_SURFACE(((1.,1.),(1.,1.),(1.,1.),(1.,1.)))
REPRESENTATION_ITEM('')
SURFACE()
);
#23=(
BOUNDED_SURFACE()
B_SPLINE_SURFACE(3,1,((#7373,#7374),(#7375,#7376),(#7377,#7378),(#7379,
#7380)),.UNSPECIFIED.,.F.,.F.,.F.)
B_SPLINE_SURFACE_WITH_KNOTS((4,4),(2,2),(-1.,0.),(0.,1.5),.UNSPECIFIED.)
GEOMETRIC_REPRESENTATION_ITEM()
RATIONAL_B_SPLINE_SURFACE(((1.,1.),(1.,1.),(1.,1.),(1.,1.)))
REPRESENTATION_ITEM('')
SURFACE()
);
#24=(
BOUNDED_SURFACE()
B_SPLINE_SURFACE(3,1,((#7398,#7399),(#7400,#7401),(#7402,#7403),(#7404,
#7405)),.UNSPECIFIED.,.F.,.F.,.F.)
B_SPLINE_SURFACE_WITH_KNOTS((4,4),(2,2),(-1.,0.),(0.,1.5),.UNSPECIFIED.)
GEOMETRIC_REPRESENTATION_ITEM()
RATIONAL_B_SPLINE_SURFACE(((1.,1.),(1.,1.),(1.,1.),(1.,1.)))
REPRESENTATION_ITEM('')
SURFACE()
);
#25=(
BOUNDED_SURFACE()
B_SPLINE_SURFACE(3,1,((#7414,#7415),(#7416,#7417),(#7418,#7419),(#7420,
#7421)),.UNSPECIFIED.,.F.,.F.,.F.)
B_SPLINE_SURFACE_WITH_KNOTS((4,4),(2,2),(-1.,0.),(0.,1.5),.UNSPECIFIED.)
GEOMETRIC_REPRESENTATION_ITEM()
RATIONAL_B_SPLINE_SURFACE(((1.,1.),(1.,1.),(1.,1.),(1.,1.)))
REPRESENTATION_ITEM('')
SURFACE()
);
#26=(
BOUNDED_SURFACE()
B_SPLINE_SURFACE(3,1,((#7428,#7429),(#7430,#7431),(#7432,#7433),(#7434,
#7435)),.UNSPECIFIED.,.F.,.F.,.F.)
B_SPLINE_SURFACE_WITH_KNOTS((4,4),(2,2),(-1.,0.),(0.,1.5),.UNSPECIFIED.)
GEOMETRIC_REPRESENTATION_ITEM()
RATIONAL_B_SPLINE_SURFACE(((1.,1.),(1.,1.),(1.,1.),(1.,1.)))
REPRESENTATION_ITEM('')
SURFACE()
);
#27=(
BOUNDED_SURFACE()
B_SPLINE_SURFACE(3,1,((#7442,#7443),(#7444,#7445),(#7446,#7447),(#7448,
#7449)),.UNSPECIFIED.,.F.,.F.,.F.)
B_SPLINE_SURFACE_WITH_KNOTS((4,4),(2,2),(-1.,0.),(0.,1.5),.UNSPECIFIED.)
GEOMETRIC_REPRESENTATION_ITEM()
RATIONAL_B_SPLINE_SURFACE(((1.,1.),(1.,1.),(1.,1.),(1.,1.)))
REPRESENTATION_ITEM('')
SURFACE()
);
#28=(
BOUNDED_SURFACE()
B_SPLINE_SURFACE(3,1,((#7456,#7457),(#7458,#7459),(#7460,#7461),(#7462,
#7463)),.UNSPECIFIED.,.F.,.F.,.F.)
B_SPLINE_SURFACE_WITH_KNOTS((4,4),(2,2),(-1.,0.),(0.,1.5),.UNSPECIFIED.)
GEOMETRIC_REPRESENTATION_ITEM()
RATIONAL_B_SPLINE_SURFACE(((1.,1.),(1.,1.),(1.,1.),(1.,1.)))
REPRESENTATION_ITEM('')
SURFACE()
);
#29=(
BOUNDED_SURFACE()
B_SPLINE_SURFACE(3,1,((#7470,#7471),(#7472,#7473),(#7474,#7475),(#7476,
#7477)),.UNSPECIFIED.,.F.,.F.,.F.)
B_SPLINE_SURFACE_WITH_KNOTS((4,4),(2,2),(-1.,0.),(0.,1.5),.UNSPECIFIED.)
GEOMETRIC_REPRESENTATION_ITEM()
RATIONAL_B_SPLINE_SURFACE(((1.,1.),(1.,1.),(1.,1.),(1.,1.)))
REPRESENTATION_ITEM('')
SURFACE()
);
#30=(
BOUNDED_SURFACE()
B_SPLINE_SURFACE(3,1,((#7484,#7485),(#7486,#7487),(#7488,#7489),(#7490,
#7491)),.UNSPECIFIED.,.F.,.F.,.F.)
B_SPLINE_SURFACE_WITH_KNOTS((4,4),(2,2),(-1.,0.),(0.,1.5),.UNSPECIFIED.)
GEOMETRIC_REPRESENTATION_ITEM()
RATIONAL_B_SPLINE_SURFACE(((1.,1.),(1.,1.),(1.,1.),(1.,1.)))
REPRESENTATION_ITEM('')
SURFACE()
);
#31=(
BOUNDED_SURFACE()
B_SPLINE_SURFACE(3,1,((#7498,#7499),(#7500,#7501),(#7502,#7503),(#7504,
#7505)),.UNSPECIFIED.,.F.,.F.,.F.)
B_SPLINE_SURFACE_WITH_KNOTS((4,4),(2,2),(-1.,0.),(0.,1.5),.UNSPECIFIED.)
GEOMETRIC_REPRESENTATION_ITEM()
RATIONAL_B_SPLINE_SURFACE(((1.,1.),(1.,1.),(1.,1.),(1.,1.)))
REPRESENTATION_ITEM('')
SURFACE()
);
#32=(
BOUNDED_SURFACE()
B_SPLINE_SURFACE(3,1,((#7512,#7513),(#7514,#7515),(#7516,#7517),(#7518,
#7519)),.UNSPECIFIED.,.F.,.F.,.F.)
B_SPLINE_SURFACE_WITH_KNOTS((4,4),(2,2),(-1.,0.),(0.,1.5),.UNSPECIFIED.)
GEOMETRIC_REPRESENTATION_ITEM()
RATIONAL_B_SPLINE_SURFACE(((1.,1.),(1.,1.),(1.,1.),(1.,1.)))
REPRESENTATION_ITEM('')
SURFACE()
);
#33=(
BOUNDED_SURFACE()
B_SPLINE_SURFACE(3,1,((#7526,#7527),(#7528,#7529),(#7530,#7531),(#7532,
#7533)),.UNSPECIFIED.,.F.,.F.,.F.)
B_SPLINE_SURFACE_WITH_KNOTS((4,4),(2,2),(-1.,0.),(0.,1.5),.UNSPECIFIED.)
GEOMETRIC_REPRESENTATION_ITEM()
RATIONAL_B_SPLINE_SURFACE(((1.,1.),(1.,1.),(1.,1.),(1.,1.)))
REPRESENTATION_ITEM('')
SURFACE()
);
#34=(
BOUNDED_SURFACE()
B_SPLINE_SURFACE(3,1,((#7540,#7541),(#7542,#7543),(#7544,#7545),(#7546,
#7547)),.UNSPECIFIED.,.F.,.F.,.F.)
B_SPLINE_SURFACE_WITH_KNOTS((4,4),(2,2),(-1.,0.),(0.,1.5),.UNSPECIFIED.)
GEOMETRIC_REPRESENTATION_ITEM()
RATIONAL_B_SPLINE_SURFACE(((1.,1.),(1.,1.),(1.,1.),(1.,1.)))
REPRESENTATION_ITEM('')
SURFACE()
);
#35=(
BOUNDED_SURFACE()
B_SPLINE_SURFACE(3,1,((#7554,#7555),(#7556,#7557),(#7558,#7559),(#7560,
#7561)),.UNSPECIFIED.,.F.,.F.,.F.)
B_SPLINE_SURFACE_WITH_KNOTS((4,4),(2,2),(-1.,0.),(0.,1.5),.UNSPECIFIED.)
GEOMETRIC_REPRESENTATION_ITEM()
RATIONAL_B_SPLINE_SURFACE(((1.,1.),(1.,1.),(1.,1.),(1.,1.)))
REPRESENTATION_ITEM('')
SURFACE()
);
#36=(
BOUNDED_SURFACE()
B_SPLINE_SURFACE(3,1,((#7568,#7569),(#7570,#7571),(#7572,#7573),(#7574,
#7575)),.UNSPECIFIED.,.F.,.F.,.F.)
B_SPLINE_SURFACE_WITH_KNOTS((4,4),(2,2),(-1.,0.),(0.,1.5),.UNSPECIFIED.)
GEOMETRIC_REPRESENTATION_ITEM()
RATIONAL_B_SPLINE_SURFACE(((1.,1.),(1.,1.),(1.,1.),(1.,1.)))
REPRESENTATION_ITEM('')
SURFACE()
);
#37=(
BOUNDED_SURFACE()
B_SPLINE_SURFACE(3,1,((#7582,#7583),(#7584,#7585),(#7586,#7587),(#7588,
#7589)),.UNSPECIFIED.,.F.,.F.,.F.)
B_SPLINE_SURFACE_WITH_KNOTS((4,4),(2,2),(-1.,0.),(0.,1.5),.UNSPECIFIED.)
GEOMETRIC_REPRESENTATION_ITEM()
RATIONAL_B_SPLINE_SURFACE(((1.,1.),(1.,1.),(1.,1.),(1.,1.)))
REPRESENTATION_ITEM('')
SURFACE()
);
#38=(
BOUNDED_SURFACE()
B_SPLINE_SURFACE(3,1,((#7596,#7597),(#7598,#7599),(#7600,#7601),(#7602,
#7603)),.UNSPECIFIED.,.F.,.F.,.F.)
B_SPLINE_SURFACE_WITH_KNOTS((4,4),(2,2),(-1.,0.),(0.,1.5),.UNSPECIFIED.)
GEOMETRIC_REPRESENTATION_ITEM()
RATIONAL_B_SPLINE_SURFACE(((1.,1.),(1.,1.),(1.,1.),(1.,1.)))
REPRESENTATION_ITEM('')
SURFACE()
);
#39=(
BOUNDED_SURFACE()
B_SPLINE_SURFACE(3,1,((#7610,#7611),(#7612,#7613),(#7614,#7615),(#7616,
#7617)),.UNSPECIFIED.,.F.,.F.,.F.)
B_SPLINE_SURFACE_WITH_KNOTS((4,4),(2,2),(-1.,0.),(0.,1.5),.UNSPECIFIED.)
GEOMETRIC_REPRESENTATION_ITEM()
RATIONAL_B_SPLINE_SURFACE(((1.,1.),(1.,1.),(1.,1.),(1.,1.)))
REPRESENTATION_ITEM('')
SURFACE()
);
#40=(
BOUNDED_SURFACE()
B_SPLINE_SURFACE(3,1,((#7629,#7630),(#7631,#7632),(#7633,#7634),(#7635,
#7636)),.UNSPECIFIED.,.F.,.F.,.F.)
B_SPLINE_SURFACE_WITH_KNOTS((4,4),(2,2),(-1.,0.),(0.,1.5),.UNSPECIFIED.)
GEOMETRIC_REPRESENTATION_ITEM()
RATIONAL_B_SPLINE_SURFACE(((1.,1.),(1.,1.),(1.,1.),(1.,1.)))
REPRESENTATION_ITEM('')
SURFACE()
);
#41=(
BOUNDED_SURFACE()
B_SPLINE_SURFACE(3,1,((#7648,#7649),(#7650,#7651),(#7652,#7653),(#7654,
#7655)),.UNSPECIFIED.,.F.,.F.,.F.)
B_SPLINE_SURFACE_WITH_KNOTS((4,4),(2,2),(-1.,0.),(0.,1.5),.UNSPECIFIED.)
GEOMETRIC_REPRESENTATION_ITEM()
RATIONAL_B_SPLINE_SURFACE(((1.,1.),(1.,1.),(1.,1.),(1.,1.)))
REPRESENTATION_ITEM('')
SURFACE()
);
#42=(
BOUNDED_SURFACE()
B_SPLINE_SURFACE(3,1,((#7667,#7668),(#7669,#7670),(#7671,#7672),(#7673,
#7674)),.UNSPECIFIED.,.F.,.F.,.F.)
B_SPLINE_SURFACE_WITH_KNOTS((4,4),(2,2),(-1.,0.),(0.,1.5),.UNSPECIFIED.)
GEOMETRIC_REPRESENTATION_ITEM()
RATIONAL_B_SPLINE_SURFACE(((1.,1.),(1.,1.),(1.,1.),(1.,1.)))
REPRESENTATION_ITEM('')
SURFACE()
);
#43=(
BOUNDED_SURFACE()
B_SPLINE_SURFACE(3,1,((#7686,#7687),(#7688,#7689),(#7690,#7691),(#7692,
#7693)),.UNSPECIFIED.,.F.,.F.,.F.)
B_SPLINE_SURFACE_WITH_KNOTS((4,4),(2,2),(-1.,0.),(0.,1.5),.UNSPECIFIED.)
GEOMETRIC_REPRESENTATION_ITEM()
RATIONAL_B_SPLINE_SURFACE(((1.,1.),(1.,1.),(1.,1.),(1.,1.)))
REPRESENTATION_ITEM('')
SURFACE()
);
#44=(
BOUNDED_SURFACE()
B_SPLINE_SURFACE(3,1,((#7705,#7706),(#7707,#7708),(#7709,#7710),(#7711,
#7712)),.UNSPECIFIED.,.F.,.F.,.F.)
B_SPLINE_SURFACE_WITH_KNOTS((4,4),(2,2),(-1.,0.),(0.,1.5),.UNSPECIFIED.)
GEOMETRIC_REPRESENTATION_ITEM()
RATIONAL_B_SPLINE_SURFACE(((1.,1.),(1.,1.),(1.,1.),(1.,1.)))
REPRESENTATION_ITEM('')
SURFACE()
);
#45=(
BOUNDED_SURFACE()
B_SPLINE_SURFACE(3,1,((#7724,#7725),(#7726,#7727),(#7728,#7729),(#7730,
#7731)),.UNSPECIFIED.,.F.,.F.,.F.)
B_SPLINE_SURFACE_WITH_KNOTS((4,4),(2,2),(-1.,0.),(0.,1.5),.UNSPECIFIED.)
GEOMETRIC_REPRESENTATION_ITEM()
RATIONAL_B_SPLINE_SURFACE(((1.,1.),(1.,1.),(1.,1.),(1.,1.)))
REPRESENTATION_ITEM('')
SURFACE()
);
#46=(
BOUNDED_SURFACE()
B_SPLINE_SURFACE(3,1,((#7743,#7744),(#7745,#7746),(#7747,#7748),(#7749,
#7750)),.UNSPECIFIED.,.F.,.F.,.F.)
B_SPLINE_SURFACE_WITH_KNOTS((4,4),(2,2),(-1.,0.),(0.,1.5),.UNSPECIFIED.)
GEOMETRIC_REPRESENTATION_ITEM()
RATIONAL_B_SPLINE_SURFACE(((1.,1.),(1.,1.),(1.,1.),(1.,1.)))
REPRESENTATION_ITEM('')
SURFACE()
);
#47=(
BOUNDED_SURFACE()
B_SPLINE_SURFACE(3,1,((#7762,#7763),(#7764,#7765),(#7766,#7767),(#7768,
#7769)),.UNSPECIFIED.,.F.,.F.,.F.)
B_SPLINE_SURFACE_WITH_KNOTS((4,4),(2,2),(-1.,0.),(0.,1.5),.UNSPECIFIED.)
GEOMETRIC_REPRESENTATION_ITEM()
RATIONAL_B_SPLINE_SURFACE(((1.,1.),(1.,1.),(1.,1.),(1.,1.)))
REPRESENTATION_ITEM('')
SURFACE()
);
#48=(
BOUNDED_SURFACE()
B_SPLINE_SURFACE(3,1,((#7781,#7782),(#7783,#7784),(#7785,#7786),(#7787,
#7788)),.UNSPECIFIED.,.F.,.F.,.F.)
B_SPLINE_SURFACE_WITH_KNOTS((4,4),(2,2),(-1.,0.),(0.,1.5),.UNSPECIFIED.)
GEOMETRIC_REPRESENTATION_ITEM()
RATIONAL_B_SPLINE_SURFACE(((1.,1.),(1.,1.),(1.,1.),(1.,1.)))
REPRESENTATION_ITEM('')
SURFACE()
);
#49=(
BOUNDED_SURFACE()
B_SPLINE_SURFACE(3,1,((#7803,#7804),(#7805,#7806),(#7807,#7808),(#7809,
#7810)),.UNSPECIFIED.,.F.,.F.,.F.)
B_SPLINE_SURFACE_WITH_KNOTS((4,4),(2,2),(-1.,0.),(0.,1.5),.UNSPECIFIED.)
GEOMETRIC_REPRESENTATION_ITEM()
RATIONAL_B_SPLINE_SURFACE(((1.,1.),(1.,1.),(1.,1.),(1.,1.)))
REPRESENTATION_ITEM('')
SURFACE()
);
#50=(
BOUNDED_SURFACE()
B_SPLINE_SURFACE(3,1,((#7817,#7818),(#7819,#7820),(#7821,#7822),(#7823,
#7824)),.UNSPECIFIED.,.F.,.F.,.F.)
B_SPLINE_SURFACE_WITH_KNOTS((4,4),(2,2),(-1.,0.),(0.,1.5),.UNSPECIFIED.)
GEOMETRIC_REPRESENTATION_ITEM()
RATIONAL_B_SPLINE_SURFACE(((1.,1.),(1.,1.),(1.,1.),(1.,1.)))
REPRESENTATION_ITEM('')
SURFACE()
);
#51=(
BOUNDED_SURFACE()
B_SPLINE_SURFACE(3,1,((#7831,#7832),(#7833,#7834),(#7835,#7836),(#7837,
#7838)),.UNSPECIFIED.,.F.,.F.,.F.)
B_SPLINE_SURFACE_WITH_KNOTS((4,4),(2,2),(-1.,0.),(0.,1.5),.UNSPECIFIED.)
GEOMETRIC_REPRESENTATION_ITEM()
RATIONAL_B_SPLINE_SURFACE(((1.,1.),(1.,1.),(1.,1.),(1.,1.)))
REPRESENTATION_ITEM('')
SURFACE()
);
#52=(
BOUNDED_SURFACE()
B_SPLINE_SURFACE(3,1,((#7845,#7846),(#7847,#7848),(#7849,#7850),(#7851,
#7852)),.UNSPECIFIED.,.F.,.F.,.F.)
B_SPLINE_SURFACE_WITH_KNOTS((4,4),(2,2),(-1.,0.),(0.,1.5),.UNSPECIFIED.)
GEOMETRIC_REPRESENTATION_ITEM()
RATIONAL_B_SPLINE_SURFACE(((1.,1.),(1.,1.),(1.,1.),(1.,1.)))
REPRESENTATION_ITEM('')
SURFACE()
);
#53=(
BOUNDED_SURFACE()
B_SPLINE_SURFACE(3,1,((#7859,#7860),(#7861,#7862),(#7863,#7864),(#7865,
#7866)),.UNSPECIFIED.,.F.,.F.,.F.)
B_SPLINE_SURFACE_WITH_KNOTS((4,4),(2,2),(-1.,0.),(0.,1.5),.UNSPECIFIED.)
GEOMETRIC_REPRESENTATION_ITEM()
RATIONAL_B_SPLINE_SURFACE(((1.,1.),(1.,1.),(1.,1.),(1.,1.)))
REPRESENTATION_ITEM('')
SURFACE()
);
#54=(
BOUNDED_SURFACE()
B_SPLINE_SURFACE(3,1,((#7873,#7874),(#7875,#7876),(#7877,#7878),(#7879,
#7880)),.UNSPECIFIED.,.F.,.F.,.F.)
B_SPLINE_SURFACE_WITH_KNOTS((4,4),(2,2),(-1.,0.),(0.,1.5),.UNSPECIFIED.)
GEOMETRIC_REPRESENTATION_ITEM()
RATIONAL_B_SPLINE_SURFACE(((1.,1.),(1.,1.),(1.,1.),(1.,1.)))
REPRESENTATION_ITEM('')
SURFACE()
);
#55=(
BOUNDED_SURFACE()
B_SPLINE_SURFACE(3,1,((#7887,#7888),(#7889,#7890),(#7891,#7892),(#7893,
#7894)),.UNSPECIFIED.,.F.,.F.,.F.)
B_SPLINE_SURFACE_WITH_KNOTS((4,4),(2,2),(-1.,0.),(0.,1.5),.UNSPECIFIED.)
GEOMETRIC_REPRESENTATION_ITEM()
RATIONAL_B_SPLINE_SURFACE(((1.,1.),(1.,1.),(1.,1.),(1.,1.)))
REPRESENTATION_ITEM('')
SURFACE()
);
#56=(
BOUNDED_SURFACE()
B_SPLINE_SURFACE(3,1,((#7901,#7902),(#7903,#7904),(#7905,#7906),(#7907,
#7908)),.UNSPECIFIED.,.F.,.F.,.F.)
B_SPLINE_SURFACE_WITH_KNOTS((4,4),(2,2),(-1.,0.),(0.,1.5),.UNSPECIFIED.)
GEOMETRIC_REPRESENTATION_ITEM()
RATIONAL_B_SPLINE_SURFACE(((1.,1.),(1.,1.),(1.,1.),(1.,1.)))
REPRESENTATION_ITEM('')
SURFACE()
);
#57=(
BOUNDED_SURFACE()
B_SPLINE_SURFACE(3,1,((#7915,#7916),(#7917,#7918),(#7919,#7920),(#7921,
#7922)),.UNSPECIFIED.,.F.,.F.,.F.)
B_SPLINE_SURFACE_WITH_KNOTS((4,4),(2,2),(-1.,0.),(0.,1.5),.UNSPECIFIED.)
GEOMETRIC_REPRESENTATION_ITEM()
RATIONAL_B_SPLINE_SURFACE(((1.,1.),(1.,1.),(1.,1.),(1.,1.)))
REPRESENTATION_ITEM('')
SURFACE()
);
#58=(
BOUNDED_SURFACE()
B_SPLINE_SURFACE(3,1,((#7929,#7930),(#7931,#7932),(#7933,#7934),(#7935,
#7936)),.UNSPECIFIED.,.F.,.F.,.F.)
B_SPLINE_SURFACE_WITH_KNOTS((4,4),(2,2),(-1.,0.),(0.,1.5),.UNSPECIFIED.)
GEOMETRIC_REPRESENTATION_ITEM()
RATIONAL_B_SPLINE_SURFACE(((1.,1.),(1.,1.),(1.,1.),(1.,1.)))
REPRESENTATION_ITEM('')
SURFACE()
);
#59=(
BOUNDED_SURFACE()
B_SPLINE_SURFACE(3,1,((#7943,#7944),(#7945,#7946),(#7947,#7948),(#7949,
#7950)),.UNSPECIFIED.,.F.,.F.,.F.)
B_SPLINE_SURFACE_WITH_KNOTS((4,4),(2,2),(-1.,0.),(0.,1.5),.UNSPECIFIED.)
GEOMETRIC_REPRESENTATION_ITEM()
RATIONAL_B_SPLINE_SURFACE(((1.,1.),(1.,1.),(1.,1.),(1.,1.)))
REPRESENTATION_ITEM('')
SURFACE()
);
#60=(
BOUNDED_SURFACE()
B_SPLINE_SURFACE(3,1,((#7957,#7958),(#7959,#7960),(#7961,#7962),(#7963,
#7964)),.UNSPECIFIED.,.F.,.F.,.F.)
B_SPLINE_SURFACE_WITH_KNOTS((4,4),(2,2),(-1.,0.),(0.,1.5),.UNSPECIFIED.)
GEOMETRIC_REPRESENTATION_ITEM()
RATIONAL_B_SPLINE_SURFACE(((1.,1.),(1.,1.),(1.,1.),(1.,1.)))
REPRESENTATION_ITEM('')
SURFACE()
);
#61=(
BOUNDED_SURFACE()
B_SPLINE_SURFACE(3,1,((#7971,#7972),(#7973,#7974),(#7975,#7976),(#7977,
#7978)),.UNSPECIFIED.,.F.,.F.,.F.)
B_SPLINE_SURFACE_WITH_KNOTS((4,4),(2,2),(-1.,0.),(0.,1.5),.UNSPECIFIED.)
GEOMETRIC_REPRESENTATION_ITEM()
RATIONAL_B_SPLINE_SURFACE(((1.,1.),(1.,1.),(1.,1.),(1.,1.)))
REPRESENTATION_ITEM('')
SURFACE()
);
#62=(
BOUNDED_SURFACE()
B_SPLINE_SURFACE(3,1,((#7985,#7986),(#7987,#7988),(#7989,#7990),(#7991,
#7992)),.UNSPECIFIED.,.F.,.F.,.F.)
B_SPLINE_SURFACE_WITH_KNOTS((4,4),(2,2),(-1.,0.),(0.,1.5),.UNSPECIFIED.)
GEOMETRIC_REPRESENTATION_ITEM()
RATIONAL_B_SPLINE_SURFACE(((1.,1.),(1.,1.),(1.,1.),(1.,1.)))
REPRESENTATION_ITEM('')
SURFACE()
);
#63=(
BOUNDED_SURFACE()
B_SPLINE_SURFACE(3,1,((#7999,#8000),(#8001,#8002),(#8003,#8004),(#8005,
#8006)),.UNSPECIFIED.,.F.,.F.,.F.)
B_SPLINE_SURFACE_WITH_KNOTS((4,4),(2,2),(-1.,0.),(0.,1.5),.UNSPECIFIED.)
GEOMETRIC_REPRESENTATION_ITEM()
RATIONAL_B_SPLINE_SURFACE(((1.,1.),(1.,1.),(1.,1.),(1.,1.)))
REPRESENTATION_ITEM('')
SURFACE()
);
#64=B_SPLINE_SURFACE_WITH_KNOTS('',3,1,((#6804,#6805),(#6806,#6807),(#6808,
#6809),(#6810,#6811),(#6812,#6813)),.UNSPECIFIED.,.F.,.F.,.F.,(4,1,4),(2,
2),(0.,0.026568675408836,0.0585527571331063),(0.,0.2),.UNSPECIFIED.);
#65=B_SPLINE_SURFACE_WITH_KNOTS('',3,1,((#6827,#6828),(#6829,#6830),(#6831,
#6832),(#6833,#6834),(#6835,#6836)),.UNSPECIFIED.,.F.,.F.,.F.,(4,1,4),(2,
2),(0.,0.0295540832859804,0.0549695192897985),(0.,0.2),.UNSPECIFIED.);
#66=B_SPLINE_SURFACE_WITH_KNOTS('',3,1,((#6850,#6851),(#6852,#6853),(#6854,
#6855),(#6856,#6857),(#6858,#6859)),.UNSPECIFIED.,.F.,.F.,.F.,(4,1,4),(2,
2),(0.,0.0258635370729465,0.0562332924007802),(0.,0.2),.UNSPECIFIED.);
#67=B_SPLINE_SURFACE_WITH_KNOTS('',3,1,((#6873,#6874),(#6875,#6876),(#6877,
#6878),(#6879,#6880),(#6881,#6882)),.UNSPECIFIED.,.F.,.F.,.F.,(4,1,4),(2,
2),(0.,0.0345517625794778,0.0615197212142396),(0.,0.2),.UNSPECIFIED.);
#68=B_SPLINE_SURFACE_WITH_KNOTS('',3,1,((#6914,#6915),(#6916,#6917),(#6918,
#6919),(#6920,#6921),(#6922,#6923)),.UNSPECIFIED.,.F.,.F.,.F.,(4,1,4),(2,
2),(0.,0.0345770330283048,0.0833669422962533),(0.,0.2),.UNSPECIFIED.);
#69=B_SPLINE_SURFACE_WITH_KNOTS('',3,1,((#6937,#6938),(#6939,#6940),(#6941,
#6942),(#6943,#6944),(#6945,#6946)),.UNSPECIFIED.,.F.,.F.,.F.,(4,1,4),(2,
2),(0.,0.0286079498676746,0.0574171773787061),(0.,0.2),.UNSPECIFIED.);
#70=B_SPLINE_SURFACE_WITH_KNOTS('',3,1,((#6960,#6961),(#6962,#6963),(#6964,
#6965),(#6966,#6967),(#6968,#6969)),.UNSPECIFIED.,.F.,.F.,.F.,(4,1,4),(2,
2),(0.,0.0292222457741245,0.0584730749506219),(0.,0.2),.UNSPECIFIED.);
#71=B_SPLINE_SURFACE_WITH_KNOTS('',3,1,((#6983,#6984),(#6985,#6986),(#6987,
#6988),(#6989,#6990),(#6991,#6992)),.UNSPECIFIED.,.F.,.F.,.F.,(4,1,4),(2,
2),(0.,0.0420091567944408,0.0742364086109072),(0.,0.2),.UNSPECIFIED.);
#72=B_SPLINE_SURFACE_WITH_KNOTS('',3,1,((#7015,#7016),(#7017,#7018),(#7019,
#7020),(#7021,#7022),(#7023,#7024)),.UNSPECIFIED.,.F.,.F.,.F.,(4,1,4),(2,
2),(0.,0.0366342461612193,0.0807937502706308),(0.,0.2),.UNSPECIFIED.);
#73=B_SPLINE_SURFACE_WITH_KNOTS('',3,1,((#7034,#7035),(#7036,#7037),(#7038,
#7039),(#7040,#7041),(#7042,#7043)),.UNSPECIFIED.,.F.,.F.,.F.,(4,1,4),(2,
2),(0.,0.0318700274808842,0.0624451452135055),(0.,0.2),.UNSPECIFIED.);
#74=B_SPLINE_SURFACE_WITH_KNOTS('',3,1,((#7051,#7052),(#7053,#7054),(#7055,
#7056),(#7057,#7058),(#7059,#7060)),.UNSPECIFIED.,.F.,.F.,.F.,(4,1,4),(2,
2),(0.,0.0518093179263511,0.103280642192648),(0.,0.2),.UNSPECIFIED.);
#75=B_SPLINE_SURFACE_WITH_KNOTS('',3,1,((#7068,#7069),(#7070,#7071),(#7072,
#7073),(#7074,#7075),(#7076,#7077)),.UNSPECIFIED.,.F.,.F.,.F.,(4,1,4),(2,
2),(0.,0.0380221559728981,0.0778591706319127),(0.,0.2),.UNSPECIFIED.);
#76=B_SPLINE_SURFACE_WITH_KNOTS('',3,1,((#7085,#7086),(#7087,#7088),(#7089,
#7090),(#7091,#7092),(#7093,#7094)),.UNSPECIFIED.,.F.,.F.,.F.,(4,1,4),(2,
2),(0.,0.0378543517899922,0.0751981891448842),(0.,0.2),.UNSPECIFIED.);
#77=B_SPLINE_SURFACE_WITH_KNOTS('',3,1,((#7102,#7103),(#7104,#7105),(#7106,
#7107),(#7108,#7109),(#7110,#7111)),.UNSPECIFIED.,.F.,.F.,.F.,(4,1,4),(2,
2),(0.,0.0476856595521816,0.0962385868195152),(0.,0.2),.UNSPECIFIED.);
#78=B_SPLINE_SURFACE_WITH_KNOTS('',3,1,((#7119,#7120),(#7121,#7122),(#7123,
#7124),(#7125,#7126),(#7127,#7128)),.UNSPECIFIED.,.F.,.F.,.F.,(4,1,4),(2,
2),(0.,0.0286893562350737,0.0564235800641937),(0.,0.2),.UNSPECIFIED.);
#79=B_SPLINE_SURFACE_WITH_KNOTS('',3,1,((#7136,#7137),(#7138,#7139),(#7140,
#7141),(#7142,#7143),(#7144,#7145)),.UNSPECIFIED.,.F.,.F.,.F.,(4,1,4),(2,
2),(0.,0.0268788184973317,0.0550082466710307),(0.,0.2),.UNSPECIFIED.);
#80=B_SPLINE_SURFACE_WITH_KNOTS('',3,1,((#7153,#7154),(#7155,#7156),(#7157,
#7158),(#7159,#7160),(#7161,#7162)),.UNSPECIFIED.,.F.,.F.,.F.,(4,1,4),(2,
2),(0.,0.0279140856333429,0.0542186187662584),(0.,0.2),.UNSPECIFIED.);
#81=B_SPLINE_SURFACE_WITH_KNOTS('',3,1,((#7170,#7171),(#7172,#7173),(#7174,
#7175),(#7176,#7177),(#7178,#7179)),.UNSPECIFIED.,.F.,.F.,.F.,(4,1,4),(2,
2),(0.,0.0424677570929213,0.0757532948821941),(0.,0.2),.UNSPECIFIED.);
#82=STYLED_ITEM('',(#8052),#4531);
#83=STYLED_ITEM('',(#8052),#4532);
#84=STYLED_ITEM('',(#8052),#4533);
#85=STYLED_ITEM('',(#8052),#4534);
#86=STYLED_ITEM('',(#8052),#4535);
#87=STYLED_ITEM('',(#8052),#4536);
#88=STYLED_ITEM('',(#8052),#4537);
#89=STYLED_ITEM('',(#8052),#4538);
#90=STYLED_ITEM('',(#8052),#4539);
#91=STYLED_ITEM('',(#8052),#4540);
#92=STYLED_ITEM('',(#8052),#4541);
#93=STYLED_ITEM('',(#8052),#4542);
#94=STYLED_ITEM('',(#8052),#4543);
#95=STYLED_ITEM('',(#8052),#4544);
#96=STYLED_ITEM('',(#8052),#4545);
#97=STYLED_ITEM('',(#8052),#4546);
#98=STYLED_ITEM('',(#8052),#4547);
#99=STYLED_ITEM('',(#8052),#4548);
#100=STYLED_ITEM('',(#8052),#4549);
#101=STYLED_ITEM('',(#8052),#4550);
#102=STYLED_ITEM('',(#8052),#4551);
#103=STYLED_ITEM('',(#8052),#4552);
#104=STYLED_ITEM('',(#8052),#4553);
#105=STYLED_ITEM('',(#8052),#4554);
#106=STYLED_ITEM('',(#8052),#4555);
#107=STYLED_ITEM('',(#8052),#4556);
#108=STYLED_ITEM('',(#8052),#4557);
#109=STYLED_ITEM('',(#8053),#4560);
#110=STYLED_ITEM('',(#8053),#4561);
#111=STYLED_ITEM('',(#8053),#4562);
#112=STYLED_ITEM('',(#8053),#4563);
#113=STYLED_ITEM('',(#8053),#4564);
#114=STYLED_ITEM('',(#8053),#4565);
#115=STYLED_ITEM('',(#8053),#4566);
#116=STYLED_ITEM('',(#8053),#4567);
#117=STYLED_ITEM('',(#8053),#4568);
#118=STYLED_ITEM('',(#8053),#4569);
#119=STYLED_ITEM('',(#8053),#4570);
#120=STYLED_ITEM('',(#8053),#4571);
#121=STYLED_ITEM('',(#8053),#4572);
#122=STYLED_ITEM('',(#8053),#4573);
#123=STYLED_ITEM('',(#8053),#4574);
#124=STYLED_ITEM('',(#8053),#4575);
#125=STYLED_ITEM('',(#8053),#4576);
#126=STYLED_ITEM('',(#8053),#4577);
#127=STYLED_ITEM('',(#8053),#4578);
#128=STYLED_ITEM('',(#8053),#4579);
#129=STYLED_ITEM('',(#8053),#4580);
#130=STYLED_ITEM('',(#8053),#4581);
#131=STYLED_ITEM('',(#8053),#4582);
#132=STYLED_ITEM('',(#8053),#4583);
#133=STYLED_ITEM('',(#8053),#4584);
#134=STYLED_ITEM('',(#8053),#4585);
#135=STYLED_ITEM('',(#8053),#4586);
#136=STYLED_ITEM('',(#8053),#4587);
#137=STYLED_ITEM('',(#8053),#4588);
#138=STYLED_ITEM('',(#8053),#4589);
#139=STYLED_ITEM('',(#8053),#4590);
#140=STYLED_ITEM('',(#8053),#4591);
#141=STYLED_ITEM('',(#8053),#4592);
#142=STYLED_ITEM('',(#8053),#4593);
#143=STYLED_ITEM('',(#8053),#4594);
#144=STYLED_ITEM('',(#8053),#4595);
#145=STYLED_ITEM('',(#8053),#4596);
#146=STYLED_ITEM('',(#8053),#4597);
#147=STYLED_ITEM('',(#8053),#4598);
#148=STYLED_ITEM('',(#8053),#4599);
#149=STYLED_ITEM('',(#8053),#4600);
#150=STYLED_ITEM('',(#8053),#4601);
#151=STYLED_ITEM('',(#8053),#4602);
#152=STYLED_ITEM('',(#8053),#4603);
#153=STYLED_ITEM('',(#8053),#4604);
#154=STYLED_ITEM('',(#8053),#4605);
#155=STYLED_ITEM('',(#8053),#4606);
#156=STYLED_ITEM('',(#8053),#4607);
#157=STYLED_ITEM('',(#8053),#4608);
#158=STYLED_ITEM('',(#8053),#4609);
#159=STYLED_ITEM('',(#8053),#4610);
#160=STYLED_ITEM('',(#8053),#4611);
#161=STYLED_ITEM('',(#8053),#4612);
#162=STYLED_ITEM('',(#8051),#13);
#163=ELLIPSE('',#4693,3.53553390593274,2.5);
#164=ELLIPSE('',#4695,3.53553392110725,2.5);
#165=B_SPLINE_CURVE_WITH_KNOTS('',3,(#6112,#6113,#6114,#6115,#6116),
 .UNSPECIFIED.,.F.,.F.,(4,1,4),(0.,0.0366342461612193,0.0807937502706308),
 .UNSPECIFIED.);
#166=B_SPLINE_CURVE_WITH_KNOTS('',3,(#6124,#6125,#6126,#6127,#6128),
 .UNSPECIFIED.,.F.,.F.,(4,1,4),(0.,0.0424677570929213,0.0757532948821941),
 .UNSPECIFIED.);
#167=B_SPLINE_CURVE_WITH_KNOTS('',3,(#6130,#6131,#6132,#6133,#6134),
 .UNSPECIFIED.,.F.,.F.,(4,1,4),(0.,0.0279140856333429,0.0542186187662584),
 .UNSPECIFIED.);
#168=B_SPLINE_CURVE_WITH_KNOTS('',3,(#6136,#6137,#6138,#6139,#6140),
 .UNSPECIFIED.,.F.,.F.,(4,1,4),(0.,0.0268788184973317,0.0550082466710307),
 .UNSPECIFIED.);
#169=B_SPLINE_CURVE_WITH_KNOTS('',3,(#6142,#6143,#6144,#6145,#6146),
 .UNSPECIFIED.,.F.,.F.,(4,1,4),(0.,0.0286893562350737,0.0564235800641937),
 .UNSPECIFIED.);
#170=B_SPLINE_CURVE_WITH_KNOTS('',3,(#6148,#6149,#6150,#6151,#6152),
 .UNSPECIFIED.,.F.,.F.,(4,1,4),(0.,0.0476856595521816,0.0962385868195152),
 .UNSPECIFIED.);
#171=B_SPLINE_CURVE_WITH_KNOTS('',3,(#6154,#6155,#6156,#6157,#6158),
 .UNSPECIFIED.,.F.,.F.,(4,1,4),(0.,0.0378543517899922,0.0751981891448842),
 .UNSPECIFIED.);
#172=B_SPLINE_CURVE_WITH_KNOTS('',3,(#6160,#6161,#6162,#6163,#6164),
 .UNSPECIFIED.,.F.,.F.,(4,1,4),(0.,0.0380221559728981,0.0778591706319127),
 .UNSPECIFIED.);
#173=B_SPLINE_CURVE_WITH_KNOTS('',3,(#6166,#6167,#6168,#6169,#6170),
 .UNSPECIFIED.,.F.,.F.,(4,1,4),(0.,0.0518093179263511,0.103280642192648),
 .UNSPECIFIED.);
#174=B_SPLINE_CURVE_WITH_KNOTS('',3,(#6171,#6172,#6173,#6174,#6175),
 .UNSPECIFIED.,.F.,.F.,(4,1,4),(0.,0.0318700274808842,0.0624451452135055),
 .UNSPECIFIED.);
#175=B_SPLINE_CURVE_WITH_KNOTS('',3,(#6815,#6816,#6817,#6818,#6819),
 .UNSPECIFIED.,.F.,.F.,(4,1,4),(0.,0.026568675408836,0.0585527571331063),
 .UNSPECIFIED.);
#176=B_SPLINE_CURVE_WITH_KNOTS('',3,(#6822,#6823,#6824,#6825,#6826),
 .UNSPECIFIED.,.F.,.F.,(4,1,4),(0.,0.026568675408836,0.0585527571331063),
 .UNSPECIFIED.);
#177=B_SPLINE_CURVE_WITH_KNOTS('',3,(#6838,#6839,#6840,#6841,#6842),
 .UNSPECIFIED.,.F.,.F.,(4,1,4),(0.,0.0295540832859804,0.0549695192897985),
 .UNSPECIFIED.);
#178=B_SPLINE_CURVE_WITH_KNOTS('',3,(#6845,#6846,#6847,#6848,#6849),
 .UNSPECIFIED.,.F.,.F.,(4,1,4),(0.,0.0295540832859804,0.0549695192897985),
 .UNSPECIFIED.);
#179=B_SPLINE_CURVE_WITH_KNOTS('',3,(#6861,#6862,#6863,#6864,#6865),
 .UNSPECIFIED.,.F.,.F.,(4,1,4),(0.,0.0258635370729465,0.0562332924007802),
 .UNSPECIFIED.);
#180=B_SPLINE_CURVE_WITH_KNOTS('',3,(#6868,#6869,#6870,#6871,#6872),
 .UNSPECIFIED.,.F.,.F.,(4,1,4),(0.,0.0258635370729465,0.0562332924007802),
 .UNSPECIFIED.);
#181=B_SPLINE_CURVE_WITH_KNOTS('',3,(#6884,#6885,#6886,#6887,#6888),
 .UNSPECIFIED.,.F.,.F.,(4,1,4),(0.,0.0345517625794778,0.0615197212142396),
 .UNSPECIFIED.);
#182=B_SPLINE_CURVE_WITH_KNOTS('',3,(#6891,#6892,#6893,#6894,#6895),
 .UNSPECIFIED.,.F.,.F.,(4,1,4),(0.,0.0345517625794778,0.0615197212142396),
 .UNSPECIFIED.);
#183=B_SPLINE_CURVE_WITH_KNOTS('',3,(#6925,#6926,#6927,#6928,#6929),
 .UNSPECIFIED.,.F.,.F.,(4,1,4),(0.,0.0345770330283048,0.0833669422962533),
 .UNSPECIFIED.);
#184=B_SPLINE_CURVE_WITH_KNOTS('',3,(#6932,#6933,#6934,#6935,#6936),
 .UNSPECIFIED.,.F.,.F.,(4,1,4),(0.,0.0345770330283048,0.0833669422962533),
 .UNSPECIFIED.);
#185=B_SPLINE_CURVE_WITH_KNOTS('',3,(#6948,#6949,#6950,#6951,#6952),
 .UNSPECIFIED.,.F.,.F.,(4,1,4),(0.,0.0286079498676746,0.0574171773787061),
 .UNSPECIFIED.);
#186=B_SPLINE_CURVE_WITH_KNOTS('',3,(#6955,#6956,#6957,#6958,#6959),
 .UNSPECIFIED.,.F.,.F.,(4,1,4),(0.,0.0286079498676746,0.0574171773787061),
 .UNSPECIFIED.);
#187=B_SPLINE_CURVE_WITH_KNOTS('',3,(#6971,#6972,#6973,#6974,#6975),
 .UNSPECIFIED.,.F.,.F.,(4,1,4),(0.,0.0292222457741245,0.0584730749506219),
 .UNSPECIFIED.);
#188=B_SPLINE_CURVE_WITH_KNOTS('',3,(#6978,#6979,#6980,#6981,#6982),
 .UNSPECIFIED.,.F.,.F.,(4,1,4),(0.,0.0292222457741245,0.0584730749506219),
 .UNSPECIFIED.);
#189=B_SPLINE_CURVE_WITH_KNOTS('',3,(#6994,#6995,#6996,#6997,#6998),
 .UNSPECIFIED.,.F.,.F.,(4,1,4),(0.,0.0420091567944408,0.0742364086109072),
 .UNSPECIFIED.);
#190=B_SPLINE_CURVE_WITH_KNOTS('',3,(#7001,#7002,#7003,#7004,#7005),
 .UNSPECIFIED.,.F.,.F.,(4,1,4),(0.,0.0420091567944408,0.0742364086109072),
 .UNSPECIFIED.);
#191=B_SPLINE_CURVE_WITH_KNOTS('',3,(#7028,#7029,#7030,#7031,#7032),
 .UNSPECIFIED.,.F.,.F.,(4,1,4),(0.,0.0366342461612193,0.0807937502706308),
 .UNSPECIFIED.);
#192=B_SPLINE_CURVE_WITH_KNOTS('',3,(#7046,#7047,#7048,#7049,#7050),
 .UNSPECIFIED.,.F.,.F.,(4,1,4),(0.,0.0318700274808842,0.0624451452135055),
 .UNSPECIFIED.);
#193=B_SPLINE_CURVE_WITH_KNOTS('',3,(#7063,#7064,#7065,#7066,#7067),
 .UNSPECIFIED.,.F.,.F.,(4,1,4),(0.,0.0518093179263511,0.103280642192648),
 .UNSPECIFIED.);
#194=B_SPLINE_CURVE_WITH_KNOTS('',3,(#7080,#7081,#7082,#7083,#7084),
 .UNSPECIFIED.,.F.,.F.,(4,1,4),(0.,0.0380221559728981,0.0778591706319127),
 .UNSPECIFIED.);
#195=B_SPLINE_CURVE_WITH_KNOTS('',3,(#7097,#7098,#7099,#7100,#7101),
 .UNSPECIFIED.,.F.,.F.,(4,1,4),(0.,0.0378543517899922,0.0751981891448842),
 .UNSPECIFIED.);
#196=B_SPLINE_CURVE_WITH_KNOTS('',3,(#7114,#7115,#7116,#7117,#7118),
 .UNSPECIFIED.,.F.,.F.,(4,1,4),(0.,0.0476856595521816,0.0962385868195152),
 .UNSPECIFIED.);
#197=B_SPLINE_CURVE_WITH_KNOTS('',3,(#7131,#7132,#7133,#7134,#7135),
 .UNSPECIFIED.,.F.,.F.,(4,1,4),(0.,0.0286893562350737,0.0564235800641937),
 .UNSPECIFIED.);
#198=B_SPLINE_CURVE_WITH_KNOTS('',3,(#7148,#7149,#7150,#7151,#7152),
 .UNSPECIFIED.,.F.,.F.,(4,1,4),(0.,0.0268788184973317,0.0550082466710307),
 .UNSPECIFIED.);
#199=B_SPLINE_CURVE_WITH_KNOTS('',3,(#7165,#7166,#7167,#7168,#7169),
 .UNSPECIFIED.,.F.,.F.,(4,1,4),(0.,0.0279140856333429,0.0542186187662584),
 .UNSPECIFIED.);
#200=B_SPLINE_CURVE_WITH_KNOTS('',3,(#7182,#7183,#7184,#7185,#7186),
 .UNSPECIFIED.,.F.,.F.,(4,1,4),(0.,0.0424677570929213,0.0757532948821941),
 .UNSPECIFIED.);
#201=(
BOUNDED_CURVE()
B_SPLINE_CURVE(3,(#5938,#5939,#5940,#5941),.UNSPECIFIED.,.F.,.F.)
B_SPLINE_CURVE_WITH_KNOTS((4,4),(-1.,0.),.UNSPECIFIED.)
CURVE()
GEOMETRIC_REPRESENTATION_ITEM()
RATIONAL_B_SPLINE_CURVE((1.,1.,1.,1.))
REPRESENTATION_ITEM('')
);
#202=(
BOUNDED_CURVE()
B_SPLINE_CURVE(3,(#5943,#5944,#5945,#5946),.UNSPECIFIED.,.F.,.F.)
B_SPLINE_CURVE_WITH_KNOTS((4,4),(-1.,0.),.UNSPECIFIED.)
CURVE()
GEOMETRIC_REPRESENTATION_ITEM()
RATIONAL_B_SPLINE_CURVE((1.,1.,1.,1.))
REPRESENTATION_ITEM('')
);
#203=(
BOUNDED_CURVE()
B_SPLINE_CURVE(3,(#5948,#5949,#5950,#5951),.UNSPECIFIED.,.F.,.F.)
B_SPLINE_CURVE_WITH_KNOTS((4,4),(-1.,0.),.UNSPECIFIED.)
CURVE()
GEOMETRIC_REPRESENTATION_ITEM()
RATIONAL_B_SPLINE_CURVE((1.,1.,1.,1.))
REPRESENTATION_ITEM('')
);
#204=(
BOUNDED_CURVE()
B_SPLINE_CURVE(3,(#5953,#5954,#5955,#5956),.UNSPECIFIED.,.F.,.F.)
B_SPLINE_CURVE_WITH_KNOTS((4,4),(-1.,0.),.UNSPECIFIED.)
CURVE()
GEOMETRIC_REPRESENTATION_ITEM()
RATIONAL_B_SPLINE_CURVE((1.,1.,1.,1.))
REPRESENTATION_ITEM('')
);
#205=(
BOUNDED_CURVE()
B_SPLINE_CURVE(3,(#5958,#5959,#5960,#5961),.UNSPECIFIED.,.F.,.F.)
B_SPLINE_CURVE_WITH_KNOTS((4,4),(-1.,0.),.UNSPECIFIED.)
CURVE()
GEOMETRIC_REPRESENTATION_ITEM()
RATIONAL_B_SPLINE_CURVE((1.,1.,1.,1.))
REPRESENTATION_ITEM('')
);
#206=(
BOUNDED_CURVE()
B_SPLINE_CURVE(3,(#5963,#5964,#5965,#5966),.UNSPECIFIED.,.F.,.F.)
B_SPLINE_CURVE_WITH_KNOTS((4,4),(-1.,0.),.UNSPECIFIED.)
CURVE()
GEOMETRIC_REPRESENTATION_ITEM()
RATIONAL_B_SPLINE_CURVE((1.,1.,1.,1.))
REPRESENTATION_ITEM('')
);
#207=(
BOUNDED_CURVE()
B_SPLINE_CURVE(3,(#5968,#5969,#5970,#5971),.UNSPECIFIED.,.F.,.F.)
B_SPLINE_CURVE_WITH_KNOTS((4,4),(-1.,0.),.UNSPECIFIED.)
CURVE()
GEOMETRIC_REPRESENTATION_ITEM()
RATIONAL_B_SPLINE_CURVE((1.,1.,1.,1.))
REPRESENTATION_ITEM('')
);
#208=(
BOUNDED_CURVE()
B_SPLINE_CURVE(3,(#5973,#5974,#5975,#5976),.UNSPECIFIED.,.F.,.F.)
B_SPLINE_CURVE_WITH_KNOTS((4,4),(-1.,0.),.UNSPECIFIED.)
CURVE()
GEOMETRIC_REPRESENTATION_ITEM()
RATIONAL_B_SPLINE_CURVE((1.,1.,1.,1.))
REPRESENTATION_ITEM('')
);
#209=(
BOUNDED_CURVE()
B_SPLINE_CURVE(3,(#5978,#5979,#5980,#5981),.UNSPECIFIED.,.F.,.F.)
B_SPLINE_CURVE_WITH_KNOTS((4,4),(-1.,0.),.UNSPECIFIED.)
CURVE()
GEOMETRIC_REPRESENTATION_ITEM()
RATIONAL_B_SPLINE_CURVE((1.,1.,1.,1.))
REPRESENTATION_ITEM('')
);
#210=(
BOUNDED_CURVE()
B_SPLINE_CURVE(3,(#5983,#5984,#5985,#5986),.UNSPECIFIED.,.F.,.F.)
B_SPLINE_CURVE_WITH_KNOTS((4,4),(-1.,0.),.UNSPECIFIED.)
CURVE()
GEOMETRIC_REPRESENTATION_ITEM()
RATIONAL_B_SPLINE_CURVE((1.,1.,1.,1.))
REPRESENTATION_ITEM('')
);
#211=(
BOUNDED_CURVE()
B_SPLINE_CURVE(3,(#5988,#5989,#5990,#5991),.UNSPECIFIED.,.F.,.F.)
B_SPLINE_CURVE_WITH_KNOTS((4,4),(-1.,0.),.UNSPECIFIED.)
CURVE()
GEOMETRIC_REPRESENTATION_ITEM()
RATIONAL_B_SPLINE_CURVE((1.,1.,1.,1.))
REPRESENTATION_ITEM('')
);
#212=(
BOUNDED_CURVE()
B_SPLINE_CURVE(3,(#5993,#5994,#5995,#5996),.UNSPECIFIED.,.F.,.F.)
B_SPLINE_CURVE_WITH_KNOTS((4,4),(-1.,0.),.UNSPECIFIED.)
CURVE()
GEOMETRIC_REPRESENTATION_ITEM()
RATIONAL_B_SPLINE_CURVE((1.,1.,1.,1.))
REPRESENTATION_ITEM('')
);
#213=(
BOUNDED_CURVE()
B_SPLINE_CURVE(3,(#5998,#5999,#6000,#6001),.UNSPECIFIED.,.F.,.F.)
B_SPLINE_CURVE_WITH_KNOTS((4,4),(-1.,0.),.UNSPECIFIED.)
CURVE()
GEOMETRIC_REPRESENTATION_ITEM()
RATIONAL_B_SPLINE_CURVE((1.,1.,1.,1.))
REPRESENTATION_ITEM('')
);
#214=(
BOUNDED_CURVE()
B_SPLINE_CURVE(3,(#6003,#6004,#6005,#6006),.UNSPECIFIED.,.F.,.F.)
B_SPLINE_CURVE_WITH_KNOTS((4,4),(-1.,0.),.UNSPECIFIED.)
CURVE()
GEOMETRIC_REPRESENTATION_ITEM()
RATIONAL_B_SPLINE_CURVE((1.,1.,1.,1.))
REPRESENTATION_ITEM('')
);
#215=(
BOUNDED_CURVE()
B_SPLINE_CURVE(3,(#6008,#6009,#6010,#6011),.UNSPECIFIED.,.F.,.F.)
B_SPLINE_CURVE_WITH_KNOTS((4,4),(-1.,0.),.UNSPECIFIED.)
CURVE()
GEOMETRIC_REPRESENTATION_ITEM()
RATIONAL_B_SPLINE_CURVE((1.,1.,1.,1.))
REPRESENTATION_ITEM('')
);
#216=(
BOUNDED_CURVE()
B_SPLINE_CURVE(3,(#6013,#6014,#6015,#6016),.UNSPECIFIED.,.F.,.F.)
B_SPLINE_CURVE_WITH_KNOTS((4,4),(-1.,0.),.UNSPECIFIED.)
CURVE()
GEOMETRIC_REPRESENTATION_ITEM()
RATIONAL_B_SPLINE_CURVE((1.,1.,1.,1.))
REPRESENTATION_ITEM('')
);
#217=(
BOUNDED_CURVE()
B_SPLINE_CURVE(3,(#6018,#6019,#6020,#6021),.UNSPECIFIED.,.F.,.F.)
B_SPLINE_CURVE_WITH_KNOTS((4,4),(-1.,0.),.UNSPECIFIED.)
CURVE()
GEOMETRIC_REPRESENTATION_ITEM()
RATIONAL_B_SPLINE_CURVE((1.,1.,1.,1.))
REPRESENTATION_ITEM('')
);
#218=(
BOUNDED_CURVE()
B_SPLINE_CURVE(3,(#6023,#6024,#6025,#6026),.UNSPECIFIED.,.F.,.F.)
B_SPLINE_CURVE_WITH_KNOTS((4,4),(-1.,0.),.UNSPECIFIED.)
CURVE()
GEOMETRIC_REPRESENTATION_ITEM()
RATIONAL_B_SPLINE_CURVE((1.,1.,1.,1.))
REPRESENTATION_ITEM('')
);
#219=(
BOUNDED_CURVE()
B_SPLINE_CURVE(3,(#6028,#6029,#6030,#6031),.UNSPECIFIED.,.F.,.F.)
B_SPLINE_CURVE_WITH_KNOTS((4,4),(-1.,0.),.UNSPECIFIED.)
CURVE()
GEOMETRIC_REPRESENTATION_ITEM()
RATIONAL_B_SPLINE_CURVE((1.,1.,1.,1.))
REPRESENTATION_ITEM('')
);
#220=(
BOUNDED_CURVE()
B_SPLINE_CURVE(3,(#6033,#6034,#6035,#6036),.UNSPECIFIED.,.F.,.F.)
B_SPLINE_CURVE_WITH_KNOTS((4,4),(-1.,0.),.UNSPECIFIED.)
CURVE()
GEOMETRIC_REPRESENTATION_ITEM()
RATIONAL_B_SPLINE_CURVE((1.,1.,1.,1.))
REPRESENTATION_ITEM('')
);
#221=(
BOUNDED_CURVE()
B_SPLINE_CURVE(3,(#6038,#6039,#6040,#6041),.UNSPECIFIED.,.F.,.F.)
B_SPLINE_CURVE_WITH_KNOTS((4,4),(-1.,0.),.UNSPECIFIED.)
CURVE()
GEOMETRIC_REPRESENTATION_ITEM()
RATIONAL_B_SPLINE_CURVE((1.,1.,1.,1.))
REPRESENTATION_ITEM('')
);
#222=(
BOUNDED_CURVE()
B_SPLINE_CURVE(3,(#6043,#6044,#6045,#6046),.UNSPECIFIED.,.F.,.F.)
B_SPLINE_CURVE_WITH_KNOTS((4,4),(-1.,0.),.UNSPECIFIED.)
CURVE()
GEOMETRIC_REPRESENTATION_ITEM()
RATIONAL_B_SPLINE_CURVE((1.,1.,1.,1.))
REPRESENTATION_ITEM('')
);
#223=(
BOUNDED_CURVE()
B_SPLINE_CURVE(3,(#6048,#6049,#6050,#6051),.UNSPECIFIED.,.F.,.F.)
B_SPLINE_CURVE_WITH_KNOTS((4,4),(-1.,0.),.UNSPECIFIED.)
CURVE()
GEOMETRIC_REPRESENTATION_ITEM()
RATIONAL_B_SPLINE_CURVE((1.,1.,1.,1.))
REPRESENTATION_ITEM('')
);
#224=(
BOUNDED_CURVE()
B_SPLINE_CURVE(3,(#6053,#6054,#6055,#6056),.UNSPECIFIED.,.F.,.F.)
B_SPLINE_CURVE_WITH_KNOTS((4,4),(-1.,0.),.UNSPECIFIED.)
CURVE()
GEOMETRIC_REPRESENTATION_ITEM()
RATIONAL_B_SPLINE_CURVE((1.,1.,1.,1.))
REPRESENTATION_ITEM('')
);
#225=(
BOUNDED_CURVE()
B_SPLINE_CURVE(3,(#6058,#6059,#6060,#6061),.UNSPECIFIED.,.F.,.F.)
B_SPLINE_CURVE_WITH_KNOTS((4,4),(-1.,0.),.UNSPECIFIED.)
CURVE()
GEOMETRIC_REPRESENTATION_ITEM()
RATIONAL_B_SPLINE_CURVE((1.,1.,1.,1.))
REPRESENTATION_ITEM('')
);
#226=(
BOUNDED_CURVE()
B_SPLINE_CURVE(3,(#6063,#6064,#6065,#6066),.UNSPECIFIED.,.F.,.F.)
B_SPLINE_CURVE_WITH_KNOTS((4,4),(-1.,0.),.UNSPECIFIED.)
CURVE()
GEOMETRIC_REPRESENTATION_ITEM()
RATIONAL_B_SPLINE_CURVE((1.,1.,1.,1.))
REPRESENTATION_ITEM('')
);
#227=(
BOUNDED_CURVE()
B_SPLINE_CURVE(3,(#6068,#6069,#6070,#6071),.UNSPECIFIED.,.F.,.F.)
B_SPLINE_CURVE_WITH_KNOTS((4,4),(-1.,0.),.UNSPECIFIED.)
CURVE()
GEOMETRIC_REPRESENTATION_ITEM()
RATIONAL_B_SPLINE_CURVE((1.,1.,1.,1.))
REPRESENTATION_ITEM('')
);
#228=(
BOUNDED_CURVE()
B_SPLINE_CURVE(3,(#6073,#6074,#6075,#6076),.UNSPECIFIED.,.F.,.F.)
B_SPLINE_CURVE_WITH_KNOTS((4,4),(-1.,0.),.UNSPECIFIED.)
CURVE()
GEOMETRIC_REPRESENTATION_ITEM()
RATIONAL_B_SPLINE_CURVE((1.,1.,1.,1.))
REPRESENTATION_ITEM('')
);
#229=(
BOUNDED_CURVE()
B_SPLINE_CURVE(3,(#6078,#6079,#6080,#6081),.UNSPECIFIED.,.F.,.F.)
B_SPLINE_CURVE_WITH_KNOTS((4,4),(-1.,0.),.UNSPECIFIED.)
CURVE()
GEOMETRIC_REPRESENTATION_ITEM()
RATIONAL_B_SPLINE_CURVE((1.,1.,1.,1.))
REPRESENTATION_ITEM('')
);
#230=(
BOUNDED_CURVE()
B_SPLINE_CURVE(3,(#6082,#6083,#6084,#6085),.UNSPECIFIED.,.F.,.F.)
B_SPLINE_CURVE_WITH_KNOTS((4,4),(-1.,0.),.UNSPECIFIED.)
CURVE()
GEOMETRIC_REPRESENTATION_ITEM()
RATIONAL_B_SPLINE_CURVE((1.,1.,1.,1.))
REPRESENTATION_ITEM('')
);
#231=(
BOUNDED_CURVE()
B_SPLINE_CURVE(3,(#7209,#7210,#7211,#7212),.UNSPECIFIED.,.F.,.F.)
B_SPLINE_CURVE_WITH_KNOTS((4,4),(-1.,0.),.UNSPECIFIED.)
CURVE()
GEOMETRIC_REPRESENTATION_ITEM()
RATIONAL_B_SPLINE_CURVE((1.,1.,1.,1.))
REPRESENTATION_ITEM('')
);
#232=(
BOUNDED_CURVE()
B_SPLINE_CURVE(3,(#7216,#7217,#7218,#7219),.UNSPECIFIED.,.F.,.F.)
B_SPLINE_CURVE_WITH_KNOTS((4,4),(-1.,0.),.UNSPECIFIED.)
CURVE()
GEOMETRIC_REPRESENTATION_ITEM()
RATIONAL_B_SPLINE_CURVE((1.,1.,1.,1.))
REPRESENTATION_ITEM('')
);
#233=(
BOUNDED_CURVE()
B_SPLINE_CURVE(3,(#7230,#7231,#7232,#7233),.UNSPECIFIED.,.F.,.F.)
B_SPLINE_CURVE_WITH_KNOTS((4,4),(-1.,0.),.UNSPECIFIED.)
CURVE()
GEOMETRIC_REPRESENTATION_ITEM()
RATIONAL_B_SPLINE_CURVE((1.,1.,1.,1.))
REPRESENTATION_ITEM('')
);
#234=(
BOUNDED_CURVE()
B_SPLINE_CURVE(3,(#7235,#7236,#7237,#7238),.UNSPECIFIED.,.F.,.F.)
B_SPLINE_CURVE_WITH_KNOTS((4,4),(-1.,0.),.UNSPECIFIED.)
CURVE()
GEOMETRIC_REPRESENTATION_ITEM()
RATIONAL_B_SPLINE_CURVE((1.,1.,1.,1.))
REPRESENTATION_ITEM('')
);
#235=(
BOUNDED_CURVE()
B_SPLINE_CURVE(3,(#7249,#7250,#7251,#7252),.UNSPECIFIED.,.F.,.F.)
B_SPLINE_CURVE_WITH_KNOTS((4,4),(-1.,0.),.UNSPECIFIED.)
CURVE()
GEOMETRIC_REPRESENTATION_ITEM()
RATIONAL_B_SPLINE_CURVE((1.,1.,1.,1.))
REPRESENTATION_ITEM('')
);
#236=(
BOUNDED_CURVE()
B_SPLINE_CURVE(3,(#7254,#7255,#7256,#7257),.UNSPECIFIED.,.F.,.F.)
B_SPLINE_CURVE_WITH_KNOTS((4,4),(-1.,0.),.UNSPECIFIED.)
CURVE()
GEOMETRIC_REPRESENTATION_ITEM()
RATIONAL_B_SPLINE_CURVE((1.,1.,1.,1.))
REPRESENTATION_ITEM('')
);
#237=(
BOUNDED_CURVE()
B_SPLINE_CURVE(3,(#7268,#7269,#7270,#7271),.UNSPECIFIED.,.F.,.F.)
B_SPLINE_CURVE_WITH_KNOTS((4,4),(-1.,0.),.UNSPECIFIED.)
CURVE()
GEOMETRIC_REPRESENTATION_ITEM()
RATIONAL_B_SPLINE_CURVE((1.,1.,1.,1.))
REPRESENTATION_ITEM('')
);
#238=(
BOUNDED_CURVE()
B_SPLINE_CURVE(3,(#7273,#7274,#7275,#7276),.UNSPECIFIED.,.F.,.F.)
B_SPLINE_CURVE_WITH_KNOTS((4,4),(-1.,0.),.UNSPECIFIED.)
CURVE()
GEOMETRIC_REPRESENTATION_ITEM()
RATIONAL_B_SPLINE_CURVE((1.,1.,1.,1.))
REPRESENTATION_ITEM('')
);
#239=(
BOUNDED_CURVE()
B_SPLINE_CURVE(3,(#7287,#7288,#7289,#7290),.UNSPECIFIED.,.F.,.F.)
B_SPLINE_CURVE_WITH_KNOTS((4,4),(-1.,0.),.UNSPECIFIED.)
CURVE()
GEOMETRIC_REPRESENTATION_ITEM()
RATIONAL_B_SPLINE_CURVE((1.,1.,1.,1.))
REPRESENTATION_ITEM('')
);
#240=(
BOUNDED_CURVE()
B_SPLINE_CURVE(3,(#7292,#7293,#7294,#7295),.UNSPECIFIED.,.F.,.F.)
B_SPLINE_CURVE_WITH_KNOTS((4,4),(-1.,0.),.UNSPECIFIED.)
CURVE()
GEOMETRIC_REPRESENTATION_ITEM()
RATIONAL_B_SPLINE_CURVE((1.,1.,1.,1.))
REPRESENTATION_ITEM('')
);
#241=(
BOUNDED_CURVE()
B_SPLINE_CURVE(3,(#7306,#7307,#7308,#7309),.UNSPECIFIED.,.F.,.F.)
B_SPLINE_CURVE_WITH_KNOTS((4,4),(-1.,0.),.UNSPECIFIED.)
CURVE()
GEOMETRIC_REPRESENTATION_ITEM()
RATIONAL_B_SPLINE_CURVE((1.,1.,1.,1.))
REPRESENTATION_ITEM('')
);
#242=(
BOUNDED_CURVE()
B_SPLINE_CURVE(3,(#7311,#7312,#7313,#7314),.UNSPECIFIED.,.F.,.F.)
B_SPLINE_CURVE_WITH_KNOTS((4,4),(-1.,0.),.UNSPECIFIED.)
CURVE()
GEOMETRIC_REPRESENTATION_ITEM()
RATIONAL_B_SPLINE_CURVE((1.,1.,1.,1.))
REPRESENTATION_ITEM('')
);
#243=(
BOUNDED_CURVE()
B_SPLINE_CURVE(3,(#7325,#7326,#7327,#7328),.UNSPECIFIED.,.F.,.F.)
B_SPLINE_CURVE_WITH_KNOTS((4,4),(-1.,0.),.UNSPECIFIED.)
CURVE()
GEOMETRIC_REPRESENTATION_ITEM()
RATIONAL_B_SPLINE_CURVE((1.,1.,1.,1.))
REPRESENTATION_ITEM('')
);
#244=(
BOUNDED_CURVE()
B_SPLINE_CURVE(3,(#7330,#7331,#7332,#7333),.UNSPECIFIED.,.F.,.F.)
B_SPLINE_CURVE_WITH_KNOTS((4,4),(-1.,0.),.UNSPECIFIED.)
CURVE()
GEOMETRIC_REPRESENTATION_ITEM()
RATIONAL_B_SPLINE_CURVE((1.,1.,1.,1.))
REPRESENTATION_ITEM('')
);
#245=(
BOUNDED_CURVE()
B_SPLINE_CURVE(3,(#7344,#7345,#7346,#7347),.UNSPECIFIED.,.F.,.F.)
B_SPLINE_CURVE_WITH_KNOTS((4,4),(-1.,0.),.UNSPECIFIED.)
CURVE()
GEOMETRIC_REPRESENTATION_ITEM()
RATIONAL_B_SPLINE_CURVE((1.,1.,1.,1.))
REPRESENTATION_ITEM('')
);
#246=(
BOUNDED_CURVE()
B_SPLINE_CURVE(3,(#7349,#7350,#7351,#7352),.UNSPECIFIED.,.F.,.F.)
B_SPLINE_CURVE_WITH_KNOTS((4,4),(-1.,0.),.UNSPECIFIED.)
CURVE()
GEOMETRIC_REPRESENTATION_ITEM()
RATIONAL_B_SPLINE_CURVE((1.,1.,1.,1.))
REPRESENTATION_ITEM('')
);
#247=(
BOUNDED_CURVE()
B_SPLINE_CURVE(3,(#7363,#7364,#7365,#7366),.UNSPECIFIED.,.F.,.F.)
B_SPLINE_CURVE_WITH_KNOTS((4,4),(-1.,0.),.UNSPECIFIED.)
CURVE()
GEOMETRIC_REPRESENTATION_ITEM()
RATIONAL_B_SPLINE_CURVE((1.,1.,1.,1.))
REPRESENTATION_ITEM('')
);
#248=(
BOUNDED_CURVE()
B_SPLINE_CURVE(3,(#7368,#7369,#7370,#7371),.UNSPECIFIED.,.F.,.F.)
B_SPLINE_CURVE_WITH_KNOTS((4,4),(-1.,0.),.UNSPECIFIED.)
CURVE()
GEOMETRIC_REPRESENTATION_ITEM()
RATIONAL_B_SPLINE_CURVE((1.,1.,1.,1.))
REPRESENTATION_ITEM('')
);
#249=(
BOUNDED_CURVE()
B_SPLINE_CURVE(3,(#7382,#7383,#7384,#7385),.UNSPECIFIED.,.F.,.F.)
B_SPLINE_CURVE_WITH_KNOTS((4,4),(-1.,0.),.UNSPECIFIED.)
CURVE()
GEOMETRIC_REPRESENTATION_ITEM()
RATIONAL_B_SPLINE_CURVE((1.,1.,1.,1.))
REPRESENTATION_ITEM('')
);
#250=(
BOUNDED_CURVE()
B_SPLINE_CURVE(3,(#7387,#7388,#7389,#7390),.UNSPECIFIED.,.F.,.F.)
B_SPLINE_CURVE_WITH_KNOTS((4,4),(-1.,0.),.UNSPECIFIED.)
CURVE()
GEOMETRIC_REPRESENTATION_ITEM()
RATIONAL_B_SPLINE_CURVE((1.,1.,1.,1.))
REPRESENTATION_ITEM('')
);
#251=(
BOUNDED_CURVE()
B_SPLINE_CURVE(3,(#7409,#7410,#7411,#7412),.UNSPECIFIED.,.F.,.F.)
B_SPLINE_CURVE_WITH_KNOTS((4,4),(-1.,0.),.UNSPECIFIED.)
CURVE()
GEOMETRIC_REPRESENTATION_ITEM()
RATIONAL_B_SPLINE_CURVE((1.,1.,1.,1.))
REPRESENTATION_ITEM('')
);
#252=(
BOUNDED_CURVE()
B_SPLINE_CURVE(3,(#7423,#7424,#7425,#7426),.UNSPECIFIED.,.F.,.F.)
B_SPLINE_CURVE_WITH_KNOTS((4,4),(-1.,0.),.UNSPECIFIED.)
CURVE()
GEOMETRIC_REPRESENTATION_ITEM()
RATIONAL_B_SPLINE_CURVE((1.,1.,1.,1.))
REPRESENTATION_ITEM('')
);
#253=(
BOUNDED_CURVE()
B_SPLINE_CURVE(3,(#7437,#7438,#7439,#7440),.UNSPECIFIED.,.F.,.F.)
B_SPLINE_CURVE_WITH_KNOTS((4,4),(-1.,0.),.UNSPECIFIED.)
CURVE()
GEOMETRIC_REPRESENTATION_ITEM()
RATIONAL_B_SPLINE_CURVE((1.,1.,1.,1.))
REPRESENTATION_ITEM('')
);
#254=(
BOUNDED_CURVE()
B_SPLINE_CURVE(3,(#7451,#7452,#7453,#7454),.UNSPECIFIED.,.F.,.F.)
B_SPLINE_CURVE_WITH_KNOTS((4,4),(-1.,0.),.UNSPECIFIED.)
CURVE()
GEOMETRIC_REPRESENTATION_ITEM()
RATIONAL_B_SPLINE_CURVE((1.,1.,1.,1.))
REPRESENTATION_ITEM('')
);
#255=(
BOUNDED_CURVE()
B_SPLINE_CURVE(3,(#7465,#7466,#7467,#7468),.UNSPECIFIED.,.F.,.F.)
B_SPLINE_CURVE_WITH_KNOTS((4,4),(-1.,0.),.UNSPECIFIED.)
CURVE()
GEOMETRIC_REPRESENTATION_ITEM()
RATIONAL_B_SPLINE_CURVE((1.,1.,1.,1.))
REPRESENTATION_ITEM('')
);
#256=(
BOUNDED_CURVE()
B_SPLINE_CURVE(3,(#7479,#7480,#7481,#7482),.UNSPECIFIED.,.F.,.F.)
B_SPLINE_CURVE_WITH_KNOTS((4,4),(-1.,0.),.UNSPECIFIED.)
CURVE()
GEOMETRIC_REPRESENTATION_ITEM()
RATIONAL_B_SPLINE_CURVE((1.,1.,1.,1.))
REPRESENTATION_ITEM('')
);
#257=(
BOUNDED_CURVE()
B_SPLINE_CURVE(3,(#7493,#7494,#7495,#7496),.UNSPECIFIED.,.F.,.F.)
B_SPLINE_CURVE_WITH_KNOTS((4,4),(-1.,0.),.UNSPECIFIED.)
CURVE()
GEOMETRIC_REPRESENTATION_ITEM()
RATIONAL_B_SPLINE_CURVE((1.,1.,1.,1.))
REPRESENTATION_ITEM('')
);
#258=(
BOUNDED_CURVE()
B_SPLINE_CURVE(3,(#7507,#7508,#7509,#7510),.UNSPECIFIED.,.F.,.F.)
B_SPLINE_CURVE_WITH_KNOTS((4,4),(-1.,0.),.UNSPECIFIED.)
CURVE()
GEOMETRIC_REPRESENTATION_ITEM()
RATIONAL_B_SPLINE_CURVE((1.,1.,1.,1.))
REPRESENTATION_ITEM('')
);
#259=(
BOUNDED_CURVE()
B_SPLINE_CURVE(3,(#7521,#7522,#7523,#7524),.UNSPECIFIED.,.F.,.F.)
B_SPLINE_CURVE_WITH_KNOTS((4,4),(-1.,0.),.UNSPECIFIED.)
CURVE()
GEOMETRIC_REPRESENTATION_ITEM()
RATIONAL_B_SPLINE_CURVE((1.,1.,1.,1.))
REPRESENTATION_ITEM('')
);
#260=(
BOUNDED_CURVE()
B_SPLINE_CURVE(3,(#7535,#7536,#7537,#7538),.UNSPECIFIED.,.F.,.F.)
B_SPLINE_CURVE_WITH_KNOTS((4,4),(-1.,0.),.UNSPECIFIED.)
CURVE()
GEOMETRIC_REPRESENTATION_ITEM()
RATIONAL_B_SPLINE_CURVE((1.,1.,1.,1.))
REPRESENTATION_ITEM('')
);
#261=(
BOUNDED_CURVE()
B_SPLINE_CURVE(3,(#7549,#7550,#7551,#7552),.UNSPECIFIED.,.F.,.F.)
B_SPLINE_CURVE_WITH_KNOTS((4,4),(-1.,0.),.UNSPECIFIED.)
CURVE()
GEOMETRIC_REPRESENTATION_ITEM()
RATIONAL_B_SPLINE_CURVE((1.,1.,1.,1.))
REPRESENTATION_ITEM('')
);
#262=(
BOUNDED_CURVE()
B_SPLINE_CURVE(3,(#7563,#7564,#7565,#7566),.UNSPECIFIED.,.F.,.F.)
B_SPLINE_CURVE_WITH_KNOTS((4,4),(-1.,0.),.UNSPECIFIED.)
CURVE()
GEOMETRIC_REPRESENTATION_ITEM()
RATIONAL_B_SPLINE_CURVE((1.,1.,1.,1.))
REPRESENTATION_ITEM('')
);
#263=(
BOUNDED_CURVE()
B_SPLINE_CURVE(3,(#7577,#7578,#7579,#7580),.UNSPECIFIED.,.F.,.F.)
B_SPLINE_CURVE_WITH_KNOTS((4,4),(-1.,0.),.UNSPECIFIED.)
CURVE()
GEOMETRIC_REPRESENTATION_ITEM()
RATIONAL_B_SPLINE_CURVE((1.,1.,1.,1.))
REPRESENTATION_ITEM('')
);
#264=(
BOUNDED_CURVE()
B_SPLINE_CURVE(3,(#7591,#7592,#7593,#7594),.UNSPECIFIED.,.F.,.F.)
B_SPLINE_CURVE_WITH_KNOTS((4,4),(-1.,0.),.UNSPECIFIED.)
CURVE()
GEOMETRIC_REPRESENTATION_ITEM()
RATIONAL_B_SPLINE_CURVE((1.,1.,1.,1.))
REPRESENTATION_ITEM('')
);
#265=(
BOUNDED_CURVE()
B_SPLINE_CURVE(3,(#7605,#7606,#7607,#7608),.UNSPECIFIED.,.F.,.F.)
B_SPLINE_CURVE_WITH_KNOTS((4,4),(-1.,0.),.UNSPECIFIED.)
CURVE()
GEOMETRIC_REPRESENTATION_ITEM()
RATIONAL_B_SPLINE_CURVE((1.,1.,1.,1.))
REPRESENTATION_ITEM('')
);
#266=(
BOUNDED_CURVE()
B_SPLINE_CURVE(3,(#7619,#7620,#7621,#7622),.UNSPECIFIED.,.F.,.F.)
B_SPLINE_CURVE_WITH_KNOTS((4,4),(-1.,0.),.UNSPECIFIED.)
CURVE()
GEOMETRIC_REPRESENTATION_ITEM()
RATIONAL_B_SPLINE_CURVE((1.,1.,1.,1.))
REPRESENTATION_ITEM('')
);
#267=(
BOUNDED_CURVE()
B_SPLINE_CURVE(3,(#7625,#7626,#7627,#7628),.UNSPECIFIED.,.F.,.F.)
B_SPLINE_CURVE_WITH_KNOTS((4,4),(-1.,0.),.UNSPECIFIED.)
CURVE()
GEOMETRIC_REPRESENTATION_ITEM()
RATIONAL_B_SPLINE_CURVE((1.,1.,1.,1.))
REPRESENTATION_ITEM('')
);
#268=(
BOUNDED_CURVE()
B_SPLINE_CURVE(3,(#7638,#7639,#7640,#7641),.UNSPECIFIED.,.F.,.F.)
B_SPLINE_CURVE_WITH_KNOTS((4,4),(-1.,0.),.UNSPECIFIED.)
CURVE()
GEOMETRIC_REPRESENTATION_ITEM()
RATIONAL_B_SPLINE_CURVE((1.,1.,1.,1.))
REPRESENTATION_ITEM('')
);
#269=(
BOUNDED_CURVE()
B_SPLINE_CURVE(3,(#7644,#7645,#7646,#7647),.UNSPECIFIED.,.F.,.F.)
B_SPLINE_CURVE_WITH_KNOTS((4,4),(-1.,0.),.UNSPECIFIED.)
CURVE()
GEOMETRIC_REPRESENTATION_ITEM()
RATIONAL_B_SPLINE_CURVE((1.,1.,1.,1.))
REPRESENTATION_ITEM('')
);
#270=(
BOUNDED_CURVE()
B_SPLINE_CURVE(3,(#7657,#7658,#7659,#7660),.UNSPECIFIED.,.F.,.F.)
B_SPLINE_CURVE_WITH_KNOTS((4,4),(-1.,0.),.UNSPECIFIED.)
CURVE()
GEOMETRIC_REPRESENTATION_ITEM()
RATIONAL_B_SPLINE_CURVE((1.,1.,1.,1.))
REPRESENTATION_ITEM('')
);
#271=(
BOUNDED_CURVE()
B_SPLINE_CURVE(3,(#7663,#7664,#7665,#7666),.UNSPECIFIED.,.F.,.F.)
B_SPLINE_CURVE_WITH_KNOTS((4,4),(-1.,0.),.UNSPECIFIED.)
CURVE()
GEOMETRIC_REPRESENTATION_ITEM()
RATIONAL_B_SPLINE_CURVE((1.,1.,1.,1.))
REPRESENTATION_ITEM('')
);
#272=(
BOUNDED_CURVE()
B_SPLINE_CURVE(3,(#7676,#7677,#7678,#7679),.UNSPECIFIED.,.F.,.F.)
B_SPLINE_CURVE_WITH_KNOTS((4,4),(-1.,0.),.UNSPECIFIED.)
CURVE()
GEOMETRIC_REPRESENTATION_ITEM()
RATIONAL_B_SPLINE_CURVE((1.,1.,1.,1.))
REPRESENTATION_ITEM('')
);
#273=(
BOUNDED_CURVE()
B_SPLINE_CURVE(3,(#7682,#7683,#7684,#7685),.UNSPECIFIED.,.F.,.F.)
B_SPLINE_CURVE_WITH_KNOTS((4,4),(-1.,0.),.UNSPECIFIED.)
CURVE()
GEOMETRIC_REPRESENTATION_ITEM()
RATIONAL_B_SPLINE_CURVE((1.,1.,1.,1.))
REPRESENTATION_ITEM('')
);
#274=(
BOUNDED_CURVE()
B_SPLINE_CURVE(3,(#7695,#7696,#7697,#7698),.UNSPECIFIED.,.F.,.F.)
B_SPLINE_CURVE_WITH_KNOTS((4,4),(-1.,0.),.UNSPECIFIED.)
CURVE()
GEOMETRIC_REPRESENTATION_ITEM()
RATIONAL_B_SPLINE_CURVE((1.,1.,1.,1.))
REPRESENTATION_ITEM('')
);
#275=(
BOUNDED_CURVE()
B_SPLINE_CURVE(3,(#7701,#7702,#7703,#7704),.UNSPECIFIED.,.F.,.F.)
B_SPLINE_CURVE_WITH_KNOTS((4,4),(-1.,0.),.UNSPECIFIED.)
CURVE()
GEOMETRIC_REPRESENTATION_ITEM()
RATIONAL_B_SPLINE_CURVE((1.,1.,1.,1.))
REPRESENTATION_ITEM('')
);
#276=(
BOUNDED_CURVE()
B_SPLINE_CURVE(3,(#7714,#7715,#7716,#7717),.UNSPECIFIED.,.F.,.F.)
B_SPLINE_CURVE_WITH_KNOTS((4,4),(-1.,0.),.UNSPECIFIED.)
CURVE()
GEOMETRIC_REPRESENTATION_ITEM()
RATIONAL_B_SPLINE_CURVE((1.,1.,1.,1.))
REPRESENTATION_ITEM('')
);
#277=(
BOUNDED_CURVE()
B_SPLINE_CURVE(3,(#7720,#7721,#7722,#7723),.UNSPECIFIED.,.F.,.F.)
B_SPLINE_CURVE_WITH_KNOTS((4,4),(-1.,0.),.UNSPECIFIED.)
CURVE()
GEOMETRIC_REPRESENTATION_ITEM()
RATIONAL_B_SPLINE_CURVE((1.,1.,1.,1.))
REPRESENTATION_ITEM('')
);
#278=(
BOUNDED_CURVE()
B_SPLINE_CURVE(3,(#7733,#7734,#7735,#7736),.UNSPECIFIED.,.F.,.F.)
B_SPLINE_CURVE_WITH_KNOTS((4,4),(-1.,0.),.UNSPECIFIED.)
CURVE()
GEOMETRIC_REPRESENTATION_ITEM()
RATIONAL_B_SPLINE_CURVE((1.,1.,1.,1.))
REPRESENTATION_ITEM('')
);
#279=(
BOUNDED_CURVE()
B_SPLINE_CURVE(3,(#7739,#7740,#7741,#7742),.UNSPECIFIED.,.F.,.F.)
B_SPLINE_CURVE_WITH_KNOTS((4,4),(-1.,0.),.UNSPECIFIED.)
CURVE()
GEOMETRIC_REPRESENTATION_ITEM()
RATIONAL_B_SPLINE_CURVE((1.,1.,1.,1.))
REPRESENTATION_ITEM('')
);
#280=(
BOUNDED_CURVE()
B_SPLINE_CURVE(3,(#7752,#7753,#7754,#7755),.UNSPECIFIED.,.F.,.F.)
B_SPLINE_CURVE_WITH_KNOTS((4,4),(-1.,0.),.UNSPECIFIED.)
CURVE()
GEOMETRIC_REPRESENTATION_ITEM()
RATIONAL_B_SPLINE_CURVE((1.,1.,1.,1.))
REPRESENTATION_ITEM('')
);
#281=(
BOUNDED_CURVE()
B_SPLINE_CURVE(3,(#7758,#7759,#7760,#7761),.UNSPECIFIED.,.F.,.F.)
B_SPLINE_CURVE_WITH_KNOTS((4,4),(-1.,0.),.UNSPECIFIED.)
CURVE()
GEOMETRIC_REPRESENTATION_ITEM()
RATIONAL_B_SPLINE_CURVE((1.,1.,1.,1.))
REPRESENTATION_ITEM('')
);
#282=(
BOUNDED_CURVE()
B_SPLINE_CURVE(3,(#7771,#7772,#7773,#7774),.UNSPECIFIED.,.F.,.F.)
B_SPLINE_CURVE_WITH_KNOTS((4,4),(-1.,0.),.UNSPECIFIED.)
CURVE()
GEOMETRIC_REPRESENTATION_ITEM()
RATIONAL_B_SPLINE_CURVE((1.,1.,1.,1.))
REPRESENTATION_ITEM('')
);
#283=(
BOUNDED_CURVE()
B_SPLINE_CURVE(3,(#7777,#7778,#7779,#7780),.UNSPECIFIED.,.F.,.F.)
B_SPLINE_CURVE_WITH_KNOTS((4,4),(-1.,0.),.UNSPECIFIED.)
CURVE()
GEOMETRIC_REPRESENTATION_ITEM()
RATIONAL_B_SPLINE_CURVE((1.,1.,1.,1.))
REPRESENTATION_ITEM('')
);
#284=(
BOUNDED_CURVE()
B_SPLINE_CURVE(3,(#7790,#7791,#7792,#7793),.UNSPECIFIED.,.F.,.F.)
B_SPLINE_CURVE_WITH_KNOTS((4,4),(-1.,0.),.UNSPECIFIED.)
CURVE()
GEOMETRIC_REPRESENTATION_ITEM()
RATIONAL_B_SPLINE_CURVE((1.,1.,1.,1.))
REPRESENTATION_ITEM('')
);
#285=(
BOUNDED_CURVE()
B_SPLINE_CURVE(3,(#7796,#7797,#7798,#7799),.UNSPECIFIED.,.F.,.F.)
B_SPLINE_CURVE_WITH_KNOTS((4,4),(-1.,0.),.UNSPECIFIED.)
CURVE()
GEOMETRIC_REPRESENTATION_ITEM()
RATIONAL_B_SPLINE_CURVE((1.,1.,1.,1.))
REPRESENTATION_ITEM('')
);
#286=(
BOUNDED_CURVE()
B_SPLINE_CURVE(3,(#7813,#7814,#7815,#7816),.UNSPECIFIED.,.F.,.F.)
B_SPLINE_CURVE_WITH_KNOTS((4,4),(-1.,0.),.UNSPECIFIED.)
CURVE()
GEOMETRIC_REPRESENTATION_ITEM()
RATIONAL_B_SPLINE_CURVE((1.,1.,1.,1.))
REPRESENTATION_ITEM('')
);
#287=(
BOUNDED_CURVE()
B_SPLINE_CURVE(3,(#7827,#7828,#7829,#7830),.UNSPECIFIED.,.F.,.F.)
B_SPLINE_CURVE_WITH_KNOTS((4,4),(-1.,0.),.UNSPECIFIED.)
CURVE()
GEOMETRIC_REPRESENTATION_ITEM()
RATIONAL_B_SPLINE_CURVE((1.,1.,1.,1.))
REPRESENTATION_ITEM('')
);
#288=(
BOUNDED_CURVE()
B_SPLINE_CURVE(3,(#7841,#7842,#7843,#7844),.UNSPECIFIED.,.F.,.F.)
B_SPLINE_CURVE_WITH_KNOTS((4,4),(-1.,0.),.UNSPECIFIED.)
CURVE()
GEOMETRIC_REPRESENTATION_ITEM()
RATIONAL_B_SPLINE_CURVE((1.,1.,1.,1.))
REPRESENTATION_ITEM('')
);
#289=(
BOUNDED_CURVE()
B_SPLINE_CURVE(3,(#7855,#7856,#7857,#7858),.UNSPECIFIED.,.F.,.F.)
B_SPLINE_CURVE_WITH_KNOTS((4,4),(-1.,0.),.UNSPECIFIED.)
CURVE()
GEOMETRIC_REPRESENTATION_ITEM()
RATIONAL_B_SPLINE_CURVE((1.,1.,1.,1.))
REPRESENTATION_ITEM('')
);
#290=(
BOUNDED_CURVE()
B_SPLINE_CURVE(3,(#7869,#7870,#7871,#7872),.UNSPECIFIED.,.F.,.F.)
B_SPLINE_CURVE_WITH_KNOTS((4,4),(-1.,0.),.UNSPECIFIED.)
CURVE()
GEOMETRIC_REPRESENTATION_ITEM()
RATIONAL_B_SPLINE_CURVE((1.,1.,1.,1.))
REPRESENTATION_ITEM('')
);
#291=(
BOUNDED_CURVE()
B_SPLINE_CURVE(3,(#7883,#7884,#7885,#7886),.UNSPECIFIED.,.F.,.F.)
B_SPLINE_CURVE_WITH_KNOTS((4,4),(-1.,0.),.UNSPECIFIED.)
CURVE()
GEOMETRIC_REPRESENTATION_ITEM()
RATIONAL_B_SPLINE_CURVE((1.,1.,1.,1.))
REPRESENTATION_ITEM('')
);
#292=(
BOUNDED_CURVE()
B_SPLINE_CURVE(3,(#7897,#7898,#7899,#7900),.UNSPECIFIED.,.F.,.F.)
B_SPLINE_CURVE_WITH_KNOTS((4,4),(-1.,0.),.UNSPECIFIED.)
CURVE()
GEOMETRIC_REPRESENTATION_ITEM()
RATIONAL_B_SPLINE_CURVE((1.,1.,1.,1.))
REPRESENTATION_ITEM('')
);
#293=(
BOUNDED_CURVE()
B_SPLINE_CURVE(3,(#7911,#7912,#7913,#7914),.UNSPECIFIED.,.F.,.F.)
B_SPLINE_CURVE_WITH_KNOTS((4,4),(-1.,0.),.UNSPECIFIED.)
CURVE()
GEOMETRIC_REPRESENTATION_ITEM()
RATIONAL_B_SPLINE_CURVE((1.,1.,1.,1.))
REPRESENTATION_ITEM('')
);
#294=(
BOUNDED_CURVE()
B_SPLINE_CURVE(3,(#7925,#7926,#7927,#7928),.UNSPECIFIED.,.F.,.F.)
B_SPLINE_CURVE_WITH_KNOTS((4,4),(-1.,0.),.UNSPECIFIED.)
CURVE()
GEOMETRIC_REPRESENTATION_ITEM()
RATIONAL_B_SPLINE_CURVE((1.,1.,1.,1.))
REPRESENTATION_ITEM('')
);
#295=(
BOUNDED_CURVE()
B_SPLINE_CURVE(3,(#7939,#7940,#7941,#7942),.UNSPECIFIED.,.F.,.F.)
B_SPLINE_CURVE_WITH_KNOTS((4,4),(-1.,0.),.UNSPECIFIED.)
CURVE()
GEOMETRIC_REPRESENTATION_ITEM()
RATIONAL_B_SPLINE_CURVE((1.,1.,1.,1.))
REPRESENTATION_ITEM('')
);
#296=(
BOUNDED_CURVE()
B_SPLINE_CURVE(3,(#7953,#7954,#7955,#7956),.UNSPECIFIED.,.F.,.F.)
B_SPLINE_CURVE_WITH_KNOTS((4,4),(-1.,0.),.UNSPECIFIED.)
CURVE()
GEOMETRIC_REPRESENTATION_ITEM()
RATIONAL_B_SPLINE_CURVE((1.,1.,1.,1.))
REPRESENTATION_ITEM('')
);
#297=(
BOUNDED_CURVE()
B_SPLINE_CURVE(3,(#7967,#7968,#7969,#7970),.UNSPECIFIED.,.F.,.F.)
B_SPLINE_CURVE_WITH_KNOTS((4,4),(-1.,0.),.UNSPECIFIED.)
CURVE()
GEOMETRIC_REPRESENTATION_ITEM()
RATIONAL_B_SPLINE_CURVE((1.,1.,1.,1.))
REPRESENTATION_ITEM('')
);
#298=(
BOUNDED_CURVE()
B_SPLINE_CURVE(3,(#7981,#7982,#7983,#7984),.UNSPECIFIED.,.F.,.F.)
B_SPLINE_CURVE_WITH_KNOTS((4,4),(-1.,0.),.UNSPECIFIED.)
CURVE()
GEOMETRIC_REPRESENTATION_ITEM()
RATIONAL_B_SPLINE_CURVE((1.,1.,1.,1.))
REPRESENTATION_ITEM('')
);
#299=(
BOUNDED_CURVE()
B_SPLINE_CURVE(3,(#7995,#7996,#7997,#7998),.UNSPECIFIED.,.F.,.F.)
B_SPLINE_CURVE_WITH_KNOTS((4,4),(-1.,0.),.UNSPECIFIED.)
CURVE()
GEOMETRIC_REPRESENTATION_ITEM()
RATIONAL_B_SPLINE_CURVE((1.,1.,1.,1.))
REPRESENTATION_ITEM('')
);
#300=(
BOUNDED_CURVE()
B_SPLINE_CURVE(3,(#8007,#8008,#8009,#8010),.UNSPECIFIED.,.F.,.F.)
B_SPLINE_CURVE_WITH_KNOTS((4,4),(-1.,0.),.UNSPECIFIED.)
CURVE()
GEOMETRIC_REPRESENTATION_ITEM()
RATIONAL_B_SPLINE_CURVE((1.,1.,1.,1.))
REPRESENTATION_ITEM('')
);
#301=FACE_BOUND('',#1694,.T.);
#302=FACE_BOUND('',#1695,.T.);
#303=FACE_BOUND('',#1696,.T.);
#304=FACE_BOUND('',#1697,.T.);
#305=FACE_BOUND('',#1698,.T.);
#306=FACE_BOUND('',#1699,.T.);
#307=FACE_BOUND('',#1700,.T.);
#308=FACE_BOUND('',#1701,.T.);
#309=FACE_BOUND('',#1702,.T.);
#310=FACE_BOUND('',#1703,.T.);
#311=FACE_BOUND('',#1704,.T.);
#312=FACE_BOUND('',#1705,.T.);
#313=FACE_BOUND('',#1706,.T.);
#314=FACE_BOUND('',#1707,.T.);
#315=FACE_BOUND('',#1708,.T.);
#316=FACE_BOUND('',#1709,.T.);
#317=FACE_BOUND('',#1710,.T.);
#318=FACE_BOUND('',#1711,.T.);
#319=FACE_BOUND('',#1712,.T.);
#320=FACE_BOUND('',#1713,.T.);
#321=FACE_BOUND('',#1714,.T.);
#322=FACE_BOUND('',#1715,.T.);
#323=FACE_BOUND('',#1716,.T.);
#324=FACE_BOUND('',#1738,.T.);
#325=FACE_BOUND('',#1739,.T.);
#326=FACE_BOUND('',#1740,.T.);
#327=FACE_BOUND('',#1741,.T.);
#328=FACE_BOUND('',#1742,.T.);
#329=FACE_BOUND('',#1743,.T.);
#330=FACE_BOUND('',#1744,.T.);
#331=FACE_BOUND('',#1745,.T.);
#332=FACE_BOUND('',#1746,.T.);
#333=FACE_BOUND('',#1747,.T.);
#334=FACE_BOUND('',#1748,.T.);
#335=FACE_BOUND('',#1749,.T.);
#336=FACE_BOUND('',#1750,.T.);
#337=FACE_BOUND('',#1751,.T.);
#338=FACE_BOUND('',#1752,.T.);
#339=FACE_BOUND('',#1883,.T.);
#340=FACE_BOUND('',#1884,.T.);
#341=FACE_BOUND('',#1939,.T.);
#342=PLANE('',#4647);
#343=PLANE('',#4658);
#344=PLANE('',#4686);
#345=PLANE('',#4700);
#346=PLANE('',#4701);
#347=PLANE('',#4702);
#348=PLANE('',#4705);
#349=PLANE('',#4706);
#350=PLANE('',#4709);
#351=PLANE('',#4710);
#352=PLANE('',#4711);
#353=PLANE('',#4712);
#354=PLANE('',#4713);
#355=PLANE('',#4714);
#356=PLANE('',#4715);
#357=PLANE('',#4716);
#358=PLANE('',#4717);
#359=PLANE('',#4718);
#360=PLANE('',#4727);
#361=PLANE('',#4728);
#362=PLANE('',#4729);
#363=PLANE('',#4730);
#364=PLANE('',#4731);
#365=PLANE('',#4732);
#366=PLANE('',#4733);
#367=PLANE('',#4734);
#368=PLANE('',#4735);
#369=PLANE('',#4736);
#370=PLANE('',#4737);
#371=PLANE('',#4738);
#372=PLANE('',#4739);
#373=PLANE('',#4740);
#374=PLANE('',#4741);
#375=PLANE('',#4742);
#376=PLANE('',#4743);
#377=PLANE('',#4744);
#378=PLANE('',#4745);
#379=PLANE('',#4746);
#380=PLANE('',#4747);
#381=PLANE('',#4748);
#382=PLANE('',#4749);
#383=PLANE('',#4750);
#384=PLANE('',#4751);
#385=PLANE('',#4752);
#386=PLANE('',#4753);
#387=PLANE('',#4754);
#388=PLANE('',#4755);
#389=PLANE('',#4756);
#390=PLANE('',#4757);
#391=PLANE('',#4758);
#392=PLANE('',#4759);
#393=PLANE('',#4760);
#394=PLANE('',#4761);
#395=PLANE('',#4762);
#396=PLANE('',#4763);
#397=PLANE('',#4764);
#398=PLANE('',#4765);
#399=PLANE('',#4766);
#400=PLANE('',#4771);
#401=PLANE('',#4772);
#402=PLANE('',#4773);
#403=PLANE('',#4774);
#404=PLANE('',#4775);
#405=PLANE('',#4776);
#406=PLANE('',#4777);
#407=PLANE('',#4778);
#408=PLANE('',#4779);
#409=PLANE('',#4780);
#410=PLANE('',#4781);
#411=PLANE('',#4782);
#412=PLANE('',#4783);
#413=PLANE('',#4784);
#414=PLANE('',#4785);
#415=PLANE('',#4786);
#416=PLANE('',#4787);
#417=PLANE('',#4788);
#418=PLANE('',#4789);
#419=PLANE('',#4790);
#420=PLANE('',#4791);
#421=PLANE('',#4792);
#422=PLANE('',#4793);
#423=PLANE('',#4794);
#424=PLANE('',#4795);
#425=PLANE('',#4796);
#426=PLANE('',#4797);
#427=PLANE('',#4798);
#428=PLANE('',#4799);
#429=PLANE('',#4800);
#430=PLANE('',#4801);
#431=PLANE('',#4802);
#432=PLANE('',#4803);
#433=PLANE('',#4804);
#434=PLANE('',#4805);
#435=PLANE('',#4806);
#436=PLANE('',#4807);
#437=PLANE('',#4808);
#438=PLANE('',#4809);
#439=PLANE('',#4810);
#440=PLANE('',#4811);
#441=PLANE('',#4812);
#442=PLANE('',#4813);
#443=PLANE('',#4814);
#444=PLANE('',#4815);
#445=PLANE('',#4816);
#446=PLANE('',#4817);
#447=PLANE('',#4818);
#448=PLANE('',#4819);
#449=PLANE('',#4820);
#450=PLANE('',#4821);
#451=PLANE('',#4822);
#452=PLANE('',#4823);
#453=PLANE('',#4824);
#454=PLANE('',#4825);
#455=PLANE('',#4826);
#456=PLANE('',#4827);
#457=PLANE('',#4828);
#458=PLANE('',#4829);
#459=PLANE('',#4830);
#460=PLANE('',#4831);
#461=PLANE('',#4832);
#462=PLANE('',#4833);
#463=PLANE('',#4834);
#464=PLANE('',#4835);
#465=PLANE('',#4836);
#466=PLANE('',#4837);
#467=PLANE('',#4838);
#468=PLANE('',#4839);
#469=PLANE('',#4840);
#470=PLANE('',#4841);
#471=PLANE('',#4842);
#472=PLANE('',#4843);
#473=PLANE('',#4846);
#474=PLANE('',#4848);
#475=PLANE('',#4850);
#476=PLANE('',#4851);
#477=PLANE('',#4852);
#478=PLANE('',#4853);
#479=PLANE('',#4854);
#480=PLANE('',#4855);
#481=LINE('',#5772,#949);
#482=LINE('',#5773,#950);
#483=LINE('',#5776,#951);
#484=LINE('',#5777,#952);
#485=LINE('',#5783,#953);
#486=LINE('',#5786,#954);
#487=LINE('',#5795,#955);
#488=LINE('',#5798,#956);
#489=LINE('',#5800,#957);
#490=LINE('',#5801,#958);
#491=LINE('',#5803,#959);
#492=LINE('',#5809,#960);
#493=LINE('',#5812,#961);
#494=LINE('',#5823,#962);
#495=LINE('',#5824,#963);
#496=LINE('',#5835,#964);
#497=LINE('',#5836,#965);
#498=LINE('',#5847,#966);
#499=LINE('',#5848,#967);
#500=LINE('',#5859,#968);
#501=LINE('',#5860,#969);
#502=LINE('',#5862,#970);
#503=LINE('',#5863,#971);
#504=LINE('',#5866,#972);
#505=LINE('',#5868,#973);
#506=LINE('',#5870,#974);
#507=LINE('',#5871,#975);
#508=LINE('',#5874,#976);
#509=LINE('',#5876,#977);
#510=LINE('',#5878,#978);
#511=LINE('',#5879,#979);
#512=LINE('',#5882,#980);
#513=LINE('',#5884,#981);
#514=LINE('',#5886,#982);
#515=LINE('',#5887,#983);
#516=LINE('',#5890,#984);
#517=LINE('',#5892,#985);
#518=LINE('',#5894,#986);
#519=LINE('',#5895,#987);
#520=LINE('',#5898,#988);
#521=LINE('',#5900,#989);
#522=LINE('',#5902,#990);
#523=LINE('',#5903,#991);
#524=LINE('',#5906,#992);
#525=LINE('',#5908,#993);
#526=LINE('',#5910,#994);
#527=LINE('',#5911,#995);
#528=LINE('',#5914,#996);
#529=LINE('',#5916,#997);
#530=LINE('',#5918,#998);
#531=LINE('',#5919,#999);
#532=LINE('',#5922,#1000);
#533=LINE('',#5924,#1001);
#534=LINE('',#5926,#1002);
#535=LINE('',#5927,#1003);
#536=LINE('',#5930,#1004);
#537=LINE('',#5932,#1005);
#538=LINE('',#5934,#1006);
#539=LINE('',#5935,#1007);
#540=LINE('',#6088,#1008);
#541=LINE('',#6090,#1009);
#542=LINE('',#6092,#1010);
#543=LINE('',#6093,#1011);
#544=LINE('',#6096,#1012);
#545=LINE('',#6098,#1013);
#546=LINE('',#6100,#1014);
#547=LINE('',#6102,#1015);
#548=LINE('',#6104,#1016);
#549=LINE('',#6106,#1017);
#550=LINE('',#6108,#1018);
#551=LINE('',#6109,#1019);
#552=LINE('',#6118,#1020);
#553=LINE('',#6120,#1021);
#554=LINE('',#6122,#1022);
#555=LINE('',#6178,#1023);
#556=LINE('',#6180,#1024);
#557=LINE('',#6182,#1025);
#558=LINE('',#6184,#1026);
#559=LINE('',#6186,#1027);
#560=LINE('',#6187,#1028);
#561=LINE('',#6190,#1029);
#562=LINE('',#6192,#1030);
#563=LINE('',#6194,#1031);
#564=LINE('',#6195,#1032);
#565=LINE('',#6198,#1033);
#566=LINE('',#6200,#1034);
#567=LINE('',#6202,#1035);
#568=LINE('',#6204,#1036);
#569=LINE('',#6206,#1037);
#570=LINE('',#6207,#1038);
#571=LINE('',#6210,#1039);
#572=LINE('',#6212,#1040);
#573=LINE('',#6214,#1041);
#574=LINE('',#6216,#1042);
#575=LINE('',#6218,#1043);
#576=LINE('',#6220,#1044);
#577=LINE('',#6222,#1045);
#578=LINE('',#6224,#1046);
#579=LINE('',#6226,#1047);
#580=LINE('',#6228,#1048);
#581=LINE('',#6230,#1049);
#582=LINE('',#6231,#1050);
#583=LINE('',#6234,#1051);
#584=LINE('',#6236,#1052);
#585=LINE('',#6238,#1053);
#586=LINE('',#6240,#1054);
#587=LINE('',#6242,#1055);
#588=LINE('',#6244,#1056);
#589=LINE('',#6246,#1057);
#590=LINE('',#6248,#1058);
#591=LINE('',#6250,#1059);
#592=LINE('',#6252,#1060);
#593=LINE('',#6254,#1061);
#594=LINE('',#6255,#1062);
#595=LINE('',#6258,#1063);
#596=LINE('',#6260,#1064);
#597=LINE('',#6262,#1065);
#598=LINE('',#6264,#1066);
#599=LINE('',#6266,#1067);
#600=LINE('',#6268,#1068);
#601=LINE('',#6270,#1069);
#602=LINE('',#6272,#1070);
#603=LINE('',#6274,#1071);
#604=LINE('',#6276,#1072);
#605=LINE('',#6278,#1073);
#606=LINE('',#6279,#1074);
#607=LINE('',#6291,#1075);
#608=LINE('',#6295,#1076);
#609=LINE('',#6299,#1077);
#610=LINE('',#6302,#1078);
#611=LINE('',#6305,#1079);
#612=LINE('',#6308,#1080);
#613=LINE('',#6311,#1081);
#614=LINE('',#6314,#1082);
#615=LINE('',#6317,#1083);
#616=LINE('',#6319,#1084);
#617=LINE('',#6320,#1085);
#618=LINE('',#6323,#1086);
#619=LINE('',#6324,#1087);
#620=LINE('',#6327,#1088);
#621=LINE('',#6328,#1089);
#622=LINE('',#6331,#1090);
#623=LINE('',#6334,#1091);
#624=LINE('',#6336,#1092);
#625=LINE('',#6339,#1093);
#626=LINE('',#6341,#1094);
#627=LINE('',#6344,#1095);
#628=LINE('',#6346,#1096);
#629=LINE('',#6347,#1097);
#630=LINE('',#6349,#1098);
#631=LINE('',#6350,#1099);
#632=LINE('',#6352,#1100);
#633=LINE('',#6353,#1101);
#634=LINE('',#6357,#1102);
#635=LINE('',#6359,#1103);
#636=LINE('',#6360,#1104);
#637=LINE('',#6363,#1105);
#638=LINE('',#6364,#1106);
#639=LINE('',#6367,#1107);
#640=LINE('',#6368,#1108);
#641=LINE('',#6371,#1109);
#642=LINE('',#6373,#1110);
#643=LINE('',#6374,#1111);
#644=LINE('',#6377,#1112);
#645=LINE('',#6378,#1113);
#646=LINE('',#6381,#1114);
#647=LINE('',#6382,#1115);
#648=LINE('',#6384,#1116);
#649=LINE('',#6388,#1117);
#650=LINE('',#6389,#1118);
#651=LINE('',#6393,#1119);
#652=LINE('',#6397,#1120);
#653=LINE('',#6401,#1121);
#654=LINE('',#6405,#1122);
#655=LINE('',#6407,#1123);
#656=LINE('',#6409,#1124);
#657=LINE('',#6410,#1125);
#658=LINE('',#6413,#1126);
#659=LINE('',#6415,#1127);
#660=LINE('',#6417,#1128);
#661=LINE('',#6418,#1129);
#662=LINE('',#6421,#1130);
#663=LINE('',#6423,#1131);
#664=LINE('',#6425,#1132);
#665=LINE('',#6426,#1133);
#666=LINE('',#6429,#1134);
#667=LINE('',#6431,#1135);
#668=LINE('',#6433,#1136);
#669=LINE('',#6434,#1137);
#670=LINE('',#6437,#1138);
#671=LINE('',#6439,#1139);
#672=LINE('',#6441,#1140);
#673=LINE('',#6442,#1141);
#674=LINE('',#6445,#1142);
#675=LINE('',#6447,#1143);
#676=LINE('',#6449,#1144);
#677=LINE('',#6450,#1145);
#678=LINE('',#6453,#1146);
#679=LINE('',#6455,#1147);
#680=LINE('',#6457,#1148);
#681=LINE('',#6458,#1149);
#682=LINE('',#6461,#1150);
#683=LINE('',#6463,#1151);
#684=LINE('',#6465,#1152);
#685=LINE('',#6466,#1153);
#686=LINE('',#6469,#1154);
#687=LINE('',#6471,#1155);
#688=LINE('',#6473,#1156);
#689=LINE('',#6474,#1157);
#690=LINE('',#6477,#1158);
#691=LINE('',#6479,#1159);
#692=LINE('',#6481,#1160);
#693=LINE('',#6482,#1161);
#694=LINE('',#6491,#1162);
#695=LINE('',#6492,#1163);
#696=LINE('',#6494,#1164);
#697=LINE('',#6497,#1165);
#698=LINE('',#6498,#1166);
#699=LINE('',#6500,#1167);
#700=LINE('',#6502,#1168);
#701=LINE('',#6503,#1169);
#702=LINE('',#6505,#1170);
#703=LINE('',#6507,#1171);
#704=LINE('',#6510,#1172);
#705=LINE('',#6511,#1173);
#706=LINE('',#6513,#1174);
#707=LINE('',#6515,#1175);
#708=LINE('',#6518,#1176);
#709=LINE('',#6519,#1177);
#710=LINE('',#6521,#1178);
#711=LINE('',#6523,#1179);
#712=LINE('',#6526,#1180);
#713=LINE('',#6527,#1181);
#714=LINE('',#6529,#1182);
#715=LINE('',#6531,#1183);
#716=LINE('',#6534,#1184);
#717=LINE('',#6535,#1185);
#718=LINE('',#6537,#1186);
#719=LINE('',#6539,#1187);
#720=LINE('',#6542,#1188);
#721=LINE('',#6543,#1189);
#722=LINE('',#6545,#1190);
#723=LINE('',#6547,#1191);
#724=LINE('',#6550,#1192);
#725=LINE('',#6551,#1193);
#726=LINE('',#6553,#1194);
#727=LINE('',#6555,#1195);
#728=LINE('',#6558,#1196);
#729=LINE('',#6559,#1197);
#730=LINE('',#6561,#1198);
#731=LINE('',#6563,#1199);
#732=LINE('',#6566,#1200);
#733=LINE('',#6567,#1201);
#734=LINE('',#6569,#1202);
#735=LINE('',#6571,#1203);
#736=LINE('',#6574,#1204);
#737=LINE('',#6576,#1205);
#738=LINE('',#6578,#1206);
#739=LINE('',#6580,#1207);
#740=LINE('',#6583,#1208);
#741=LINE('',#6585,#1209);
#742=LINE('',#6586,#1210);
#743=LINE('',#6589,#1211);
#744=LINE('',#6590,#1212);
#745=LINE('',#6593,#1213);
#746=LINE('',#6594,#1214);
#747=LINE('',#6597,#1215);
#748=LINE('',#6598,#1216);
#749=LINE('',#6601,#1217);
#750=LINE('',#6602,#1218);
#751=LINE('',#6605,#1219);
#752=LINE('',#6606,#1220);
#753=LINE('',#6609,#1221);
#754=LINE('',#6610,#1222);
#755=LINE('',#6613,#1223);
#756=LINE('',#6614,#1224);
#757=LINE('',#6617,#1225);
#758=LINE('',#6618,#1226);
#759=LINE('',#6621,#1227);
#760=LINE('',#6622,#1228);
#761=LINE('',#6625,#1229);
#762=LINE('',#6626,#1230);
#763=LINE('',#6628,#1231);
#764=LINE('',#6632,#1232);
#765=LINE('',#6634,#1233);
#766=LINE('',#6635,#1234);
#767=LINE('',#6638,#1235);
#768=LINE('',#6639,#1236);
#769=LINE('',#6642,#1237);
#770=LINE('',#6643,#1238);
#771=LINE('',#6646,#1239);
#772=LINE('',#6647,#1240);
#773=LINE('',#6650,#1241);
#774=LINE('',#6651,#1242);
#775=LINE('',#6654,#1243);
#776=LINE('',#6655,#1244);
#777=LINE('',#6658,#1245);
#778=LINE('',#6659,#1246);
#779=LINE('',#6662,#1247);
#780=LINE('',#6663,#1248);
#781=LINE('',#6666,#1249);
#782=LINE('',#6667,#1250);
#783=LINE('',#6670,#1251);
#784=LINE('',#6671,#1252);
#785=LINE('',#6674,#1253);
#786=LINE('',#6675,#1254);
#787=LINE('',#6677,#1255);
#788=LINE('',#6681,#1256);
#789=LINE('',#6683,#1257);
#790=LINE('',#6684,#1258);
#791=LINE('',#6687,#1259);
#792=LINE('',#6688,#1260);
#793=LINE('',#6691,#1261);
#794=LINE('',#6692,#1262);
#795=LINE('',#6695,#1263);
#796=LINE('',#6696,#1264);
#797=LINE('',#6699,#1265);
#798=LINE('',#6700,#1266);
#799=LINE('',#6703,#1267);
#800=LINE('',#6704,#1268);
#801=LINE('',#6707,#1269);
#802=LINE('',#6708,#1270);
#803=LINE('',#6711,#1271);
#804=LINE('',#6712,#1272);
#805=LINE('',#6715,#1273);
#806=LINE('',#6716,#1274);
#807=LINE('',#6719,#1275);
#808=LINE('',#6720,#1276);
#809=LINE('',#6723,#1277);
#810=LINE('',#6724,#1278);
#811=LINE('',#6726,#1279);
#812=LINE('',#6730,#1280);
#813=LINE('',#6732,#1281);
#814=LINE('',#6733,#1282);
#815=LINE('',#6736,#1283);
#816=LINE('',#6737,#1284);
#817=LINE('',#6740,#1285);
#818=LINE('',#6741,#1286);
#819=LINE('',#6744,#1287);
#820=LINE('',#6745,#1288);
#821=LINE('',#6748,#1289);
#822=LINE('',#6749,#1290);
#823=LINE('',#6751,#1291);
#824=LINE('',#6755,#1292);
#825=LINE('',#6757,#1293);
#826=LINE('',#6758,#1294);
#827=LINE('',#6761,#1295);
#828=LINE('',#6762,#1296);
#829=LINE('',#6765,#1297);
#830=LINE('',#6766,#1298);
#831=LINE('',#6768,#1299);
#832=LINE('',#6772,#1300);
#833=LINE('',#6774,#1301);
#834=LINE('',#6775,#1302);
#835=LINE('',#6778,#1303);
#836=LINE('',#6779,#1304);
#837=LINE('',#6782,#1305);
#838=LINE('',#6783,#1306);
#839=LINE('',#6786,#1307);
#840=LINE('',#6787,#1308);
#841=LINE('',#6790,#1309);
#842=LINE('',#6791,#1310);
#843=LINE('',#6793,#1311);
#844=LINE('',#6798,#1312);
#845=LINE('',#6800,#1313);
#846=LINE('',#6802,#1314);
#847=LINE('',#6803,#1315);
#848=LINE('',#6821,#1316);
#849=LINE('',#6844,#1317);
#850=LINE('',#6867,#1318);
#851=LINE('',#6890,#1319);
#852=LINE('',#6898,#1320);
#853=LINE('',#6900,#1321);
#854=LINE('',#6901,#1322);
#855=LINE('',#6903,#1323);
#856=LINE('',#6904,#1324);
#857=LINE('',#6908,#1325);
#858=LINE('',#6910,#1326);
#859=LINE('',#6912,#1327);
#860=LINE('',#6913,#1328);
#861=LINE('',#6931,#1329);
#862=LINE('',#6954,#1330);
#863=LINE('',#6977,#1331);
#864=LINE('',#7000,#1332);
#865=LINE('',#7008,#1333);
#866=LINE('',#7010,#1334);
#867=LINE('',#7011,#1335);
#868=LINE('',#7013,#1336);
#869=LINE('',#7014,#1337);
#870=LINE('',#7026,#1338);
#871=LINE('',#7033,#1339);
#872=LINE('',#7045,#1340);
#873=LINE('',#7062,#1341);
#874=LINE('',#7079,#1342);
#875=LINE('',#7096,#1343);
#876=LINE('',#7113,#1344);
#877=LINE('',#7130,#1345);
#878=LINE('',#7147,#1346);
#879=LINE('',#7164,#1347);
#880=LINE('',#7181,#1348);
#881=LINE('',#7189,#1349);
#882=LINE('',#7190,#1350);
#883=LINE('',#7193,#1351);
#884=LINE('',#7194,#1352);
#885=LINE('',#7196,#1353);
#886=LINE('',#7214,#1354);
#887=LINE('',#7220,#1355);
#888=LINE('',#7239,#1356);
#889=LINE('',#7258,#1357);
#890=LINE('',#7277,#1358);
#891=LINE('',#7296,#1359);
#892=LINE('',#7315,#1360);
#893=LINE('',#7334,#1361);
#894=LINE('',#7353,#1362);
#895=LINE('',#7372,#1363);
#896=LINE('',#7391,#1364);
#897=LINE('',#7394,#1365);
#898=LINE('',#7396,#1366);
#899=LINE('',#7397,#1367);
#900=LINE('',#7407,#1368);
#901=LINE('',#7413,#1369);
#902=LINE('',#7427,#1370);
#903=LINE('',#7441,#1371);
#904=LINE('',#7455,#1372);
#905=LINE('',#7469,#1373);
#906=LINE('',#7483,#1374);
#907=LINE('',#7497,#1375);
#908=LINE('',#7511,#1376);
#909=LINE('',#7525,#1377);
#910=LINE('',#7539,#1378);
#911=LINE('',#7553,#1379);
#912=LINE('',#7567,#1380);
#913=LINE('',#7581,#1381);
#914=LINE('',#7595,#1382);
#915=LINE('',#7609,#1383);
#916=LINE('',#7624,#1384);
#917=LINE('',#7643,#1385);
#918=LINE('',#7662,#1386);
#919=LINE('',#7681,#1387);
#920=LINE('',#7700,#1388);
#921=LINE('',#7719,#1389);
#922=LINE('',#7738,#1390);
#923=LINE('',#7757,#1391);
#924=LINE('',#7776,#1392);
#925=LINE('',#7795,#1393);
#926=LINE('',#7801,#1394);
#927=LINE('',#7802,#1395);
#928=LINE('',#7812,#1396);
#929=LINE('',#7826,#1397);
#930=LINE('',#7840,#1398);
#931=LINE('',#7854,#1399);
#932=LINE('',#7868,#1400);
#933=LINE('',#7882,#1401);
#934=LINE('',#7896,#1402);
#935=LINE('',#7910,#1403);
#936=LINE('',#7924,#1404);
#937=LINE('',#7938,#1405);
#938=LINE('',#7952,#1406);
#939=LINE('',#7966,#1407);
#940=LINE('',#7980,#1408);
#941=LINE('',#7994,#1409);
#942=LINE('',#8014,#1410);
#943=LINE('',#8016,#1411);
#944=LINE('',#8018,#1412);
#945=LINE('',#8020,#1413);
#946=LINE('',#8022,#1414);
#947=LINE('',#8024,#1415);
#948=LINE('',#8030,#1416);
#949=VECTOR('',#4872,10.);
#950=VECTOR('',#4873,10.);
#951=VECTOR('',#4876,10.);
#952=VECTOR('',#4877,10.);
#953=VECTOR('',#4882,10.);
#954=VECTOR('',#4885,10.);
#955=VECTOR('',#4896,10.);
#956=VECTOR('',#4899,10.);
#957=VECTOR('',#4902,10.);
#958=VECTOR('',#4903,10.);
#959=VECTOR('',#4906,10.);
#960=VECTOR('',#4911,10.);
#961=VECTOR('',#4914,10.);
#962=VECTOR('',#4927,10.);
#963=VECTOR('',#4928,10.);
#964=VECTOR('',#4941,10.);
#965=VECTOR('',#4942,10.);
#966=VECTOR('',#4955,10.);
#967=VECTOR('',#4956,10.);
#968=VECTOR('',#4969,10.);
#969=VECTOR('',#4970,10.);
#970=VECTOR('',#4973,10.);
#971=VECTOR('',#4974,10.);
#972=VECTOR('',#4975,10.);
#973=VECTOR('',#4976,10.);
#974=VECTOR('',#4977,10.);
#975=VECTOR('',#4978,10.);
#976=VECTOR('',#4979,10.);
#977=VECTOR('',#4980,10.);
#978=VECTOR('',#4981,10.);
#979=VECTOR('',#4982,10.);
#980=VECTOR('',#4983,10.);
#981=VECTOR('',#4984,10.);
#982=VECTOR('',#4985,10.);
#983=VECTOR('',#4986,10.);
#984=VECTOR('',#4987,10.);
#985=VECTOR('',#4988,10.);
#986=VECTOR('',#4989,10.);
#987=VECTOR('',#4990,10.);
#988=VECTOR('',#4991,10.);
#989=VECTOR('',#4992,10.);
#990=VECTOR('',#4993,10.);
#991=VECTOR('',#4994,10.);
#992=VECTOR('',#4995,10.);
#993=VECTOR('',#4996,10.);
#994=VECTOR('',#4997,10.);
#995=VECTOR('',#4998,10.);
#996=VECTOR('',#4999,10.);
#997=VECTOR('',#5000,10.);
#998=VECTOR('',#5001,10.);
#999=VECTOR('',#5002,10.);
#1000=VECTOR('',#5003,10.);
#1001=VECTOR('',#5004,10.);
#1002=VECTOR('',#5005,10.);
#1003=VECTOR('',#5006,10.);
#1004=VECTOR('',#5007,10.);
#1005=VECTOR('',#5008,10.);
#1006=VECTOR('',#5009,10.);
#1007=VECTOR('',#5010,10.);
#1008=VECTOR('',#5011,10.);
#1009=VECTOR('',#5012,10.);
#1010=VECTOR('',#5013,10.);
#1011=VECTOR('',#5014,10.);
#1012=VECTOR('',#5015,10.);
#1013=VECTOR('',#5016,10.);
#1014=VECTOR('',#5017,10.);
#1015=VECTOR('',#5018,10.);
#1016=VECTOR('',#5019,10.);
#1017=VECTOR('',#5020,10.);
#1018=VECTOR('',#5021,10.);
#1019=VECTOR('',#5022,10.);
#1020=VECTOR('',#5023,10.);
#1021=VECTOR('',#5024,10.);
#1022=VECTOR('',#5025,10.);
#1023=VECTOR('',#5026,10.);
#1024=VECTOR('',#5027,10.);
#1025=VECTOR('',#5028,10.);
#1026=VECTOR('',#5029,10.);
#1027=VECTOR('',#5030,10.);
#1028=VECTOR('',#5031,10.);
#1029=VECTOR('',#5032,10.);
#1030=VECTOR('',#5033,10.);
#1031=VECTOR('',#5034,10.);
#1032=VECTOR('',#5035,10.);
#1033=VECTOR('',#5036,10.);
#1034=VECTOR('',#5037,10.);
#1035=VECTOR('',#5038,10.);
#1036=VECTOR('',#5039,10.);
#1037=VECTOR('',#5040,10.);
#1038=VECTOR('',#5041,10.);
#1039=VECTOR('',#5042,10.);
#1040=VECTOR('',#5043,10.);
#1041=VECTOR('',#5044,10.);
#1042=VECTOR('',#5045,10.);
#1043=VECTOR('',#5046,10.);
#1044=VECTOR('',#5047,10.);
#1045=VECTOR('',#5048,10.);
#1046=VECTOR('',#5049,10.);
#1047=VECTOR('',#5050,10.);
#1048=VECTOR('',#5051,10.);
#1049=VECTOR('',#5052,10.);
#1050=VECTOR('',#5053,10.);
#1051=VECTOR('',#5054,10.);
#1052=VECTOR('',#5055,10.);
#1053=VECTOR('',#5056,10.);
#1054=VECTOR('',#5057,10.);
#1055=VECTOR('',#5058,10.);
#1056=VECTOR('',#5059,10.);
#1057=VECTOR('',#5060,10.);
#1058=VECTOR('',#5061,10.);
#1059=VECTOR('',#5062,10.);
#1060=VECTOR('',#5063,10.);
#1061=VECTOR('',#5064,10.);
#1062=VECTOR('',#5065,10.);
#1063=VECTOR('',#5066,10.);
#1064=VECTOR('',#5067,10.);
#1065=VECTOR('',#5068,10.);
#1066=VECTOR('',#5069,10.);
#1067=VECTOR('',#5070,10.);
#1068=VECTOR('',#5071,10.);
#1069=VECTOR('',#5072,10.);
#1070=VECTOR('',#5073,10.);
#1071=VECTOR('',#5074,10.);
#1072=VECTOR('',#5075,10.);
#1073=VECTOR('',#5076,10.);
#1074=VECTOR('',#5077,10.);
#1075=VECTOR('',#5088,10.);
#1076=VECTOR('',#5091,10.);
#1077=VECTOR('',#5096,10.);
#1078=VECTOR('',#5099,10.);
#1079=VECTOR('',#5102,10.);
#1080=VECTOR('',#5105,10.);
#1081=VECTOR('',#5108,10.);
#1082=VECTOR('',#5111,10.);
#1083=VECTOR('',#5114,10.);
#1084=VECTOR('',#5115,10.);
#1085=VECTOR('',#5116,10.);
#1086=VECTOR('',#5119,10.);
#1087=VECTOR('',#5120,10.);
#1088=VECTOR('',#5123,10.);
#1089=VECTOR('',#5124,10.);
#1090=VECTOR('',#5127,10.);
#1091=VECTOR('',#5130,10.);
#1092=VECTOR('',#5133,10.);
#1093=VECTOR('',#5136,10.);
#1094=VECTOR('',#5137,10.);
#1095=VECTOR('',#5140,10.);
#1096=VECTOR('',#5141,10.);
#1097=VECTOR('',#5142,10.);
#1098=VECTOR('',#5143,10.);
#1099=VECTOR('',#5144,10.);
#1100=VECTOR('',#5147,10.);
#1101=VECTOR('',#5148,10.);
#1102=VECTOR('',#5153,10.);
#1103=VECTOR('',#5154,10.);
#1104=VECTOR('',#5155,10.);
#1105=VECTOR('',#5158,10.);
#1106=VECTOR('',#5159,10.);
#1107=VECTOR('',#5162,10.);
#1108=VECTOR('',#5163,10.);
#1109=VECTOR('',#5166,10.);
#1110=VECTOR('',#5167,10.);
#1111=VECTOR('',#5168,10.);
#1112=VECTOR('',#5171,10.);
#1113=VECTOR('',#5172,10.);
#1114=VECTOR('',#5175,10.);
#1115=VECTOR('',#5176,10.);
#1116=VECTOR('',#5179,10.);
#1117=VECTOR('',#5184,10.);
#1118=VECTOR('',#5185,10.);
#1119=VECTOR('',#5188,10.);
#1120=VECTOR('',#5191,10.);
#1121=VECTOR('',#5194,10.);
#1122=VECTOR('',#5197,10.);
#1123=VECTOR('',#5198,10.);
#1124=VECTOR('',#5199,10.);
#1125=VECTOR('',#5200,10.);
#1126=VECTOR('',#5201,10.);
#1127=VECTOR('',#5202,10.);
#1128=VECTOR('',#5203,10.);
#1129=VECTOR('',#5204,10.);
#1130=VECTOR('',#5205,10.);
#1131=VECTOR('',#5206,10.);
#1132=VECTOR('',#5207,10.);
#1133=VECTOR('',#5208,10.);
#1134=VECTOR('',#5209,10.);
#1135=VECTOR('',#5210,10.);
#1136=VECTOR('',#5211,10.);
#1137=VECTOR('',#5212,10.);
#1138=VECTOR('',#5213,10.);
#1139=VECTOR('',#5214,10.);
#1140=VECTOR('',#5215,10.);
#1141=VECTOR('',#5216,10.);
#1142=VECTOR('',#5217,10.);
#1143=VECTOR('',#5218,10.);
#1144=VECTOR('',#5219,10.);
#1145=VECTOR('',#5220,10.);
#1146=VECTOR('',#5221,10.);
#1147=VECTOR('',#5222,10.);
#1148=VECTOR('',#5223,10.);
#1149=VECTOR('',#5224,10.);
#1150=VECTOR('',#5225,10.);
#1151=VECTOR('',#5226,10.);
#1152=VECTOR('',#5227,10.);
#1153=VECTOR('',#5228,10.);
#1154=VECTOR('',#5229,10.);
#1155=VECTOR('',#5230,10.);
#1156=VECTOR('',#5231,10.);
#1157=VECTOR('',#5232,10.);
#1158=VECTOR('',#5233,10.);
#1159=VECTOR('',#5234,10.);
#1160=VECTOR('',#5235,10.);
#1161=VECTOR('',#5236,10.);
#1162=VECTOR('',#5245,10.);
#1163=VECTOR('',#5246,10.);
#1164=VECTOR('',#5249,10.);
#1165=VECTOR('',#5254,10.);
#1166=VECTOR('',#5255,10.);
#1167=VECTOR('',#5258,10.);
#1168=VECTOR('',#5261,10.);
#1169=VECTOR('',#5262,10.);
#1170=VECTOR('',#5265,10.);
#1171=VECTOR('',#5268,10.);
#1172=VECTOR('',#5273,10.);
#1173=VECTOR('',#5274,10.);
#1174=VECTOR('',#5277,10.);
#1175=VECTOR('',#5280,10.);
#1176=VECTOR('',#5285,10.);
#1177=VECTOR('',#5286,10.);
#1178=VECTOR('',#5289,10.);
#1179=VECTOR('',#5292,10.);
#1180=VECTOR('',#5297,10.);
#1181=VECTOR('',#5298,10.);
#1182=VECTOR('',#5301,10.);
#1183=VECTOR('',#5304,10.);
#1184=VECTOR('',#5309,10.);
#1185=VECTOR('',#5310,10.);
#1186=VECTOR('',#5313,10.);
#1187=VECTOR('',#5316,10.);
#1188=VECTOR('',#5321,10.);
#1189=VECTOR('',#5322,10.);
#1190=VECTOR('',#5325,10.);
#1191=VECTOR('',#5328,10.);
#1192=VECTOR('',#5333,10.);
#1193=VECTOR('',#5334,10.);
#1194=VECTOR('',#5337,10.);
#1195=VECTOR('',#5340,10.);
#1196=VECTOR('',#5345,10.);
#1197=VECTOR('',#5346,10.);
#1198=VECTOR('',#5349,10.);
#1199=VECTOR('',#5352,10.);
#1200=VECTOR('',#5357,10.);
#1201=VECTOR('',#5358,10.);
#1202=VECTOR('',#5361,10.);
#1203=VECTOR('',#5364,10.);
#1204=VECTOR('',#5369,1.6);
#1205=VECTOR('',#5372,1.6);
#1206=VECTOR('',#5375,1.6);
#1207=VECTOR('',#5378,1.6);
#1208=VECTOR('',#5381,10.);
#1209=VECTOR('',#5382,10.);
#1210=VECTOR('',#5383,10.);
#1211=VECTOR('',#5386,10.);
#1212=VECTOR('',#5387,10.);
#1213=VECTOR('',#5390,10.);
#1214=VECTOR('',#5391,10.);
#1215=VECTOR('',#5394,10.);
#1216=VECTOR('',#5395,10.);
#1217=VECTOR('',#5398,10.);
#1218=VECTOR('',#5399,10.);
#1219=VECTOR('',#5402,10.);
#1220=VECTOR('',#5403,10.);
#1221=VECTOR('',#5406,10.);
#1222=VECTOR('',#5407,10.);
#1223=VECTOR('',#5410,10.);
#1224=VECTOR('',#5411,10.);
#1225=VECTOR('',#5414,10.);
#1226=VECTOR('',#5415,10.);
#1227=VECTOR('',#5418,10.);
#1228=VECTOR('',#5419,10.);
#1229=VECTOR('',#5422,10.);
#1230=VECTOR('',#5423,10.);
#1231=VECTOR('',#5426,10.);
#1232=VECTOR('',#5431,10.);
#1233=VECTOR('',#5432,10.);
#1234=VECTOR('',#5433,10.);
#1235=VECTOR('',#5436,10.);
#1236=VECTOR('',#5437,10.);
#1237=VECTOR('',#5440,10.);
#1238=VECTOR('',#5441,10.);
#1239=VECTOR('',#5444,10.);
#1240=VECTOR('',#5445,10.);
#1241=VECTOR('',#5448,10.);
#1242=VECTOR('',#5449,10.);
#1243=VECTOR('',#5452,10.);
#1244=VECTOR('',#5453,10.);
#1245=VECTOR('',#5456,10.);
#1246=VECTOR('',#5457,10.);
#1247=VECTOR('',#5460,10.);
#1248=VECTOR('',#5461,10.);
#1249=VECTOR('',#5464,10.);
#1250=VECTOR('',#5465,10.);
#1251=VECTOR('',#5468,10.);
#1252=VECTOR('',#5469,10.);
#1253=VECTOR('',#5472,10.);
#1254=VECTOR('',#5473,10.);
#1255=VECTOR('',#5476,10.);
#1256=VECTOR('',#5481,10.);
#1257=VECTOR('',#5482,10.);
#1258=VECTOR('',#5483,10.);
#1259=VECTOR('',#5486,10.);
#1260=VECTOR('',#5487,10.);
#1261=VECTOR('',#5490,10.);
#1262=VECTOR('',#5491,10.);
#1263=VECTOR('',#5494,10.);
#1264=VECTOR('',#5495,10.);
#1265=VECTOR('',#5498,10.);
#1266=VECTOR('',#5499,10.);
#1267=VECTOR('',#5502,10.);
#1268=VECTOR('',#5503,10.);
#1269=VECTOR('',#5506,10.);
#1270=VECTOR('',#5507,10.);
#1271=VECTOR('',#5510,10.);
#1272=VECTOR('',#5511,10.);
#1273=VECTOR('',#5514,10.);
#1274=VECTOR('',#5515,10.);
#1275=VECTOR('',#5518,10.);
#1276=VECTOR('',#5519,10.);
#1277=VECTOR('',#5522,10.);
#1278=VECTOR('',#5523,10.);
#1279=VECTOR('',#5526,10.);
#1280=VECTOR('',#5531,10.);
#1281=VECTOR('',#5532,10.);
#1282=VECTOR('',#5533,10.);
#1283=VECTOR('',#5536,10.);
#1284=VECTOR('',#5537,10.);
#1285=VECTOR('',#5540,10.);
#1286=VECTOR('',#5541,10.);
#1287=VECTOR('',#5544,10.);
#1288=VECTOR('',#5545,10.);
#1289=VECTOR('',#5548,10.);
#1290=VECTOR('',#5549,10.);
#1291=VECTOR('',#5552,10.);
#1292=VECTOR('',#5557,10.);
#1293=VECTOR('',#5558,10.);
#1294=VECTOR('',#5559,10.);
#1295=VECTOR('',#5562,10.);
#1296=VECTOR('',#5563,10.);
#1297=VECTOR('',#5566,10.);
#1298=VECTOR('',#5567,10.);
#1299=VECTOR('',#5570,10.);
#1300=VECTOR('',#5575,10.);
#1301=VECTOR('',#5576,10.);
#1302=VECTOR('',#5577,10.);
#1303=VECTOR('',#5580,10.);
#1304=VECTOR('',#5581,10.);
#1305=VECTOR('',#5584,10.);
#1306=VECTOR('',#5585,10.);
#1307=VECTOR('',#5588,10.);
#1308=VECTOR('',#5589,10.);
#1309=VECTOR('',#5592,10.);
#1310=VECTOR('',#5593,10.);
#1311=VECTOR('',#5596,10.);
#1312=VECTOR('',#5601,10.);
#1313=VECTOR('',#5602,10.);
#1314=VECTOR('',#5603,10.);
#1315=VECTOR('',#5604,10.);
#1316=VECTOR('',#5605,10.);
#1317=VECTOR('',#5606,10.);
#1318=VECTOR('',#5607,10.);
#1319=VECTOR('',#5608,10.);
#1320=VECTOR('',#5611,10.);
#1321=VECTOR('',#5612,10.);
#1322=VECTOR('',#5613,10.);
#1323=VECTOR('',#5616,10.);
#1324=VECTOR('',#5617,10.);
#1325=VECTOR('',#5620,10.);
#1326=VECTOR('',#5621,10.);
#1327=VECTOR('',#5622,10.);
#1328=VECTOR('',#5623,10.);
#1329=VECTOR('',#5624,10.);
#1330=VECTOR('',#5625,10.);
#1331=VECTOR('',#5626,10.);
#1332=VECTOR('',#5627,10.);
#1333=VECTOR('',#5630,10.);
#1334=VECTOR('',#5631,10.);
#1335=VECTOR('',#5632,10.);
#1336=VECTOR('',#5635,10.);
#1337=VECTOR('',#5636,10.);
#1338=VECTOR('',#5637,10.);
#1339=VECTOR('',#5638,10.);
#1340=VECTOR('',#5639,10.);
#1341=VECTOR('',#5640,10.);
#1342=VECTOR('',#5641,10.);
#1343=VECTOR('',#5642,10.);
#1344=VECTOR('',#5643,10.);
#1345=VECTOR('',#5644,10.);
#1346=VECTOR('',#5645,10.);
#1347=VECTOR('',#5646,10.);
#1348=VECTOR('',#5647,10.);
#1349=VECTOR('',#5650,10.);
#1350=VECTOR('',#5651,10.);
#1351=VECTOR('',#5654,10.);
#1352=VECTOR('',#5655,10.);
#1353=VECTOR('',#5658,10.);
#1354=VECTOR('',#5663,10.);
#1355=VECTOR('',#5664,10.);
#1356=VECTOR('',#5665,10.);
#1357=VECTOR('',#5666,10.);
#1358=VECTOR('',#5667,10.);
#1359=VECTOR('',#5668,10.);
#1360=VECTOR('',#5669,10.);
#1361=VECTOR('',#5670,10.);
#1362=VECTOR('',#5671,10.);
#1363=VECTOR('',#5672,10.);
#1364=VECTOR('',#5673,10.);
#1365=VECTOR('',#5676,10.);
#1366=VECTOR('',#5677,10.);
#1367=VECTOR('',#5678,10.);
#1368=VECTOR('',#5679,10.);
#1369=VECTOR('',#5680,10.);
#1370=VECTOR('',#5681,10.);
#1371=VECTOR('',#5682,10.);
#1372=VECTOR('',#5683,10.);
#1373=VECTOR('',#5684,10.);
#1374=VECTOR('',#5685,10.);
#1375=VECTOR('',#5686,10.);
#1376=VECTOR('',#5687,10.);
#1377=VECTOR('',#5688,10.);
#1378=VECTOR('',#5689,10.);
#1379=VECTOR('',#5690,10.);
#1380=VECTOR('',#5691,10.);
#1381=VECTOR('',#5692,10.);
#1382=VECTOR('',#5693,10.);
#1383=VECTOR('',#5694,10.);
#1384=VECTOR('',#5695,10.);
#1385=VECTOR('',#5696,10.);
#1386=VECTOR('',#5697,10.);
#1387=VECTOR('',#5698,10.);
#1388=VECTOR('',#5699,10.);
#1389=VECTOR('',#5700,10.);
#1390=VECTOR('',#5701,10.);
#1391=VECTOR('',#5702,10.);
#1392=VECTOR('',#5703,10.);
#1393=VECTOR('',#5704,10.);
#1394=VECTOR('',#5707,10.);
#1395=VECTOR('',#5708,10.);
#1396=VECTOR('',#5709,10.);
#1397=VECTOR('',#5710,10.);
#1398=VECTOR('',#5711,10.);
#1399=VECTOR('',#5712,10.);
#1400=VECTOR('',#5713,10.);
#1401=VECTOR('',#5714,10.);
#1402=VECTOR('',#5715,10.);
#1403=VECTOR('',#5716,10.);
#1404=VECTOR('',#5717,10.);
#1405=VECTOR('',#5718,10.);
#1406=VECTOR('',#5719,10.);
#1407=VECTOR('',#5720,10.);
#1408=VECTOR('',#5721,10.);
#1409=VECTOR('',#5722,10.);
#1410=VECTOR('',#5729,10.);
#1411=VECTOR('',#5732,10.);
#1412=VECTOR('',#5735,10.);
#1413=VECTOR('',#5738,10.);
#1414=VECTOR('',#5741,10.);
#1415=VECTOR('',#5744,10.);
#1416=VECTOR('',#5755,10.);
#1417=CYLINDRICAL_SURFACE('',#4645,1.5);
#1418=CYLINDRICAL_SURFACE('',#4648,1.5);
#1419=CYLINDRICAL_SURFACE('',#4655,5.);
#1420=CYLINDRICAL_SURFACE('',#4657,5.);
#1421=CYLINDRICAL_SURFACE('',#4659,2.);
#1422=CYLINDRICAL_SURFACE('',#4666,2.);
#1423=CYLINDRICAL_SURFACE('',#4672,2.);
#1424=CYLINDRICAL_SURFACE('',#4678,2.);
#1425=CYLINDRICAL_SURFACE('',#4684,2.);
#1426=CYLINDRICAL_SURFACE('',#4691,2.5);
#1427=CYLINDRICAL_SURFACE('',#4694,2.5);
#1428=CYLINDRICAL_SURFACE('',#4696,2.5);
#1429=CYLINDRICAL_SURFACE('',#4698,2.5);
#1430=CYLINDRICAL_SURFACE('',#4703,1.5);
#1431=CYLINDRICAL_SURFACE('',#4708,1.5);
#1432=CYLINDRICAL_SURFACE('',#4767,1.6);
#1433=CYLINDRICAL_SURFACE('',#4768,1.6);
#1434=CYLINDRICAL_SURFACE('',#4769,1.6);
#1435=CYLINDRICAL_SURFACE('',#4770,1.6);
#1436=CYLINDRICAL_SURFACE('',#4844,5.);
#1437=CYLINDRICAL_SURFACE('',#4845,5.);
#1438=CYLINDRICAL_SURFACE('',#4847,5.);
#1439=CYLINDRICAL_SURFACE('',#4849,5.);
#1440=FACE_OUTER_BOUND('',#1676,.T.);
#1441=FACE_OUTER_BOUND('',#1677,.T.);
#1442=FACE_OUTER_BOUND('',#1678,.T.);
#1443=FACE_OUTER_BOUND('',#1679,.T.);
#1444=FACE_OUTER_BOUND('',#1680,.T.);
#1445=FACE_OUTER_BOUND('',#1681,.T.);
#1446=FACE_OUTER_BOUND('',#1682,.T.);
#1447=FACE_OUTER_BOUND('',#1683,.T.);
#1448=FACE_OUTER_BOUND('',#1684,.T.);
#1449=FACE_OUTER_BOUND('',#1685,.T.);
#1450=FACE_OUTER_BOUND('',#1686,.T.);
#1451=FACE_OUTER_BOUND('',#1687,.T.);
#1452=FACE_OUTER_BOUND('',#1688,.T.);
#1453=FACE_OUTER_BOUND('',#1689,.T.);
#1454=FACE_OUTER_BOUND('',#1690,.T.);
#1455=FACE_OUTER_BOUND('',#1691,.T.);
#1456=FACE_OUTER_BOUND('',#1692,.T.);
#1457=FACE_OUTER_BOUND('',#1693,.T.);
#1458=FACE_OUTER_BOUND('',#1717,.T.);
#1459=FACE_OUTER_BOUND('',#1718,.T.);
#1460=FACE_OUTER_BOUND('',#1719,.T.);
#1461=FACE_OUTER_BOUND('',#1720,.T.);
#1462=FACE_OUTER_BOUND('',#1721,.T.);
#1463=FACE_OUTER_BOUND('',#1722,.T.);
#1464=FACE_OUTER_BOUND('',#1723,.T.);
#1465=FACE_OUTER_BOUND('',#1724,.T.);
#1466=FACE_OUTER_BOUND('',#1725,.T.);
#1467=FACE_OUTER_BOUND('',#1726,.T.);
#1468=FACE_OUTER_BOUND('',#1727,.T.);
#1469=FACE_OUTER_BOUND('',#1728,.T.);
#1470=FACE_OUTER_BOUND('',#1729,.T.);
#1471=FACE_OUTER_BOUND('',#1730,.T.);
#1472=FACE_OUTER_BOUND('',#1731,.T.);
#1473=FACE_OUTER_BOUND('',#1732,.T.);
#1474=FACE_OUTER_BOUND('',#1733,.T.);
#1475=FACE_OUTER_BOUND('',#1734,.T.);
#1476=FACE_OUTER_BOUND('',#1735,.T.);
#1477=FACE_OUTER_BOUND('',#1736,.T.);
#1478=FACE_OUTER_BOUND('',#1737,.T.);
#1479=FACE_OUTER_BOUND('',#1753,.T.);
#1480=FACE_OUTER_BOUND('',#1754,.T.);
#1481=FACE_OUTER_BOUND('',#1755,.T.);
#1482=FACE_OUTER_BOUND('',#1756,.T.);
#1483=FACE_OUTER_BOUND('',#1757,.T.);
#1484=FACE_OUTER_BOUND('',#1758,.T.);
#1485=FACE_OUTER_BOUND('',#1759,.T.);
#1486=FACE_OUTER_BOUND('',#1760,.T.);
#1487=FACE_OUTER_BOUND('',#1761,.T.);
#1488=FACE_OUTER_BOUND('',#1762,.T.);
#1489=FACE_OUTER_BOUND('',#1763,.T.);
#1490=FACE_OUTER_BOUND('',#1764,.T.);
#1491=FACE_OUTER_BOUND('',#1765,.T.);
#1492=FACE_OUTER_BOUND('',#1766,.T.);
#1493=FACE_OUTER_BOUND('',#1767,.T.);
#1494=FACE_OUTER_BOUND('',#1768,.T.);
#1495=FACE_OUTER_BOUND('',#1769,.T.);
#1496=FACE_OUTER_BOUND('',#1770,.T.);
#1497=FACE_OUTER_BOUND('',#1771,.T.);
#1498=FACE_OUTER_BOUND('',#1772,.T.);
#1499=FACE_OUTER_BOUND('',#1773,.T.);
#1500=FACE_OUTER_BOUND('',#1774,.T.);
#1501=FACE_OUTER_BOUND('',#1775,.T.);
#1502=FACE_OUTER_BOUND('',#1776,.T.);
#1503=FACE_OUTER_BOUND('',#1777,.T.);
#1504=FACE_OUTER_BOUND('',#1778,.T.);
#1505=FACE_OUTER_BOUND('',#1779,.T.);
#1506=FACE_OUTER_BOUND('',#1780,.T.);
#1507=FACE_OUTER_BOUND('',#1781,.T.);
#1508=FACE_OUTER_BOUND('',#1782,.T.);
#1509=FACE_OUTER_BOUND('',#1783,.T.);
#1510=FACE_OUTER_BOUND('',#1784,.T.);
#1511=FACE_OUTER_BOUND('',#1785,.T.);
#1512=FACE_OUTER_BOUND('',#1786,.T.);
#1513=FACE_OUTER_BOUND('',#1787,.T.);
#1514=FACE_OUTER_BOUND('',#1788,.T.);
#1515=FACE_OUTER_BOUND('',#1789,.T.);
#1516=FACE_OUTER_BOUND('',#1790,.T.);
#1517=FACE_OUTER_BOUND('',#1791,.T.);
#1518=FACE_OUTER_BOUND('',#1792,.T.);
#1519=FACE_OUTER_BOUND('',#1793,.T.);
#1520=FACE_OUTER_BOUND('',#1794,.T.);
#1521=FACE_OUTER_BOUND('',#1795,.T.);
#1522=FACE_OUTER_BOUND('',#1796,.T.);
#1523=FACE_OUTER_BOUND('',#1797,.T.);
#1524=FACE_OUTER_BOUND('',#1798,.T.);
#1525=FACE_OUTER_BOUND('',#1799,.T.);
#1526=FACE_OUTER_BOUND('',#1800,.T.);
#1527=FACE_OUTER_BOUND('',#1801,.T.);
#1528=FACE_OUTER_BOUND('',#1802,.T.);
#1529=FACE_OUTER_BOUND('',#1803,.T.);
#1530=FACE_OUTER_BOUND('',#1804,.T.);
#1531=FACE_OUTER_BOUND('',#1805,.T.);
#1532=FACE_OUTER_BOUND('',#1806,.T.);
#1533=FACE_OUTER_BOUND('',#1807,.T.);
#1534=FACE_OUTER_BOUND('',#1808,.T.);
#1535=FACE_OUTER_BOUND('',#1809,.T.);
#1536=FACE_OUTER_BOUND('',#1810,.T.);
#1537=FACE_OUTER_BOUND('',#1811,.T.);
#1538=FACE_OUTER_BOUND('',#1812,.T.);
#1539=FACE_OUTER_BOUND('',#1813,.T.);
#1540=FACE_OUTER_BOUND('',#1814,.T.);
#1541=FACE_OUTER_BOUND('',#1815,.T.);
#1542=FACE_OUTER_BOUND('',#1816,.T.);
#1543=FACE_OUTER_BOUND('',#1817,.T.);
#1544=FACE_OUTER_BOUND('',#1818,.T.);
#1545=FACE_OUTER_BOUND('',#1819,.T.);
#1546=FACE_OUTER_BOUND('',#1820,.T.);
#1547=FACE_OUTER_BOUND('',#1821,.T.);
#1548=FACE_OUTER_BOUND('',#1822,.T.);
#1549=FACE_OUTER_BOUND('',#1823,.T.);
#1550=FACE_OUTER_BOUND('',#1824,.T.);
#1551=FACE_OUTER_BOUND('',#1825,.T.);
#1552=FACE_OUTER_BOUND('',#1826,.T.);
#1553=FACE_OUTER_BOUND('',#1827,.T.);
#1554=FACE_OUTER_BOUND('',#1828,.T.);
#1555=FACE_OUTER_BOUND('',#1829,.T.);
#1556=FACE_OUTER_BOUND('',#1830,.T.);
#1557=FACE_OUTER_BOUND('',#1831,.T.);
#1558=FACE_OUTER_BOUND('',#1832,.T.);
#1559=FACE_OUTER_BOUND('',#1833,.T.);
#1560=FACE_OUTER_BOUND('',#1834,.T.);
#1561=FACE_OUTER_BOUND('',#1835,.T.);
#1562=FACE_OUTER_BOUND('',#1836,.T.);
#1563=FACE_OUTER_BOUND('',#1837,.T.);
#1564=FACE_OUTER_BOUND('',#1838,.T.);
#1565=FACE_OUTER_BOUND('',#1839,.T.);
#1566=FACE_OUTER_BOUND('',#1840,.T.);
#1567=FACE_OUTER_BOUND('',#1841,.T.);
#1568=FACE_OUTER_BOUND('',#1842,.T.);
#1569=FACE_OUTER_BOUND('',#1843,.T.);
#1570=FACE_OUTER_BOUND('',#1844,.T.);
#1571=FACE_OUTER_BOUND('',#1845,.T.);
#1572=FACE_OUTER_BOUND('',#1846,.T.);
#1573=FACE_OUTER_BOUND('',#1847,.T.);
#1574=FACE_OUTER_BOUND('',#1848,.T.);
#1575=FACE_OUTER_BOUND('',#1849,.T.);
#1576=FACE_OUTER_BOUND('',#1850,.T.);
#1577=FACE_OUTER_BOUND('',#1851,.T.);
#1578=FACE_OUTER_BOUND('',#1852,.T.);
#1579=FACE_OUTER_BOUND('',#1853,.T.);
#1580=FACE_OUTER_BOUND('',#1854,.T.);
#1581=FACE_OUTER_BOUND('',#1855,.T.);
#1582=FACE_OUTER_BOUND('',#1856,.T.);
#1583=FACE_OUTER_BOUND('',#1857,.T.);
#1584=FACE_OUTER_BOUND('',#1858,.T.);
#1585=FACE_OUTER_BOUND('',#1859,.T.);
#1586=FACE_OUTER_BOUND('',#1860,.T.);
#1587=FACE_OUTER_BOUND('',#1861,.T.);
#1588=FACE_OUTER_BOUND('',#1862,.T.);
#1589=FACE_OUTER_BOUND('',#1863,.T.);
#1590=FACE_OUTER_BOUND('',#1864,.T.);
#1591=FACE_OUTER_BOUND('',#1865,.T.);
#1592=FACE_OUTER_BOUND('',#1866,.T.);
#1593=FACE_OUTER_BOUND('',#1867,.T.);
#1594=FACE_OUTER_BOUND('',#1868,.T.);
#1595=FACE_OUTER_BOUND('',#1869,.T.);
#1596=FACE_OUTER_BOUND('',#1870,.T.);
#1597=FACE_OUTER_BOUND('',#1871,.T.);
#1598=FACE_OUTER_BOUND('',#1872,.T.);
#1599=FACE_OUTER_BOUND('',#1873,.T.);
#1600=FACE_OUTER_BOUND('',#1874,.T.);
#1601=FACE_OUTER_BOUND('',#1875,.T.);
#1602=FACE_OUTER_BOUND('',#1876,.T.);
#1603=FACE_OUTER_BOUND('',#1877,.T.);
#1604=FACE_OUTER_BOUND('',#1878,.T.);
#1605=FACE_OUTER_BOUND('',#1879,.T.);
#1606=FACE_OUTER_BOUND('',#1880,.T.);
#1607=FACE_OUTER_BOUND('',#1881,.T.);
#1608=FACE_OUTER_BOUND('',#1882,.T.);
#1609=FACE_OUTER_BOUND('',#1885,.T.);
#1610=FACE_OUTER_BOUND('',#1886,.T.);
#1611=FACE_OUTER_BOUND('',#1887,.T.);
#1612=FACE_OUTER_BOUND('',#1888,.T.);
#1613=FACE_OUTER_BOUND('',#1889,.T.);
#1614=FACE_OUTER_BOUND('',#1890,.T.);
#1615=FACE_OUTER_BOUND('',#1891,.T.);
#1616=FACE_OUTER_BOUND('',#1892,.T.);
#1617=FACE_OUTER_BOUND('',#1893,.T.);
#1618=FACE_OUTER_BOUND('',#1894,.T.);
#1619=FACE_OUTER_BOUND('',#1895,.T.);
#1620=FACE_OUTER_BOUND('',#1896,.T.);
#1621=FACE_OUTER_BOUND('',#1897,.T.);
#1622=FACE_OUTER_BOUND('',#1898,.T.);
#1623=FACE_OUTER_BOUND('',#1899,.T.);
#1624=FACE_OUTER_BOUND('',#1900,.T.);
#1625=FACE_OUTER_BOUND('',#1901,.T.);
#1626=FACE_OUTER_BOUND('',#1902,.T.);
#1627=FACE_OUTER_BOUND('',#1903,.T.);
#1628=FACE_OUTER_BOUND('',#1904,.T.);
#1629=FACE_OUTER_BOUND('',#1905,.T.);
#1630=FACE_OUTER_BOUND('',#1906,.T.);
#1631=FACE_OUTER_BOUND('',#1907,.T.);
#1632=FACE_OUTER_BOUND('',#1908,.T.);
#1633=FACE_OUTER_BOUND('',#1909,.T.);
#1634=FACE_OUTER_BOUND('',#1910,.T.);
#1635=FACE_OUTER_BOUND('',#1911,.T.);
#1636=FACE_OUTER_BOUND('',#1912,.T.);
#1637=FACE_OUTER_BOUND('',#1913,.T.);
#1638=FACE_OUTER_BOUND('',#1914,.T.);
#1639=FACE_OUTER_BOUND('',#1915,.T.);
#1640=FACE_OUTER_BOUND('',#1916,.T.);
#1641=FACE_OUTER_BOUND('',#1917,.T.);
#1642=FACE_OUTER_BOUND('',#1918,.T.);
#1643=FACE_OUTER_BOUND('',#1919,.T.);
#1644=FACE_OUTER_BOUND('',#1920,.T.);
#1645=FACE_OUTER_BOUND('',#1921,.T.);
#1646=FACE_OUTER_BOUND('',#1922,.T.);
#1647=FACE_OUTER_BOUND('',#1923,.T.);
#1648=FACE_OUTER_BOUND('',#1924,.T.);
#1649=FACE_OUTER_BOUND('',#1925,.T.);
#1650=FACE_OUTER_BOUND('',#1926,.T.);
#1651=FACE_OUTER_BOUND('',#1927,.T.);
#1652=FACE_OUTER_BOUND('',#1928,.T.);
#1653=FACE_OUTER_BOUND('',#1929,.T.);
#1654=FACE_OUTER_BOUND('',#1930,.T.);
#1655=FACE_OUTER_BOUND('',#1931,.T.);
#1656=FACE_OUTER_BOUND('',#1932,.T.);
#1657=FACE_OUTER_BOUND('',#1933,.T.);
#1658=FACE_OUTER_BOUND('',#1934,.T.);
#1659=FACE_OUTER_BOUND('',#1935,.T.);
#1660=FACE_OUTER_BOUND('',#1936,.T.);
#1661=FACE_OUTER_BOUND('',#1937,.T.);
#1662=FACE_OUTER_BOUND('',#1938,.T.);
#1663=FACE_OUTER_BOUND('',#1940,.T.);
#1664=FACE_OUTER_BOUND('',#1941,.T.);
#1665=FACE_OUTER_BOUND('',#1942,.T.);
#1666=FACE_OUTER_BOUND('',#1943,.T.);
#1667=FACE_OUTER_BOUND('',#1944,.T.);
#1668=FACE_OUTER_BOUND('',#1945,.T.);
#1669=FACE_OUTER_BOUND('',#1946,.T.);
#1670=FACE_OUTER_BOUND('',#1947,.T.);
#1671=FACE_OUTER_BOUND('',#1948,.T.);
#1672=FACE_OUTER_BOUND('',#1949,.T.);
#1673=FACE_OUTER_BOUND('',#1950,.T.);
#1674=FACE_OUTER_BOUND('',#1951,.T.);
#1675=FACE_OUTER_BOUND('',#1952,.T.);
#1676=EDGE_LOOP('',(#3080,#3081,#3082,#3083));
#1677=EDGE_LOOP('',(#3084,#3085,#3086,#3087));
#1678=EDGE_LOOP('',(#3088,#3089,#3090));
#1679=EDGE_LOOP('',(#3091,#3092,#3093,#3094));
#1680=EDGE_LOOP('',(#3095,#3096,#3097,#3098));
#1681=EDGE_LOOP('',(#3099,#3100,#3101,#3102));
#1682=EDGE_LOOP('',(#3103,#3104,#3105,#3106));
#1683=EDGE_LOOP('',(#3107,#3108,#3109,#3110,#3111));
#1684=EDGE_LOOP('',(#3112,#3113,#3114,#3115));
#1685=EDGE_LOOP('',(#3116,#3117,#3118,#3119));
#1686=EDGE_LOOP('',(#3120,#3121,#3122,#3123));
#1687=EDGE_LOOP('',(#3124,#3125,#3126,#3127));
#1688=EDGE_LOOP('',(#3128,#3129,#3130,#3131));
#1689=EDGE_LOOP('',(#3132,#3133,#3134,#3135));
#1690=EDGE_LOOP('',(#3136,#3137,#3138,#3139));
#1691=EDGE_LOOP('',(#3140,#3141,#3142,#3143));
#1692=EDGE_LOOP('',(#3144,#3145,#3146,#3147));
#1693=EDGE_LOOP('',(#3148,#3149,#3150,#3151,#3152,#3153,#3154,#3155,#3156,
#3157,#3158,#3159,#3160,#3161));
#1694=EDGE_LOOP('',(#3162,#3163,#3164,#3165));
#1695=EDGE_LOOP('',(#3166,#3167,#3168,#3169));
#1696=EDGE_LOOP('',(#3170,#3171,#3172,#3173));
#1697=EDGE_LOOP('',(#3174,#3175,#3176,#3177));
#1698=EDGE_LOOP('',(#3178,#3179,#3180,#3181));
#1699=EDGE_LOOP('',(#3182,#3183,#3184,#3185));
#1700=EDGE_LOOP('',(#3186,#3187,#3188,#3189));
#1701=EDGE_LOOP('',(#3190,#3191,#3192,#3193));
#1702=EDGE_LOOP('',(#3194,#3195,#3196,#3197));
#1703=EDGE_LOOP('',(#3198,#3199,#3200,#3201,#3202,#3203,#3204,#3205,#3206,
#3207,#3208,#3209,#3210,#3211,#3212,#3213,#3214,#3215,#3216,#3217,#3218,
#3219,#3220,#3221,#3222,#3223,#3224,#3225,#3226,#3227));
#1704=EDGE_LOOP('',(#3228,#3229,#3230,#3231));
#1705=EDGE_LOOP('',(#3232,#3233,#3234,#3235,#3236,#3237,#3238,#3239));
#1706=EDGE_LOOP('',(#3240,#3241,#3242,#3243,#3244,#3245,#3246,#3247,#3248,
#3249,#3250,#3251,#3252));
#1707=EDGE_LOOP('',(#3253,#3254,#3255,#3256,#3257,#3258));
#1708=EDGE_LOOP('',(#3259,#3260,#3261,#3262));
#1709=EDGE_LOOP('',(#3263,#3264,#3265,#3266,#3267,#3268));
#1710=EDGE_LOOP('',(#3269,#3270,#3271,#3272,#3273,#3274,#3275,#3276,#3277,
#3278,#3279,#3280));
#1711=EDGE_LOOP('',(#3281,#3282,#3283,#3284,#3285,#3286,#3287,#3288,#3289,
#3290,#3291,#3292));
#1712=EDGE_LOOP('',(#3293,#3294,#3295,#3296,#3297,#3298,#3299,#3300,#3301,
#3302,#3303,#3304));
#1713=EDGE_LOOP('',(#3305));
#1714=EDGE_LOOP('',(#3306));
#1715=EDGE_LOOP('',(#3307));
#1716=EDGE_LOOP('',(#3308));
#1717=EDGE_LOOP('',(#3309,#3310,#3311,#3312));
#1718=EDGE_LOOP('',(#3313,#3314,#3315,#3316));
#1719=EDGE_LOOP('',(#3317,#3318,#3319,#3320));
#1720=EDGE_LOOP('',(#3321,#3322,#3323,#3324));
#1721=EDGE_LOOP('',(#3325,#3326,#3327,#3328));
#1722=EDGE_LOOP('',(#3329,#3330,#3331,#3332));
#1723=EDGE_LOOP('',(#3333,#3334,#3335,#3336));
#1724=EDGE_LOOP('',(#3337,#3338,#3339,#3340));
#1725=EDGE_LOOP('',(#3341,#3342,#3343,#3344,#3345,#3346,#3347));
#1726=EDGE_LOOP('',(#3348,#3349,#3350,#3351,#3352,#3353,#3354,#3355,#3356,
#3357,#3358,#3359,#3360,#3361,#3362,#3363));
#1727=EDGE_LOOP('',(#3364,#3365,#3366,#3367));
#1728=EDGE_LOOP('',(#3368,#3369,#3370,#3371,#3372,#3373));
#1729=EDGE_LOOP('',(#3374,#3375,#3376,#3377));
#1730=EDGE_LOOP('',(#3378,#3379,#3380,#3381));
#1731=EDGE_LOOP('',(#3382,#3383,#3384,#3385));
#1732=EDGE_LOOP('',(#3386,#3387,#3388,#3389));
#1733=EDGE_LOOP('',(#3390,#3391,#3392,#3393));
#1734=EDGE_LOOP('',(#3394,#3395,#3396,#3397));
#1735=EDGE_LOOP('',(#3398,#3399,#3400,#3401));
#1736=EDGE_LOOP('',(#3402,#3403,#3404,#3405));
#1737=EDGE_LOOP('',(#3406,#3407,#3408,#3409,#3410,#3411,#3412,#3413,#3414,
#3415,#3416,#3417,#3418,#3419));
#1738=EDGE_LOOP('',(#3420,#3421,#3422,#3423));
#1739=EDGE_LOOP('',(#3424,#3425,#3426,#3427));
#1740=EDGE_LOOP('',(#3428,#3429,#3430,#3431));
#1741=EDGE_LOOP('',(#3432,#3433,#3434,#3435));
#1742=EDGE_LOOP('',(#3436,#3437,#3438,#3439));
#1743=EDGE_LOOP('',(#3440,#3441,#3442,#3443));
#1744=EDGE_LOOP('',(#3444,#3445,#3446,#3447));
#1745=EDGE_LOOP('',(#3448,#3449,#3450,#3451));
#1746=EDGE_LOOP('',(#3452,#3453,#3454,#3455));
#1747=EDGE_LOOP('',(#3456,#3457,#3458,#3459));
#1748=EDGE_LOOP('',(#3460));
#1749=EDGE_LOOP('',(#3461));
#1750=EDGE_LOOP('',(#3462));
#1751=EDGE_LOOP('',(#3463));
#1752=EDGE_LOOP('',(#3464,#3465,#3466,#3467,#3468,#3469,#3470,#3471));
#1753=EDGE_LOOP('',(#3472,#3473,#3474,#3475,#3476));
#1754=EDGE_LOOP('',(#3477,#3478,#3479,#3480));
#1755=EDGE_LOOP('',(#3481,#3482,#3483,#3484));
#1756=EDGE_LOOP('',(#3485,#3486,#3487,#3488));
#1757=EDGE_LOOP('',(#3489,#3490,#3491,#3492));
#1758=EDGE_LOOP('',(#3493,#3494,#3495,#3496));
#1759=EDGE_LOOP('',(#3497,#3498,#3499,#3500));
#1760=EDGE_LOOP('',(#3501,#3502,#3503,#3504));
#1761=EDGE_LOOP('',(#3505,#3506,#3507,#3508));
#1762=EDGE_LOOP('',(#3509,#3510,#3511,#3512));
#1763=EDGE_LOOP('',(#3513,#3514,#3515,#3516));
#1764=EDGE_LOOP('',(#3517,#3518,#3519,#3520));
#1765=EDGE_LOOP('',(#3521,#3522,#3523,#3524));
#1766=EDGE_LOOP('',(#3525,#3526,#3527,#3528));
#1767=EDGE_LOOP('',(#3529,#3530,#3531,#3532));
#1768=EDGE_LOOP('',(#3533,#3534,#3535,#3536));
#1769=EDGE_LOOP('',(#3537,#3538,#3539,#3540));
#1770=EDGE_LOOP('',(#3541,#3542,#3543,#3544));
#1771=EDGE_LOOP('',(#3545,#3546,#3547,#3548));
#1772=EDGE_LOOP('',(#3549,#3550,#3551,#3552));
#1773=EDGE_LOOP('',(#3553,#3554,#3555,#3556));
#1774=EDGE_LOOP('',(#3557,#3558,#3559,#3560));
#1775=EDGE_LOOP('',(#3561,#3562,#3563,#3564));
#1776=EDGE_LOOP('',(#3565,#3566,#3567,#3568));
#1777=EDGE_LOOP('',(#3569,#3570,#3571,#3572));
#1778=EDGE_LOOP('',(#3573,#3574,#3575,#3576));
#1779=EDGE_LOOP('',(#3577,#3578,#3579,#3580));
#1780=EDGE_LOOP('',(#3581,#3582,#3583,#3584));
#1781=EDGE_LOOP('',(#3585,#3586,#3587,#3588));
#1782=EDGE_LOOP('',(#3589,#3590,#3591,#3592));
#1783=EDGE_LOOP('',(#3593,#3594,#3595,#3596));
#1784=EDGE_LOOP('',(#3597,#3598,#3599,#3600));
#1785=EDGE_LOOP('',(#3601,#3602,#3603,#3604));
#1786=EDGE_LOOP('',(#3605,#3606,#3607,#3608));
#1787=EDGE_LOOP('',(#3609,#3610,#3611,#3612));
#1788=EDGE_LOOP('',(#3613,#3614,#3615,#3616));
#1789=EDGE_LOOP('',(#3617,#3618,#3619,#3620));
#1790=EDGE_LOOP('',(#3621,#3622,#3623,#3624));
#1791=EDGE_LOOP('',(#3625,#3626,#3627,#3628));
#1792=EDGE_LOOP('',(#3629,#3630,#3631,#3632));
#1793=EDGE_LOOP('',(#3633,#3634,#3635,#3636));
#1794=EDGE_LOOP('',(#3637,#3638,#3639,#3640));
#1795=EDGE_LOOP('',(#3641,#3642,#3643,#3644));
#1796=EDGE_LOOP('',(#3645,#3646,#3647,#3648));
#1797=EDGE_LOOP('',(#3649,#3650,#3651,#3652));
#1798=EDGE_LOOP('',(#3653,#3654,#3655,#3656));
#1799=EDGE_LOOP('',(#3657,#3658,#3659,#3660));
#1800=EDGE_LOOP('',(#3661,#3662,#3663,#3664));
#1801=EDGE_LOOP('',(#3665,#3666,#3667,#3668));
#1802=EDGE_LOOP('',(#3669,#3670,#3671,#3672));
#1803=EDGE_LOOP('',(#3673,#3674,#3675,#3676));
#1804=EDGE_LOOP('',(#3677,#3678,#3679,#3680));
#1805=EDGE_LOOP('',(#3681,#3682,#3683,#3684));
#1806=EDGE_LOOP('',(#3685,#3686,#3687,#3688));
#1807=EDGE_LOOP('',(#3689,#3690,#3691,#3692));
#1808=EDGE_LOOP('',(#3693,#3694,#3695,#3696));
#1809=EDGE_LOOP('',(#3697,#3698,#3699,#3700,#3701,#3702,#3703,#3704,#3705,
#3706,#3707,#3708));
#1810=EDGE_LOOP('',(#3709,#3710,#3711,#3712));
#1811=EDGE_LOOP('',(#3713,#3714,#3715,#3716));
#1812=EDGE_LOOP('',(#3717,#3718,#3719,#3720));
#1813=EDGE_LOOP('',(#3721,#3722,#3723,#3724));
#1814=EDGE_LOOP('',(#3725,#3726,#3727,#3728));
#1815=EDGE_LOOP('',(#3729,#3730,#3731,#3732));
#1816=EDGE_LOOP('',(#3733,#3734,#3735,#3736));
#1817=EDGE_LOOP('',(#3737,#3738,#3739,#3740));
#1818=EDGE_LOOP('',(#3741,#3742,#3743,#3744));
#1819=EDGE_LOOP('',(#3745,#3746,#3747,#3748));
#1820=EDGE_LOOP('',(#3749,#3750,#3751,#3752));
#1821=EDGE_LOOP('',(#3753,#3754,#3755,#3756));
#1822=EDGE_LOOP('',(#3757,#3758,#3759,#3760,#3761,#3762,#3763,#3764,#3765,
#3766,#3767,#3768));
#1823=EDGE_LOOP('',(#3769,#3770,#3771,#3772));
#1824=EDGE_LOOP('',(#3773,#3774,#3775,#3776));
#1825=EDGE_LOOP('',(#3777,#3778,#3779,#3780));
#1826=EDGE_LOOP('',(#3781,#3782,#3783,#3784));
#1827=EDGE_LOOP('',(#3785,#3786,#3787,#3788));
#1828=EDGE_LOOP('',(#3789,#3790,#3791,#3792));
#1829=EDGE_LOOP('',(#3793,#3794,#3795,#3796));
#1830=EDGE_LOOP('',(#3797,#3798,#3799,#3800));
#1831=EDGE_LOOP('',(#3801,#3802,#3803,#3804));
#1832=EDGE_LOOP('',(#3805,#3806,#3807,#3808));
#1833=EDGE_LOOP('',(#3809,#3810,#3811,#3812));
#1834=EDGE_LOOP('',(#3813,#3814,#3815,#3816));
#1835=EDGE_LOOP('',(#3817,#3818,#3819,#3820,#3821,#3822,#3823,#3824,#3825,
#3826,#3827,#3828));
#1836=EDGE_LOOP('',(#3829,#3830,#3831,#3832));
#1837=EDGE_LOOP('',(#3833,#3834,#3835,#3836));
#1838=EDGE_LOOP('',(#3837,#3838,#3839,#3840));
#1839=EDGE_LOOP('',(#3841,#3842,#3843,#3844));
#1840=EDGE_LOOP('',(#3845,#3846,#3847,#3848));
#1841=EDGE_LOOP('',(#3849,#3850,#3851,#3852));
#1842=EDGE_LOOP('',(#3853,#3854,#3855,#3856,#3857,#3858));
#1843=EDGE_LOOP('',(#3859,#3860,#3861,#3862));
#1844=EDGE_LOOP('',(#3863,#3864,#3865,#3866));
#1845=EDGE_LOOP('',(#3867,#3868,#3869,#3870));
#1846=EDGE_LOOP('',(#3871,#3872,#3873,#3874));
#1847=EDGE_LOOP('',(#3875,#3876,#3877,#3878));
#1848=EDGE_LOOP('',(#3879,#3880,#3881,#3882));
#1849=EDGE_LOOP('',(#3883,#3884,#3885,#3886));
#1850=EDGE_LOOP('',(#3887,#3888,#3889,#3890));
#1851=EDGE_LOOP('',(#3891,#3892,#3893,#3894));
#1852=EDGE_LOOP('',(#3895,#3896,#3897,#3898));
#1853=EDGE_LOOP('',(#3899,#3900,#3901,#3902));
#1854=EDGE_LOOP('',(#3903,#3904,#3905,#3906,#3907,#3908));
#1855=EDGE_LOOP('',(#3909,#3910,#3911,#3912));
#1856=EDGE_LOOP('',(#3913,#3914,#3915,#3916));
#1857=EDGE_LOOP('',(#3917,#3918,#3919,#3920));
#1858=EDGE_LOOP('',(#3921,#3922,#3923,#3924));
#1859=EDGE_LOOP('',(#3925,#3926,#3927,#3928));
#1860=EDGE_LOOP('',(#3929,#3930,#3931,#3932));
#1861=EDGE_LOOP('',(#3933,#3934,#3935,#3936));
#1862=EDGE_LOOP('',(#3937,#3938,#3939,#3940));
#1863=EDGE_LOOP('',(#3941,#3942,#3943,#3944));
#1864=EDGE_LOOP('',(#3945,#3946,#3947,#3948));
#1865=EDGE_LOOP('',(#3949,#3950,#3951,#3952));
#1866=EDGE_LOOP('',(#3953,#3954,#3955,#3956));
#1867=EDGE_LOOP('',(#3957,#3958,#3959,#3960));
#1868=EDGE_LOOP('',(#3961,#3962,#3963,#3964));
#1869=EDGE_LOOP('',(#3965,#3966,#3967,#3968));
#1870=EDGE_LOOP('',(#3969,#3970,#3971,#3972));
#1871=EDGE_LOOP('',(#3973,#3974,#3975,#3976));
#1872=EDGE_LOOP('',(#3977,#3978,#3979,#3980));
#1873=EDGE_LOOP('',(#3981,#3982,#3983,#3984));
#1874=EDGE_LOOP('',(#3985,#3986,#3987,#3988));
#1875=EDGE_LOOP('',(#3989,#3990,#3991,#3992));
#1876=EDGE_LOOP('',(#3993,#3994,#3995,#3996));
#1877=EDGE_LOOP('',(#3997,#3998,#3999,#4000));
#1878=EDGE_LOOP('',(#4001,#4002,#4003,#4004));
#1879=EDGE_LOOP('',(#4005,#4006,#4007,#4008));
#1880=EDGE_LOOP('',(#4009,#4010,#4011,#4012));
#1881=EDGE_LOOP('',(#4013,#4014,#4015,#4016));
#1882=EDGE_LOOP('',(#4017,#4018,#4019,#4020,#4021,#4022,#4023,#4024,#4025,
#4026,#4027,#4028,#4029));
#1883=EDGE_LOOP('',(#4030,#4031,#4032,#4033,#4034,#4035,#4036));
#1884=EDGE_LOOP('',(#4037,#4038,#4039,#4040,#4041,#4042,#4043));
#1885=EDGE_LOOP('',(#4044,#4045,#4046,#4047,#4048,#4049,#4050));
#1886=EDGE_LOOP('',(#4051,#4052,#4053,#4054));
#1887=EDGE_LOOP('',(#4055,#4056,#4057,#4058));
#1888=EDGE_LOOP('',(#4059,#4060,#4061,#4062));
#1889=EDGE_LOOP('',(#4063,#4064,#4065,#4066));
#1890=EDGE_LOOP('',(#4067,#4068,#4069,#4070));
#1891=EDGE_LOOP('',(#4071,#4072,#4073,#4074));
#1892=EDGE_LOOP('',(#4075,#4076,#4077,#4078));
#1893=EDGE_LOOP('',(#4079,#4080,#4081,#4082));
#1894=EDGE_LOOP('',(#4083,#4084,#4085,#4086));
#1895=EDGE_LOOP('',(#4087,#4088,#4089,#4090));
#1896=EDGE_LOOP('',(#4091,#4092,#4093,#4094));
#1897=EDGE_LOOP('',(#4095,#4096,#4097,#4098));
#1898=EDGE_LOOP('',(#4099,#4100,#4101,#4102));
#1899=EDGE_LOOP('',(#4103,#4104,#4105,#4106));
#1900=EDGE_LOOP('',(#4107,#4108,#4109,#4110));
#1901=EDGE_LOOP('',(#4111,#4112,#4113,#4114));
#1902=EDGE_LOOP('',(#4115,#4116,#4117,#4118));
#1903=EDGE_LOOP('',(#4119,#4120,#4121,#4122));
#1904=EDGE_LOOP('',(#4123,#4124,#4125,#4126));
#1905=EDGE_LOOP('',(#4127,#4128,#4129,#4130));
#1906=EDGE_LOOP('',(#4131,#4132,#4133,#4134));
#1907=EDGE_LOOP('',(#4135,#4136,#4137,#4138));
#1908=EDGE_LOOP('',(#4139,#4140,#4141,#4142));
#1909=EDGE_LOOP('',(#4143,#4144,#4145,#4146));
#1910=EDGE_LOOP('',(#4147,#4148,#4149,#4150));
#1911=EDGE_LOOP('',(#4151,#4152,#4153,#4154));
#1912=EDGE_LOOP('',(#4155,#4156,#4157,#4158));
#1913=EDGE_LOOP('',(#4159,#4160,#4161,#4162));
#1914=EDGE_LOOP('',(#4163,#4164,#4165,#4166));
#1915=EDGE_LOOP('',(#4167,#4168,#4169,#4170));
#1916=EDGE_LOOP('',(#4171,#4172,#4173,#4174));
#1917=EDGE_LOOP('',(#4175,#4176,#4177,#4178));
#1918=EDGE_LOOP('',(#4179,#4180,#4181,#4182));
#1919=EDGE_LOOP('',(#4183,#4184,#4185,#4186));
#1920=EDGE_LOOP('',(#4187,#4188,#4189,#4190));
#1921=EDGE_LOOP('',(#4191,#4192,#4193,#4194));
#1922=EDGE_LOOP('',(#4195,#4196,#4197,#4198));
#1923=EDGE_LOOP('',(#4199,#4200,#4201,#4202));
#1924=EDGE_LOOP('',(#4203,#4204,#4205,#4206));
#1925=EDGE_LOOP('',(#4207,#4208,#4209,#4210));
#1926=EDGE_LOOP('',(#4211,#4212,#4213,#4214));
#1927=EDGE_LOOP('',(#4215,#4216,#4217,#4218));
#1928=EDGE_LOOP('',(#4219,#4220,#4221,#4222));
#1929=EDGE_LOOP('',(#4223,#4224,#4225,#4226));
#1930=EDGE_LOOP('',(#4227,#4228,#4229,#4230));
#1931=EDGE_LOOP('',(#4231,#4232,#4233,#4234));
#1932=EDGE_LOOP('',(#4235,#4236,#4237,#4238));
#1933=EDGE_LOOP('',(#4239,#4240,#4241,#4242));
#1934=EDGE_LOOP('',(#4243,#4244,#4245,#4246));
#1935=EDGE_LOOP('',(#4247,#4248,#4249,#4250));
#1936=EDGE_LOOP('',(#4251,#4252,#4253,#4254));
#1937=EDGE_LOOP('',(#4255,#4256,#4257,#4258));
#1938=EDGE_LOOP('',(#4259,#4260,#4261,#4262,#4263,#4264,#4265,#4266,#4267,
#4268,#4269,#4270,#4271,#4272,#4273,#4274,#4275,#4276,#4277,#4278,#4279,
#4280,#4281,#4282,#4283,#4284,#4285,#4286,#4287,#4288));
#1939=EDGE_LOOP('',(#4289,#4290,#4291,#4292,#4293,#4294,#4295,#4296,#4297,
#4298,#4299,#4300,#4301,#4302,#4303,#4304,#4305,#4306,#4307,#4308,#4309,
#4310));
#1940=EDGE_LOOP('',(#4311,#4312,#4313,#4314,#4315,#4316,#4317));
#1941=EDGE_LOOP('',(#4318,#4319,#4320,#4321));
#1942=EDGE_LOOP('',(#4322,#4323,#4324,#4325));
#1943=EDGE_LOOP('',(#4326,#4327,#4328,#4329));
#1944=EDGE_LOOP('',(#4330,#4331,#4332,#4333));
#1945=EDGE_LOOP('',(#4334,#4335,#4336,#4337));
#1946=EDGE_LOOP('',(#4338,#4339,#4340,#4341));
#1947=EDGE_LOOP('',(#4342,#4343,#4344,#4345));
#1948=EDGE_LOOP('',(#4346,#4347,#4348,#4349,#4350,#4351,#4352,#4353,#4354,
#4355,#4356,#4357,#4358,#4359,#4360,#4361,#4362,#4363,#4364,#4365,#4366,
#4367));
#1949=EDGE_LOOP('',(#4368,#4369,#4370,#4371));
#1950=EDGE_LOOP('',(#4372,#4373,#4374,#4375));
#1951=EDGE_LOOP('',(#4376,#4377,#4378,#4379));
#1952=EDGE_LOOP('',(#4380,#4381,#4382,#4383));
#1953=CIRCLE('',#4641,1.5);
#1954=CIRCLE('',#4642,3.5);
#1955=CIRCLE('',#4643,1.5);
#1956=CIRCLE('',#4644,5.);
#1957=CIRCLE('',#4646,1.5);
#1958=CIRCLE('',#4649,1.5);
#1959=CIRCLE('',#4650,1.5);
#1960=CIRCLE('',#4652,1.5);
#1961=CIRCLE('',#4653,5.);
#1962=CIRCLE('',#4654,3.5);
#1963=CIRCLE('',#4656,5.);
#1964=CIRCLE('',#4660,2.);
#1965=CIRCLE('',#4661,2.);
#1966=CIRCLE('',#4663,2.);
#1967=CIRCLE('',#4664,5.);
#1968=CIRCLE('',#4665,3.);
#1969=CIRCLE('',#4667,2.);
#1970=CIRCLE('',#4669,2.);
#1971=CIRCLE('',#4670,5.);
#1972=CIRCLE('',#4671,3.);
#1973=CIRCLE('',#4673,2.);
#1974=CIRCLE('',#4675,2.);
#1975=CIRCLE('',#4676,5.);
#1976=CIRCLE('',#4677,3.);
#1977=CIRCLE('',#4679,2.);
#1978=CIRCLE('',#4681,2.);
#1979=CIRCLE('',#4682,5.);
#1980=CIRCLE('',#4683,3.);
#1981=CIRCLE('',#4685,2.);
#1982=CIRCLE('',#4687,1.6);
#1983=CIRCLE('',#4688,1.6);
#1984=CIRCLE('',#4689,1.6);
#1985=CIRCLE('',#4690,1.6);
#1986=CIRCLE('',#4692,2.5);
#1987=CIRCLE('',#4697,2.5);
#1988=CIRCLE('',#4699,2.5);
#1989=CIRCLE('',#4704,1.5);
#1990=CIRCLE('',#4707,1.5);
#1991=CIRCLE('',#4719,5.);
#1992=CIRCLE('',#4720,5.);
#1993=CIRCLE('',#4721,5.);
#1994=CIRCLE('',#4722,5.);
#1995=CIRCLE('',#4723,1.6);
#1996=CIRCLE('',#4724,1.6);
#1997=CIRCLE('',#4725,1.6);
#1998=CIRCLE('',#4726,1.6);
#1999=VERTEX_POINT('',#5760);
#2000=VERTEX_POINT('',#5761);
#2001=VERTEX_POINT('',#5763);
#2002=VERTEX_POINT('',#5765);
#2003=VERTEX_POINT('',#5769);
#2004=VERTEX_POINT('',#5770);
#2005=VERTEX_POINT('',#5775);
#2006=VERTEX_POINT('',#5779);
#2007=VERTEX_POINT('',#5780);
#2008=VERTEX_POINT('',#5782);
#2009=VERTEX_POINT('',#5784);
#2010=VERTEX_POINT('',#5788);
#2011=VERTEX_POINT('',#5789);
#2012=VERTEX_POINT('',#5794);
#2013=VERTEX_POINT('',#5796);
#2014=VERTEX_POINT('',#5805);
#2015=VERTEX_POINT('',#5806);
#2016=VERTEX_POINT('',#5808);
#2017=VERTEX_POINT('',#5810);
#2018=VERTEX_POINT('',#5814);
#2019=VERTEX_POINT('',#5815);
#2020=VERTEX_POINT('',#5820);
#2021=VERTEX_POINT('',#5821);
#2022=VERTEX_POINT('',#5826);
#2023=VERTEX_POINT('',#5827);
#2024=VERTEX_POINT('',#5832);
#2025=VERTEX_POINT('',#5833);
#2026=VERTEX_POINT('',#5838);
#2027=VERTEX_POINT('',#5839);
#2028=VERTEX_POINT('',#5844);
#2029=VERTEX_POINT('',#5845);
#2030=VERTEX_POINT('',#5850);
#2031=VERTEX_POINT('',#5851);
#2032=VERTEX_POINT('',#5856);
#2033=VERTEX_POINT('',#5857);
#2034=VERTEX_POINT('',#5864);
#2035=VERTEX_POINT('',#5865);
#2036=VERTEX_POINT('',#5867);
#2037=VERTEX_POINT('',#5869);
#2038=VERTEX_POINT('',#5872);
#2039=VERTEX_POINT('',#5873);
#2040=VERTEX_POINT('',#5875);
#2041=VERTEX_POINT('',#5877);
#2042=VERTEX_POINT('',#5880);
#2043=VERTEX_POINT('',#5881);
#2044=VERTEX_POINT('',#5883);
#2045=VERTEX_POINT('',#5885);
#2046=VERTEX_POINT('',#5888);
#2047=VERTEX_POINT('',#5889);
#2048=VERTEX_POINT('',#5891);
#2049=VERTEX_POINT('',#5893);
#2050=VERTEX_POINT('',#5896);
#2051=VERTEX_POINT('',#5897);
#2052=VERTEX_POINT('',#5899);
#2053=VERTEX_POINT('',#5901);
#2054=VERTEX_POINT('',#5904);
#2055=VERTEX_POINT('',#5905);
#2056=VERTEX_POINT('',#5907);
#2057=VERTEX_POINT('',#5909);
#2058=VERTEX_POINT('',#5912);
#2059=VERTEX_POINT('',#5913);
#2060=VERTEX_POINT('',#5915);
#2061=VERTEX_POINT('',#5917);
#2062=VERTEX_POINT('',#5920);
#2063=VERTEX_POINT('',#5921);
#2064=VERTEX_POINT('',#5923);
#2065=VERTEX_POINT('',#5925);
#2066=VERTEX_POINT('',#5928);
#2067=VERTEX_POINT('',#5929);
#2068=VERTEX_POINT('',#5931);
#2069=VERTEX_POINT('',#5933);
#2070=VERTEX_POINT('',#5936);
#2071=VERTEX_POINT('',#5937);
#2072=VERTEX_POINT('',#5942);
#2073=VERTEX_POINT('',#5947);
#2074=VERTEX_POINT('',#5952);
#2075=VERTEX_POINT('',#5957);
#2076=VERTEX_POINT('',#5962);
#2077=VERTEX_POINT('',#5967);
#2078=VERTEX_POINT('',#5972);
#2079=VERTEX_POINT('',#5977);
#2080=VERTEX_POINT('',#5982);
#2081=VERTEX_POINT('',#5987);
#2082=VERTEX_POINT('',#5992);
#2083=VERTEX_POINT('',#5997);
#2084=VERTEX_POINT('',#6002);
#2085=VERTEX_POINT('',#6007);
#2086=VERTEX_POINT('',#6012);
#2087=VERTEX_POINT('',#6017);
#2088=VERTEX_POINT('',#6022);
#2089=VERTEX_POINT('',#6027);
#2090=VERTEX_POINT('',#6032);
#2091=VERTEX_POINT('',#6037);
#2092=VERTEX_POINT('',#6042);
#2093=VERTEX_POINT('',#6047);
#2094=VERTEX_POINT('',#6052);
#2095=VERTEX_POINT('',#6057);
#2096=VERTEX_POINT('',#6062);
#2097=VERTEX_POINT('',#6067);
#2098=VERTEX_POINT('',#6072);
#2099=VERTEX_POINT('',#6077);
#2100=VERTEX_POINT('',#6086);
#2101=VERTEX_POINT('',#6087);
#2102=VERTEX_POINT('',#6089);
#2103=VERTEX_POINT('',#6091);
#2104=VERTEX_POINT('',#6094);
#2105=VERTEX_POINT('',#6095);
#2106=VERTEX_POINT('',#6097);
#2107=VERTEX_POINT('',#6099);
#2108=VERTEX_POINT('',#6101);
#2109=VERTEX_POINT('',#6103);
#2110=VERTEX_POINT('',#6105);
#2111=VERTEX_POINT('',#6107);
#2112=VERTEX_POINT('',#6110);
#2113=VERTEX_POINT('',#6111);
#2114=VERTEX_POINT('',#6117);
#2115=VERTEX_POINT('',#6119);
#2116=VERTEX_POINT('',#6121);
#2117=VERTEX_POINT('',#6123);
#2118=VERTEX_POINT('',#6129);
#2119=VERTEX_POINT('',#6135);
#2120=VERTEX_POINT('',#6141);
#2121=VERTEX_POINT('',#6147);
#2122=VERTEX_POINT('',#6153);
#2123=VERTEX_POINT('',#6159);
#2124=VERTEX_POINT('',#6165);
#2125=VERTEX_POINT('',#6176);
#2126=VERTEX_POINT('',#6177);
#2127=VERTEX_POINT('',#6179);
#2128=VERTEX_POINT('',#6181);
#2129=VERTEX_POINT('',#6183);
#2130=VERTEX_POINT('',#6185);
#2131=VERTEX_POINT('',#6188);
#2132=VERTEX_POINT('',#6189);
#2133=VERTEX_POINT('',#6191);
#2134=VERTEX_POINT('',#6193);
#2135=VERTEX_POINT('',#6196);
#2136=VERTEX_POINT('',#6197);
#2137=VERTEX_POINT('',#6199);
#2138=VERTEX_POINT('',#6201);
#2139=VERTEX_POINT('',#6203);
#2140=VERTEX_POINT('',#6205);
#2141=VERTEX_POINT('',#6208);
#2142=VERTEX_POINT('',#6209);
#2143=VERTEX_POINT('',#6211);
#2144=VERTEX_POINT('',#6213);
#2145=VERTEX_POINT('',#6215);
#2146=VERTEX_POINT('',#6217);
#2147=VERTEX_POINT('',#6219);
#2148=VERTEX_POINT('',#6221);
#2149=VERTEX_POINT('',#6223);
#2150=VERTEX_POINT('',#6225);
#2151=VERTEX_POINT('',#6227);
#2152=VERTEX_POINT('',#6229);
#2153=VERTEX_POINT('',#6232);
#2154=VERTEX_POINT('',#6233);
#2155=VERTEX_POINT('',#6235);
#2156=VERTEX_POINT('',#6237);
#2157=VERTEX_POINT('',#6239);
#2158=VERTEX_POINT('',#6241);
#2159=VERTEX_POINT('',#6243);
#2160=VERTEX_POINT('',#6245);
#2161=VERTEX_POINT('',#6247);
#2162=VERTEX_POINT('',#6249);
#2163=VERTEX_POINT('',#6251);
#2164=VERTEX_POINT('',#6253);
#2165=VERTEX_POINT('',#6256);
#2166=VERTEX_POINT('',#6257);
#2167=VERTEX_POINT('',#6259);
#2168=VERTEX_POINT('',#6261);
#2169=VERTEX_POINT('',#6263);
#2170=VERTEX_POINT('',#6265);
#2171=VERTEX_POINT('',#6267);
#2172=VERTEX_POINT('',#6269);
#2173=VERTEX_POINT('',#6271);
#2174=VERTEX_POINT('',#6273);
#2175=VERTEX_POINT('',#6275);
#2176=VERTEX_POINT('',#6277);
#2177=VERTEX_POINT('',#6280);
#2178=VERTEX_POINT('',#6282);
#2179=VERTEX_POINT('',#6284);
#2180=VERTEX_POINT('',#6286);
#2181=VERTEX_POINT('',#6289);
#2182=VERTEX_POINT('',#6290);
#2183=VERTEX_POINT('',#6292);
#2184=VERTEX_POINT('',#6294);
#2185=VERTEX_POINT('',#6298);
#2186=VERTEX_POINT('',#6300);
#2187=VERTEX_POINT('',#6304);
#2188=VERTEX_POINT('',#6306);
#2189=VERTEX_POINT('',#6310);
#2190=VERTEX_POINT('',#6312);
#2191=VERTEX_POINT('',#6316);
#2192=VERTEX_POINT('',#6318);
#2193=VERTEX_POINT('',#6322);
#2194=VERTEX_POINT('',#6326);
#2195=VERTEX_POINT('',#6330);
#2196=VERTEX_POINT('',#6332);
#2197=VERTEX_POINT('',#6338);
#2198=VERTEX_POINT('',#6340);
#2199=VERTEX_POINT('',#6342);
#2200=VERTEX_POINT('',#6345);
#2201=VERTEX_POINT('',#6348);
#2202=VERTEX_POINT('',#6356);
#2203=VERTEX_POINT('',#6358);
#2204=VERTEX_POINT('',#6362);
#2205=VERTEX_POINT('',#6366);
#2206=VERTEX_POINT('',#6370);
#2207=VERTEX_POINT('',#6372);
#2208=VERTEX_POINT('',#6376);
#2209=VERTEX_POINT('',#6380);
#2210=VERTEX_POINT('',#6387);
#2211=VERTEX_POINT('',#6390);
#2212=VERTEX_POINT('',#6392);
#2213=VERTEX_POINT('',#6394);
#2214=VERTEX_POINT('',#6396);
#2215=VERTEX_POINT('',#6398);
#2216=VERTEX_POINT('',#6400);
#2217=VERTEX_POINT('',#6403);
#2218=VERTEX_POINT('',#6404);
#2219=VERTEX_POINT('',#6406);
#2220=VERTEX_POINT('',#6408);
#2221=VERTEX_POINT('',#6411);
#2222=VERTEX_POINT('',#6412);
#2223=VERTEX_POINT('',#6414);
#2224=VERTEX_POINT('',#6416);
#2225=VERTEX_POINT('',#6419);
#2226=VERTEX_POINT('',#6420);
#2227=VERTEX_POINT('',#6422);
#2228=VERTEX_POINT('',#6424);
#2229=VERTEX_POINT('',#6427);
#2230=VERTEX_POINT('',#6428);
#2231=VERTEX_POINT('',#6430);
#2232=VERTEX_POINT('',#6432);
#2233=VERTEX_POINT('',#6435);
#2234=VERTEX_POINT('',#6436);
#2235=VERTEX_POINT('',#6438);
#2236=VERTEX_POINT('',#6440);
#2237=VERTEX_POINT('',#6443);
#2238=VERTEX_POINT('',#6444);
#2239=VERTEX_POINT('',#6446);
#2240=VERTEX_POINT('',#6448);
#2241=VERTEX_POINT('',#6451);
#2242=VERTEX_POINT('',#6452);
#2243=VERTEX_POINT('',#6454);
#2244=VERTEX_POINT('',#6456);
#2245=VERTEX_POINT('',#6459);
#2246=VERTEX_POINT('',#6460);
#2247=VERTEX_POINT('',#6462);
#2248=VERTEX_POINT('',#6464);
#2249=VERTEX_POINT('',#6467);
#2250=VERTEX_POINT('',#6468);
#2251=VERTEX_POINT('',#6470);
#2252=VERTEX_POINT('',#6472);
#2253=VERTEX_POINT('',#6475);
#2254=VERTEX_POINT('',#6476);
#2255=VERTEX_POINT('',#6478);
#2256=VERTEX_POINT('',#6480);
#2257=VERTEX_POINT('',#6483);
#2258=VERTEX_POINT('',#6485);
#2259=VERTEX_POINT('',#6487);
#2260=VERTEX_POINT('',#6489);
#2261=VERTEX_POINT('',#6582);
#2262=VERTEX_POINT('',#6584);
#2263=VERTEX_POINT('',#6588);
#2264=VERTEX_POINT('',#6592);
#2265=VERTEX_POINT('',#6596);
#2266=VERTEX_POINT('',#6600);
#2267=VERTEX_POINT('',#6604);
#2268=VERTEX_POINT('',#6608);
#2269=VERTEX_POINT('',#6612);
#2270=VERTEX_POINT('',#6616);
#2271=VERTEX_POINT('',#6620);
#2272=VERTEX_POINT('',#6624);
#2273=VERTEX_POINT('',#6631);
#2274=VERTEX_POINT('',#6633);
#2275=VERTEX_POINT('',#6637);
#2276=VERTEX_POINT('',#6641);
#2277=VERTEX_POINT('',#6645);
#2278=VERTEX_POINT('',#6649);
#2279=VERTEX_POINT('',#6653);
#2280=VERTEX_POINT('',#6657);
#2281=VERTEX_POINT('',#6661);
#2282=VERTEX_POINT('',#6665);
#2283=VERTEX_POINT('',#6669);
#2284=VERTEX_POINT('',#6673);
#2285=VERTEX_POINT('',#6680);
#2286=VERTEX_POINT('',#6682);
#2287=VERTEX_POINT('',#6686);
#2288=VERTEX_POINT('',#6690);
#2289=VERTEX_POINT('',#6694);
#2290=VERTEX_POINT('',#6698);
#2291=VERTEX_POINT('',#6702);
#2292=VERTEX_POINT('',#6706);
#2293=VERTEX_POINT('',#6710);
#2294=VERTEX_POINT('',#6714);
#2295=VERTEX_POINT('',#6718);
#2296=VERTEX_POINT('',#6722);
#2297=VERTEX_POINT('',#6729);
#2298=VERTEX_POINT('',#6731);
#2299=VERTEX_POINT('',#6735);
#2300=VERTEX_POINT('',#6739);
#2301=VERTEX_POINT('',#6743);
#2302=VERTEX_POINT('',#6747);
#2303=VERTEX_POINT('',#6754);
#2304=VERTEX_POINT('',#6756);
#2305=VERTEX_POINT('',#6760);
#2306=VERTEX_POINT('',#6764);
#2307=VERTEX_POINT('',#6771);
#2308=VERTEX_POINT('',#6773);
#2309=VERTEX_POINT('',#6777);
#2310=VERTEX_POINT('',#6781);
#2311=VERTEX_POINT('',#6785);
#2312=VERTEX_POINT('',#6789);
#2313=VERTEX_POINT('',#6796);
#2314=VERTEX_POINT('',#6797);
#2315=VERTEX_POINT('',#6799);
#2316=VERTEX_POINT('',#6801);
#2317=VERTEX_POINT('',#6814);
#2318=VERTEX_POINT('',#6820);
#2319=VERTEX_POINT('',#6837);
#2320=VERTEX_POINT('',#6843);
#2321=VERTEX_POINT('',#6860);
#2322=VERTEX_POINT('',#6866);
#2323=VERTEX_POINT('',#6883);
#2324=VERTEX_POINT('',#6889);
#2325=VERTEX_POINT('',#6897);
#2326=VERTEX_POINT('',#6899);
#2327=VERTEX_POINT('',#6906);
#2328=VERTEX_POINT('',#6907);
#2329=VERTEX_POINT('',#6909);
#2330=VERTEX_POINT('',#6911);
#2331=VERTEX_POINT('',#6924);
#2332=VERTEX_POINT('',#6930);
#2333=VERTEX_POINT('',#6947);
#2334=VERTEX_POINT('',#6953);
#2335=VERTEX_POINT('',#6970);
#2336=VERTEX_POINT('',#6976);
#2337=VERTEX_POINT('',#6993);
#2338=VERTEX_POINT('',#6999);
#2339=VERTEX_POINT('',#7007);
#2340=VERTEX_POINT('',#7009);
#2341=VERTEX_POINT('',#7025);
#2342=VERTEX_POINT('',#7027);
#2343=VERTEX_POINT('',#7044);
#2344=VERTEX_POINT('',#7061);
#2345=VERTEX_POINT('',#7078);
#2346=VERTEX_POINT('',#7095);
#2347=VERTEX_POINT('',#7112);
#2348=VERTEX_POINT('',#7129);
#2349=VERTEX_POINT('',#7146);
#2350=VERTEX_POINT('',#7163);
#2351=VERTEX_POINT('',#7180);
#2352=VERTEX_POINT('',#7188);
#2353=VERTEX_POINT('',#7192);
#2354=VERTEX_POINT('',#7207);
#2355=VERTEX_POINT('',#7208);
#2356=VERTEX_POINT('',#7213);
#2357=VERTEX_POINT('',#7215);
#2358=VERTEX_POINT('',#7229);
#2359=VERTEX_POINT('',#7234);
#2360=VERTEX_POINT('',#7248);
#2361=VERTEX_POINT('',#7253);
#2362=VERTEX_POINT('',#7267);
#2363=VERTEX_POINT('',#7272);
#2364=VERTEX_POINT('',#7286);
#2365=VERTEX_POINT('',#7291);
#2366=VERTEX_POINT('',#7305);
#2367=VERTEX_POINT('',#7310);
#2368=VERTEX_POINT('',#7324);
#2369=VERTEX_POINT('',#7329);
#2370=VERTEX_POINT('',#7343);
#2371=VERTEX_POINT('',#7348);
#2372=VERTEX_POINT('',#7362);
#2373=VERTEX_POINT('',#7367);
#2374=VERTEX_POINT('',#7381);
#2375=VERTEX_POINT('',#7386);
#2376=VERTEX_POINT('',#7393);
#2377=VERTEX_POINT('',#7395);
#2378=VERTEX_POINT('',#7406);
#2379=VERTEX_POINT('',#7408);
#2380=VERTEX_POINT('',#7422);
#2381=VERTEX_POINT('',#7436);
#2382=VERTEX_POINT('',#7450);
#2383=VERTEX_POINT('',#7464);
#2384=VERTEX_POINT('',#7478);
#2385=VERTEX_POINT('',#7492);
#2386=VERTEX_POINT('',#7506);
#2387=VERTEX_POINT('',#7520);
#2388=VERTEX_POINT('',#7534);
#2389=VERTEX_POINT('',#7548);
#2390=VERTEX_POINT('',#7562);
#2391=VERTEX_POINT('',#7576);
#2392=VERTEX_POINT('',#7590);
#2393=VERTEX_POINT('',#7604);
#2394=VERTEX_POINT('',#7618);
#2395=VERTEX_POINT('',#7623);
#2396=VERTEX_POINT('',#7637);
#2397=VERTEX_POINT('',#7642);
#2398=VERTEX_POINT('',#7656);
#2399=VERTEX_POINT('',#7661);
#2400=VERTEX_POINT('',#7675);
#2401=VERTEX_POINT('',#7680);
#2402=VERTEX_POINT('',#7694);
#2403=VERTEX_POINT('',#7699);
#2404=VERTEX_POINT('',#7713);
#2405=VERTEX_POINT('',#7718);
#2406=VERTEX_POINT('',#7732);
#2407=VERTEX_POINT('',#7737);
#2408=VERTEX_POINT('',#7751);
#2409=VERTEX_POINT('',#7756);
#2410=VERTEX_POINT('',#7770);
#2411=VERTEX_POINT('',#7775);
#2412=VERTEX_POINT('',#7789);
#2413=VERTEX_POINT('',#7794);
#2414=VERTEX_POINT('',#7811);
#2415=VERTEX_POINT('',#7825);
#2416=VERTEX_POINT('',#7839);
#2417=VERTEX_POINT('',#7853);
#2418=VERTEX_POINT('',#7867);
#2419=VERTEX_POINT('',#7881);
#2420=VERTEX_POINT('',#7895);
#2421=VERTEX_POINT('',#7909);
#2422=VERTEX_POINT('',#7923);
#2423=VERTEX_POINT('',#7937);
#2424=VERTEX_POINT('',#7951);
#2425=VERTEX_POINT('',#7965);
#2426=VERTEX_POINT('',#7979);
#2427=VERTEX_POINT('',#7993);
#2428=EDGE_CURVE('',#1999,#2000,#1953,.T.);
#2429=EDGE_CURVE('',#1999,#2001,#1954,.T.);
#2430=EDGE_CURVE('',#2001,#2002,#1955,.T.);
#2431=EDGE_CURVE('',#2002,#2000,#1956,.T.);
#2432=EDGE_CURVE('',#2003,#2004,#1957,.T.);
#2433=EDGE_CURVE('',#2003,#2002,#481,.T.);
#2434=EDGE_CURVE('',#2001,#2004,#482,.T.);
#2435=EDGE_CURVE('',#1999,#2005,#483,.T.);
#2436=EDGE_CURVE('',#2005,#2001,#484,.T.);
#2437=EDGE_CURVE('',#2006,#2007,#1958,.T.);
#2438=EDGE_CURVE('',#2006,#2008,#485,.T.);
#2439=EDGE_CURVE('',#2008,#2009,#1959,.T.);
#2440=EDGE_CURVE('',#2009,#2007,#486,.T.);
#2441=EDGE_CURVE('',#2010,#2011,#1960,.T.);
#2442=EDGE_CURVE('',#2010,#2009,#1961,.T.);
#2443=EDGE_CURVE('',#2008,#2011,#1962,.T.);
#2444=EDGE_CURVE('',#2010,#2012,#487,.T.);
#2445=EDGE_CURVE('',#2012,#2013,#1963,.T.);
#2446=EDGE_CURVE('',#2013,#2009,#488,.T.);
#2447=EDGE_CURVE('',#2002,#2013,#489,.T.);
#2448=EDGE_CURVE('',#2012,#2000,#490,.T.);
#2449=EDGE_CURVE('',#2007,#2003,#491,.T.);
#2450=EDGE_CURVE('',#2014,#2015,#1964,.T.);
#2451=EDGE_CURVE('',#2015,#2016,#492,.T.);
#2452=EDGE_CURVE('',#2016,#2017,#1965,.F.);
#2453=EDGE_CURVE('',#2017,#2014,#493,.T.);
#2454=EDGE_CURVE('',#2018,#2019,#1966,.T.);
#2455=EDGE_CURVE('',#2019,#2015,#1967,.T.);
#2456=EDGE_CURVE('',#2014,#2018,#1968,.T.);
#2457=EDGE_CURVE('',#2020,#2021,#1969,.T.);
#2458=EDGE_CURVE('',#2021,#2019,#494,.T.);
#2459=EDGE_CURVE('',#2018,#2020,#495,.T.);
#2460=EDGE_CURVE('',#2022,#2023,#1970,.T.);
#2461=EDGE_CURVE('',#2023,#2021,#1971,.T.);
#2462=EDGE_CURVE('',#2020,#2022,#1972,.T.);
#2463=EDGE_CURVE('',#2024,#2025,#1973,.T.);
#2464=EDGE_CURVE('',#2025,#2023,#496,.T.);
#2465=EDGE_CURVE('',#2022,#2024,#497,.T.);
#2466=EDGE_CURVE('',#2026,#2027,#1974,.T.);
#2467=EDGE_CURVE('',#2027,#2025,#1975,.T.);
#2468=EDGE_CURVE('',#2024,#2026,#1976,.T.);
#2469=EDGE_CURVE('',#2028,#2029,#1977,.T.);
#2470=EDGE_CURVE('',#2029,#2027,#498,.T.);
#2471=EDGE_CURVE('',#2026,#2028,#499,.T.);
#2472=EDGE_CURVE('',#2030,#2031,#1978,.T.);
#2473=EDGE_CURVE('',#2031,#2029,#1979,.T.);
#2474=EDGE_CURVE('',#2028,#2030,#1980,.T.);
#2475=EDGE_CURVE('',#2032,#2033,#1981,.F.);
#2476=EDGE_CURVE('',#2033,#2031,#500,.T.);
#2477=EDGE_CURVE('',#2030,#2032,#501,.T.);
#2478=EDGE_CURVE('',#2004,#2032,#502,.T.);
#2479=EDGE_CURVE('',#2017,#2006,#503,.T.);
#2480=EDGE_CURVE('',#2034,#2035,#504,.T.);
#2481=EDGE_CURVE('',#2035,#2036,#505,.T.);
#2482=EDGE_CURVE('',#2036,#2037,#506,.T.);
#2483=EDGE_CURVE('',#2037,#2034,#507,.T.);
#2484=EDGE_CURVE('',#2038,#2039,#508,.T.);
#2485=EDGE_CURVE('',#2039,#2040,#509,.T.);
#2486=EDGE_CURVE('',#2040,#2041,#510,.T.);
#2487=EDGE_CURVE('',#2041,#2038,#511,.T.);
#2488=EDGE_CURVE('',#2042,#2043,#512,.T.);
#2489=EDGE_CURVE('',#2043,#2044,#513,.T.);
#2490=EDGE_CURVE('',#2044,#2045,#514,.T.);
#2491=EDGE_CURVE('',#2045,#2042,#515,.T.);
#2492=EDGE_CURVE('',#2046,#2047,#516,.T.);
#2493=EDGE_CURVE('',#2047,#2048,#517,.T.);
#2494=EDGE_CURVE('',#2048,#2049,#518,.T.);
#2495=EDGE_CURVE('',#2049,#2046,#519,.T.);
#2496=EDGE_CURVE('',#2050,#2051,#520,.T.);
#2497=EDGE_CURVE('',#2051,#2052,#521,.T.);
#2498=EDGE_CURVE('',#2052,#2053,#522,.T.);
#2499=EDGE_CURVE('',#2053,#2050,#523,.T.);
#2500=EDGE_CURVE('',#2054,#2055,#524,.T.);
#2501=EDGE_CURVE('',#2055,#2056,#525,.T.);
#2502=EDGE_CURVE('',#2056,#2057,#526,.T.);
#2503=EDGE_CURVE('',#2057,#2054,#527,.T.);
#2504=EDGE_CURVE('',#2058,#2059,#528,.T.);
#2505=EDGE_CURVE('',#2059,#2060,#529,.T.);
#2506=EDGE_CURVE('',#2060,#2061,#530,.T.);
#2507=EDGE_CURVE('',#2061,#2058,#531,.T.);
#2508=EDGE_CURVE('',#2062,#2063,#532,.T.);
#2509=EDGE_CURVE('',#2063,#2064,#533,.T.);
#2510=EDGE_CURVE('',#2064,#2065,#534,.T.);
#2511=EDGE_CURVE('',#2065,#2062,#535,.T.);
#2512=EDGE_CURVE('',#2066,#2067,#536,.T.);
#2513=EDGE_CURVE('',#2067,#2068,#537,.T.);
#2514=EDGE_CURVE('',#2068,#2069,#538,.T.);
#2515=EDGE_CURVE('',#2069,#2066,#539,.T.);
#2516=EDGE_CURVE('',#2070,#2071,#201,.T.);
#2517=EDGE_CURVE('',#2071,#2072,#202,.T.);
#2518=EDGE_CURVE('',#2072,#2073,#203,.T.);
#2519=EDGE_CURVE('',#2073,#2074,#204,.T.);
#2520=EDGE_CURVE('',#2074,#2075,#205,.T.);
#2521=EDGE_CURVE('',#2075,#2076,#206,.T.);
#2522=EDGE_CURVE('',#2076,#2077,#207,.T.);
#2523=EDGE_CURVE('',#2077,#2078,#208,.T.);
#2524=EDGE_CURVE('',#2078,#2079,#209,.T.);
#2525=EDGE_CURVE('',#2079,#2080,#210,.T.);
#2526=EDGE_CURVE('',#2080,#2081,#211,.T.);
#2527=EDGE_CURVE('',#2081,#2082,#212,.T.);
#2528=EDGE_CURVE('',#2082,#2083,#213,.T.);
#2529=EDGE_CURVE('',#2083,#2084,#214,.T.);
#2530=EDGE_CURVE('',#2084,#2085,#215,.T.);
#2531=EDGE_CURVE('',#2085,#2086,#216,.T.);
#2532=EDGE_CURVE('',#2086,#2087,#217,.T.);
#2533=EDGE_CURVE('',#2087,#2088,#218,.T.);
#2534=EDGE_CURVE('',#2088,#2089,#219,.T.);
#2535=EDGE_CURVE('',#2089,#2090,#220,.T.);
#2536=EDGE_CURVE('',#2090,#2091,#221,.T.);
#2537=EDGE_CURVE('',#2091,#2092,#222,.T.);
#2538=EDGE_CURVE('',#2092,#2093,#223,.T.);
#2539=EDGE_CURVE('',#2093,#2094,#224,.T.);
#2540=EDGE_CURVE('',#2094,#2095,#225,.T.);
#2541=EDGE_CURVE('',#2095,#2096,#226,.T.);
#2542=EDGE_CURVE('',#2096,#2097,#227,.T.);
#2543=EDGE_CURVE('',#2097,#2098,#228,.T.);
#2544=EDGE_CURVE('',#2098,#2099,#229,.T.);
#2545=EDGE_CURVE('',#2099,#2070,#230,.T.);
#2546=EDGE_CURVE('',#2100,#2101,#540,.T.);
#2547=EDGE_CURVE('',#2100,#2102,#541,.T.);
#2548=EDGE_CURVE('',#2102,#2103,#542,.T.);
#2549=EDGE_CURVE('',#2103,#2101,#543,.T.);
#2550=EDGE_CURVE('',#2104,#2105,#544,.T.);
#2551=EDGE_CURVE('',#2105,#2106,#545,.T.);
#2552=EDGE_CURVE('',#2106,#2107,#546,.T.);
#2553=EDGE_CURVE('',#2107,#2108,#547,.T.);
#2554=EDGE_CURVE('',#2108,#2109,#548,.T.);
#2555=EDGE_CURVE('',#2109,#2110,#549,.T.);
#2556=EDGE_CURVE('',#2110,#2111,#550,.T.);
#2557=EDGE_CURVE('',#2104,#2111,#551,.T.);
#2558=EDGE_CURVE('',#2112,#2113,#165,.T.);
#2559=EDGE_CURVE('',#2113,#2114,#552,.T.);
#2560=EDGE_CURVE('',#2114,#2115,#553,.T.);
#2561=EDGE_CURVE('',#2115,#2116,#554,.T.);
#2562=EDGE_CURVE('',#2116,#2117,#166,.T.);
#2563=EDGE_CURVE('',#2117,#2118,#167,.T.);
#2564=EDGE_CURVE('',#2118,#2119,#168,.T.);
#2565=EDGE_CURVE('',#2119,#2120,#169,.T.);
#2566=EDGE_CURVE('',#2120,#2121,#170,.T.);
#2567=EDGE_CURVE('',#2121,#2122,#171,.T.);
#2568=EDGE_CURVE('',#2122,#2123,#172,.T.);
#2569=EDGE_CURVE('',#2123,#2124,#173,.T.);
#2570=EDGE_CURVE('',#2124,#2112,#174,.T.);
#2571=EDGE_CURVE('',#2125,#2126,#555,.T.);
#2572=EDGE_CURVE('',#2126,#2127,#556,.T.);
#2573=EDGE_CURVE('',#2127,#2128,#557,.T.);
#2574=EDGE_CURVE('',#2128,#2129,#558,.T.);
#2575=EDGE_CURVE('',#2129,#2130,#559,.T.);
#2576=EDGE_CURVE('',#2130,#2125,#560,.T.);
#2577=EDGE_CURVE('',#2131,#2132,#561,.T.);
#2578=EDGE_CURVE('',#2132,#2133,#562,.T.);
#2579=EDGE_CURVE('',#2133,#2134,#563,.T.);
#2580=EDGE_CURVE('',#2134,#2131,#564,.T.);
#2581=EDGE_CURVE('',#2135,#2136,#565,.T.);
#2582=EDGE_CURVE('',#2136,#2137,#566,.T.);
#2583=EDGE_CURVE('',#2137,#2138,#567,.T.);
#2584=EDGE_CURVE('',#2138,#2139,#568,.T.);
#2585=EDGE_CURVE('',#2139,#2140,#569,.T.);
#2586=EDGE_CURVE('',#2140,#2135,#570,.T.);
#2587=EDGE_CURVE('',#2141,#2142,#571,.T.);
#2588=EDGE_CURVE('',#2142,#2143,#572,.T.);
#2589=EDGE_CURVE('',#2143,#2144,#573,.T.);
#2590=EDGE_CURVE('',#2144,#2145,#574,.T.);
#2591=EDGE_CURVE('',#2145,#2146,#575,.T.);
#2592=EDGE_CURVE('',#2146,#2147,#576,.T.);
#2593=EDGE_CURVE('',#2147,#2148,#577,.T.);
#2594=EDGE_CURVE('',#2148,#2149,#578,.T.);
#2595=EDGE_CURVE('',#2149,#2150,#579,.T.);
#2596=EDGE_CURVE('',#2150,#2151,#580,.T.);
#2597=EDGE_CURVE('',#2151,#2152,#581,.T.);
#2598=EDGE_CURVE('',#2152,#2141,#582,.T.);
#2599=EDGE_CURVE('',#2153,#2154,#583,.T.);
#2600=EDGE_CURVE('',#2154,#2155,#584,.T.);
#2601=EDGE_CURVE('',#2155,#2156,#585,.T.);
#2602=EDGE_CURVE('',#2156,#2157,#586,.T.);
#2603=EDGE_CURVE('',#2157,#2158,#587,.T.);
#2604=EDGE_CURVE('',#2158,#2159,#588,.T.);
#2605=EDGE_CURVE('',#2159,#2160,#589,.T.);
#2606=EDGE_CURVE('',#2160,#2161,#590,.T.);
#2607=EDGE_CURVE('',#2161,#2162,#591,.T.);
#2608=EDGE_CURVE('',#2162,#2163,#592,.T.);
#2609=EDGE_CURVE('',#2163,#2164,#593,.T.);
#2610=EDGE_CURVE('',#2164,#2153,#594,.T.);
#2611=EDGE_CURVE('',#2165,#2166,#595,.T.);
#2612=EDGE_CURVE('',#2166,#2167,#596,.T.);
#2613=EDGE_CURVE('',#2167,#2168,#597,.T.);
#2614=EDGE_CURVE('',#2168,#2169,#598,.T.);
#2615=EDGE_CURVE('',#2169,#2170,#599,.T.);
#2616=EDGE_CURVE('',#2170,#2171,#600,.T.);
#2617=EDGE_CURVE('',#2171,#2172,#601,.T.);
#2618=EDGE_CURVE('',#2172,#2173,#602,.T.);
#2619=EDGE_CURVE('',#2173,#2174,#603,.T.);
#2620=EDGE_CURVE('',#2174,#2175,#604,.T.);
#2621=EDGE_CURVE('',#2175,#2176,#605,.T.);
#2622=EDGE_CURVE('',#2176,#2165,#606,.T.);
#2623=EDGE_CURVE('',#2177,#2177,#1982,.T.);
#2624=EDGE_CURVE('',#2178,#2178,#1983,.T.);
#2625=EDGE_CURVE('',#2179,#2179,#1984,.T.);
#2626=EDGE_CURVE('',#2180,#2180,#1985,.T.);
#2627=EDGE_CURVE('',#2181,#2182,#607,.T.);
#2628=EDGE_CURVE('',#2182,#2183,#1986,.T.);
#2629=EDGE_CURVE('',#2183,#2184,#608,.T.);
#2630=EDGE_CURVE('',#2184,#2181,#163,.T.);
#2631=EDGE_CURVE('',#2184,#2185,#609,.T.);
#2632=EDGE_CURVE('',#2185,#2186,#164,.T.);
#2633=EDGE_CURVE('',#2186,#2181,#610,.T.);
#2634=EDGE_CURVE('',#2185,#2187,#611,.T.);
#2635=EDGE_CURVE('',#2187,#2188,#1987,.T.);
#2636=EDGE_CURVE('',#2188,#2186,#612,.T.);
#2637=EDGE_CURVE('',#2187,#2189,#613,.T.);
#2638=EDGE_CURVE('',#2189,#2190,#1988,.T.);
#2639=EDGE_CURVE('',#2190,#2188,#614,.T.);
#2640=EDGE_CURVE('',#2185,#2191,#615,.T.);
#2641=EDGE_CURVE('',#2191,#2192,#616,.T.);
#2642=EDGE_CURVE('',#2187,#2192,#617,.T.);
#2643=EDGE_CURVE('',#2184,#2193,#618,.T.);
#2644=EDGE_CURVE('',#2191,#2193,#619,.T.);
#2645=EDGE_CURVE('',#2194,#2183,#620,.T.);
#2646=EDGE_CURVE('',#2193,#2194,#621,.T.);
#2647=EDGE_CURVE('',#2000,#2195,#622,.T.);
#2648=EDGE_CURVE('',#2195,#2196,#1989,.T.);
#2649=EDGE_CURVE('',#2196,#1999,#623,.T.);
#2650=EDGE_CURVE('',#2033,#2196,#624,.T.);
#2651=EDGE_CURVE('',#2197,#2195,#625,.T.);
#2652=EDGE_CURVE('',#2198,#2197,#626,.T.);
#2653=EDGE_CURVE('',#2199,#2198,#1990,.T.);
#2654=EDGE_CURVE('',#2016,#2199,#627,.T.);
#2655=EDGE_CURVE('',#2200,#2015,#628,.T.);
#2656=EDGE_CURVE('',#2182,#2200,#629,.T.);
#2657=EDGE_CURVE('',#2201,#2190,#630,.T.);
#2658=EDGE_CURVE('',#2031,#2201,#631,.T.);
#2659=EDGE_CURVE('',#2011,#2199,#632,.T.);
#2660=EDGE_CURVE('',#2198,#2010,#633,.T.);
#2661=EDGE_CURVE('',#2202,#2106,#634,.T.);
#2662=EDGE_CURVE('',#2105,#2203,#635,.T.);
#2663=EDGE_CURVE('',#2202,#2203,#636,.T.);
#2664=EDGE_CURVE('',#2204,#2104,#637,.T.);
#2665=EDGE_CURVE('',#2203,#2204,#638,.T.);
#2666=EDGE_CURVE('',#2205,#2111,#639,.T.);
#2667=EDGE_CURVE('',#2205,#2204,#640,.T.);
#2668=EDGE_CURVE('',#2206,#2109,#641,.T.);
#2669=EDGE_CURVE('',#2108,#2207,#642,.T.);
#2670=EDGE_CURVE('',#2206,#2207,#643,.T.);
#2671=EDGE_CURVE('',#2208,#2107,#644,.T.);
#2672=EDGE_CURVE('',#2207,#2208,#645,.T.);
#2673=EDGE_CURVE('',#2209,#2110,#646,.T.);
#2674=EDGE_CURVE('',#2209,#2205,#647,.T.);
#2675=EDGE_CURVE('',#2197,#2012,#648,.T.);
#2676=EDGE_CURVE('',#2189,#2210,#649,.T.);
#2677=EDGE_CURVE('',#2210,#2194,#650,.T.);
#2678=EDGE_CURVE('',#2211,#2200,#1991,.T.);
#2679=EDGE_CURVE('',#2211,#2212,#651,.T.);
#2680=EDGE_CURVE('',#2213,#2212,#1992,.T.);
#2681=EDGE_CURVE('',#2214,#2213,#652,.T.);
#2682=EDGE_CURVE('',#2215,#2214,#1993,.T.);
#2683=EDGE_CURVE('',#2215,#2216,#653,.T.);
#2684=EDGE_CURVE('',#2201,#2216,#1994,.T.);
#2685=EDGE_CURVE('',#2217,#2218,#654,.T.);
#2686=EDGE_CURVE('',#2218,#2219,#655,.T.);
#2687=EDGE_CURVE('',#2219,#2220,#656,.T.);
#2688=EDGE_CURVE('',#2220,#2217,#657,.T.);
#2689=EDGE_CURVE('',#2221,#2222,#658,.T.);
#2690=EDGE_CURVE('',#2222,#2223,#659,.T.);
#2691=EDGE_CURVE('',#2223,#2224,#660,.T.);
#2692=EDGE_CURVE('',#2224,#2221,#661,.T.);
#2693=EDGE_CURVE('',#2225,#2226,#662,.T.);
#2694=EDGE_CURVE('',#2226,#2227,#663,.T.);
#2695=EDGE_CURVE('',#2227,#2228,#664,.T.);
#2696=EDGE_CURVE('',#2228,#2225,#665,.T.);
#2697=EDGE_CURVE('',#2229,#2230,#666,.T.);
#2698=EDGE_CURVE('',#2230,#2231,#667,.T.);
#2699=EDGE_CURVE('',#2231,#2232,#668,.T.);
#2700=EDGE_CURVE('',#2232,#2229,#669,.T.);
#2701=EDGE_CURVE('',#2233,#2234,#670,.T.);
#2702=EDGE_CURVE('',#2234,#2235,#671,.T.);
#2703=EDGE_CURVE('',#2235,#2236,#672,.T.);
#2704=EDGE_CURVE('',#2236,#2233,#673,.T.);
#2705=EDGE_CURVE('',#2237,#2238,#674,.T.);
#2706=EDGE_CURVE('',#2238,#2239,#675,.T.);
#2707=EDGE_CURVE('',#2239,#2240,#676,.T.);
#2708=EDGE_CURVE('',#2240,#2237,#677,.T.);
#2709=EDGE_CURVE('',#2241,#2242,#678,.T.);
#2710=EDGE_CURVE('',#2242,#2243,#679,.T.);
#2711=EDGE_CURVE('',#2243,#2244,#680,.T.);
#2712=EDGE_CURVE('',#2244,#2241,#681,.T.);
#2713=EDGE_CURVE('',#2245,#2246,#682,.T.);
#2714=EDGE_CURVE('',#2246,#2247,#683,.T.);
#2715=EDGE_CURVE('',#2247,#2248,#684,.T.);
#2716=EDGE_CURVE('',#2248,#2245,#685,.T.);
#2717=EDGE_CURVE('',#2249,#2250,#686,.T.);
#2718=EDGE_CURVE('',#2250,#2251,#687,.T.);
#2719=EDGE_CURVE('',#2251,#2252,#688,.T.);
#2720=EDGE_CURVE('',#2252,#2249,#689,.T.);
#2721=EDGE_CURVE('',#2253,#2254,#690,.T.);
#2722=EDGE_CURVE('',#2255,#2253,#691,.T.);
#2723=EDGE_CURVE('',#2256,#2255,#692,.T.);
#2724=EDGE_CURVE('',#2254,#2256,#693,.T.);
#2725=EDGE_CURVE('',#2257,#2257,#1995,.T.);
#2726=EDGE_CURVE('',#2258,#2258,#1996,.T.);
#2727=EDGE_CURVE('',#2259,#2259,#1997,.T.);
#2728=EDGE_CURVE('',#2260,#2260,#1998,.T.);
#2729=EDGE_CURVE('',#2206,#2209,#694,.T.);
#2730=EDGE_CURVE('',#2202,#2208,#695,.T.);
#2731=EDGE_CURVE('',#2192,#2210,#696,.T.);
#2732=EDGE_CURVE('',#2100,#2256,#697,.T.);
#2733=EDGE_CURVE('',#2254,#2101,#698,.T.);
#2734=EDGE_CURVE('',#2255,#2102,#699,.T.);
#2735=EDGE_CURVE('',#2219,#2037,#700,.T.);
#2736=EDGE_CURVE('',#2220,#2036,#701,.T.);
#2737=EDGE_CURVE('',#2217,#2035,#702,.T.);
#2738=EDGE_CURVE('',#2218,#2034,#703,.T.);
#2739=EDGE_CURVE('',#2223,#2041,#704,.T.);
#2740=EDGE_CURVE('',#2224,#2040,#705,.T.);
#2741=EDGE_CURVE('',#2221,#2039,#706,.T.);
#2742=EDGE_CURVE('',#2222,#2038,#707,.T.);
#2743=EDGE_CURVE('',#2227,#2045,#708,.T.);
#2744=EDGE_CURVE('',#2228,#2044,#709,.T.);
#2745=EDGE_CURVE('',#2225,#2043,#710,.T.);
#2746=EDGE_CURVE('',#2226,#2042,#711,.T.);
#2747=EDGE_CURVE('',#2231,#2049,#712,.T.);
#2748=EDGE_CURVE('',#2232,#2048,#713,.T.);
#2749=EDGE_CURVE('',#2229,#2047,#714,.T.);
#2750=EDGE_CURVE('',#2230,#2046,#715,.T.);
#2751=EDGE_CURVE('',#2235,#2053,#716,.T.);
#2752=EDGE_CURVE('',#2236,#2052,#717,.T.);
#2753=EDGE_CURVE('',#2233,#2051,#718,.T.);
#2754=EDGE_CURVE('',#2234,#2050,#719,.T.);
#2755=EDGE_CURVE('',#2239,#2057,#720,.T.);
#2756=EDGE_CURVE('',#2240,#2056,#721,.T.);
#2757=EDGE_CURVE('',#2237,#2055,#722,.T.);
#2758=EDGE_CURVE('',#2238,#2054,#723,.T.);
#2759=EDGE_CURVE('',#2243,#2061,#724,.T.);
#2760=EDGE_CURVE('',#2244,#2060,#725,.T.);
#2761=EDGE_CURVE('',#2241,#2059,#726,.T.);
#2762=EDGE_CURVE('',#2242,#2058,#727,.T.);
#2763=EDGE_CURVE('',#2247,#2065,#728,.T.);
#2764=EDGE_CURVE('',#2248,#2064,#729,.T.);
#2765=EDGE_CURVE('',#2245,#2063,#730,.T.);
#2766=EDGE_CURVE('',#2246,#2062,#731,.T.);
#2767=EDGE_CURVE('',#2251,#2069,#732,.T.);
#2768=EDGE_CURVE('',#2252,#2068,#733,.T.);
#2769=EDGE_CURVE('',#2249,#2067,#734,.T.);
#2770=EDGE_CURVE('',#2250,#2066,#735,.T.);
#2771=EDGE_CURVE('',#2260,#2180,#736,.T.);
#2772=EDGE_CURVE('',#2259,#2179,#737,.T.);
#2773=EDGE_CURVE('',#2258,#2178,#738,.T.);
#2774=EDGE_CURVE('',#2257,#2177,#739,.T.);
#2775=EDGE_CURVE('',#2165,#2261,#740,.T.);
#2776=EDGE_CURVE('',#2261,#2262,#741,.T.);
#2777=EDGE_CURVE('',#2166,#2262,#742,.T.);
#2778=EDGE_CURVE('',#2176,#2263,#743,.T.);
#2779=EDGE_CURVE('',#2263,#2261,#744,.T.);
#2780=EDGE_CURVE('',#2175,#2264,#745,.T.);
#2781=EDGE_CURVE('',#2264,#2263,#746,.T.);
#2782=EDGE_CURVE('',#2174,#2265,#747,.T.);
#2783=EDGE_CURVE('',#2265,#2264,#748,.T.);
#2784=EDGE_CURVE('',#2173,#2266,#749,.T.);
#2785=EDGE_CURVE('',#2266,#2265,#750,.T.);
#2786=EDGE_CURVE('',#2172,#2267,#751,.T.);
#2787=EDGE_CURVE('',#2267,#2266,#752,.T.);
#2788=EDGE_CURVE('',#2171,#2268,#753,.T.);
#2789=EDGE_CURVE('',#2268,#2267,#754,.T.);
#2790=EDGE_CURVE('',#2170,#2269,#755,.T.);
#2791=EDGE_CURVE('',#2269,#2268,#756,.T.);
#2792=EDGE_CURVE('',#2169,#2270,#757,.T.);
#2793=EDGE_CURVE('',#2270,#2269,#758,.T.);
#2794=EDGE_CURVE('',#2168,#2271,#759,.T.);
#2795=EDGE_CURVE('',#2271,#2270,#760,.T.);
#2796=EDGE_CURVE('',#2167,#2272,#761,.T.);
#2797=EDGE_CURVE('',#2272,#2271,#762,.T.);
#2798=EDGE_CURVE('',#2262,#2272,#763,.T.);
#2799=EDGE_CURVE('',#2153,#2273,#764,.T.);
#2800=EDGE_CURVE('',#2273,#2274,#765,.T.);
#2801=EDGE_CURVE('',#2154,#2274,#766,.T.);
#2802=EDGE_CURVE('',#2164,#2275,#767,.T.);
#2803=EDGE_CURVE('',#2275,#2273,#768,.T.);
#2804=EDGE_CURVE('',#2163,#2276,#769,.T.);
#2805=EDGE_CURVE('',#2276,#2275,#770,.T.);
#2806=EDGE_CURVE('',#2162,#2277,#771,.T.);
#2807=EDGE_CURVE('',#2277,#2276,#772,.T.);
#2808=EDGE_CURVE('',#2161,#2278,#773,.T.);
#2809=EDGE_CURVE('',#2278,#2277,#774,.T.);
#2810=EDGE_CURVE('',#2160,#2279,#775,.T.);
#2811=EDGE_CURVE('',#2279,#2278,#776,.T.);
#2812=EDGE_CURVE('',#2159,#2280,#777,.T.);
#2813=EDGE_CURVE('',#2280,#2279,#778,.T.);
#2814=EDGE_CURVE('',#2158,#2281,#779,.T.);
#2815=EDGE_CURVE('',#2281,#2280,#780,.T.);
#2816=EDGE_CURVE('',#2157,#2282,#781,.T.);
#2817=EDGE_CURVE('',#2282,#2281,#782,.T.);
#2818=EDGE_CURVE('',#2156,#2283,#783,.T.);
#2819=EDGE_CURVE('',#2283,#2282,#784,.T.);
#2820=EDGE_CURVE('',#2155,#2284,#785,.T.);
#2821=EDGE_CURVE('',#2284,#2283,#786,.T.);
#2822=EDGE_CURVE('',#2274,#2284,#787,.T.);
#2823=EDGE_CURVE('',#2141,#2285,#788,.T.);
#2824=EDGE_CURVE('',#2285,#2286,#789,.T.);
#2825=EDGE_CURVE('',#2142,#2286,#790,.T.);
#2826=EDGE_CURVE('',#2152,#2287,#791,.T.);
#2827=EDGE_CURVE('',#2287,#2285,#792,.T.);
#2828=EDGE_CURVE('',#2151,#2288,#793,.T.);
#2829=EDGE_CURVE('',#2288,#2287,#794,.T.);
#2830=EDGE_CURVE('',#2150,#2289,#795,.T.);
#2831=EDGE_CURVE('',#2289,#2288,#796,.T.);
#2832=EDGE_CURVE('',#2149,#2290,#797,.T.);
#2833=EDGE_CURVE('',#2290,#2289,#798,.T.);
#2834=EDGE_CURVE('',#2148,#2291,#799,.T.);
#2835=EDGE_CURVE('',#2291,#2290,#800,.T.);
#2836=EDGE_CURVE('',#2147,#2292,#801,.T.);
#2837=EDGE_CURVE('',#2292,#2291,#802,.T.);
#2838=EDGE_CURVE('',#2146,#2293,#803,.T.);
#2839=EDGE_CURVE('',#2293,#2292,#804,.T.);
#2840=EDGE_CURVE('',#2145,#2294,#805,.T.);
#2841=EDGE_CURVE('',#2294,#2293,#806,.T.);
#2842=EDGE_CURVE('',#2144,#2295,#807,.T.);
#2843=EDGE_CURVE('',#2295,#2294,#808,.T.);
#2844=EDGE_CURVE('',#2143,#2296,#809,.T.);
#2845=EDGE_CURVE('',#2296,#2295,#810,.T.);
#2846=EDGE_CURVE('',#2286,#2296,#811,.T.);
#2847=EDGE_CURVE('',#2135,#2297,#812,.T.);
#2848=EDGE_CURVE('',#2297,#2298,#813,.T.);
#2849=EDGE_CURVE('',#2136,#2298,#814,.T.);
#2850=EDGE_CURVE('',#2140,#2299,#815,.T.);
#2851=EDGE_CURVE('',#2299,#2297,#816,.T.);
#2852=EDGE_CURVE('',#2139,#2300,#817,.T.);
#2853=EDGE_CURVE('',#2300,#2299,#818,.T.);
#2854=EDGE_CURVE('',#2138,#2301,#819,.T.);
#2855=EDGE_CURVE('',#2301,#2300,#820,.T.);
#2856=EDGE_CURVE('',#2137,#2302,#821,.T.);
#2857=EDGE_CURVE('',#2302,#2301,#822,.T.);
#2858=EDGE_CURVE('',#2298,#2302,#823,.T.);
#2859=EDGE_CURVE('',#2131,#2303,#824,.T.);
#2860=EDGE_CURVE('',#2303,#2304,#825,.T.);
#2861=EDGE_CURVE('',#2132,#2304,#826,.T.);
#2862=EDGE_CURVE('',#2134,#2305,#827,.T.);
#2863=EDGE_CURVE('',#2305,#2303,#828,.T.);
#2864=EDGE_CURVE('',#2133,#2306,#829,.T.);
#2865=EDGE_CURVE('',#2306,#2305,#830,.T.);
#2866=EDGE_CURVE('',#2304,#2306,#831,.T.);
#2867=EDGE_CURVE('',#2125,#2307,#832,.T.);
#2868=EDGE_CURVE('',#2307,#2308,#833,.T.);
#2869=EDGE_CURVE('',#2126,#2308,#834,.T.);
#2870=EDGE_CURVE('',#2130,#2309,#835,.T.);
#2871=EDGE_CURVE('',#2309,#2307,#836,.T.);
#2872=EDGE_CURVE('',#2129,#2310,#837,.T.);
#2873=EDGE_CURVE('',#2310,#2309,#838,.T.);
#2874=EDGE_CURVE('',#2128,#2311,#839,.T.);
#2875=EDGE_CURVE('',#2311,#2310,#840,.T.);
#2876=EDGE_CURVE('',#2127,#2312,#841,.T.);
#2877=EDGE_CURVE('',#2312,#2311,#842,.T.);
#2878=EDGE_CURVE('',#2308,#2312,#843,.T.);
#2879=EDGE_CURVE('',#2313,#2314,#844,.T.);
#2880=EDGE_CURVE('',#2313,#2315,#845,.T.);
#2881=EDGE_CURVE('',#2315,#2316,#846,.T.);
#2882=EDGE_CURVE('',#2314,#2316,#847,.T.);
#2883=EDGE_CURVE('',#2317,#2313,#175,.T.);
#2884=EDGE_CURVE('',#2317,#2318,#848,.T.);
#2885=EDGE_CURVE('',#2318,#2315,#176,.T.);
#2886=EDGE_CURVE('',#2319,#2317,#177,.T.);
#2887=EDGE_CURVE('',#2319,#2320,#849,.T.);
#2888=EDGE_CURVE('',#2320,#2318,#178,.T.);
#2889=EDGE_CURVE('',#2321,#2319,#179,.T.);
#2890=EDGE_CURVE('',#2321,#2322,#850,.T.);
#2891=EDGE_CURVE('',#2322,#2320,#180,.T.);
#2892=EDGE_CURVE('',#2323,#2321,#181,.T.);
#2893=EDGE_CURVE('',#2323,#2324,#851,.T.);
#2894=EDGE_CURVE('',#2324,#2322,#182,.T.);
#2895=EDGE_CURVE('',#2325,#2323,#852,.T.);
#2896=EDGE_CURVE('',#2325,#2326,#853,.T.);
#2897=EDGE_CURVE('',#2326,#2324,#854,.T.);
#2898=EDGE_CURVE('',#2314,#2325,#855,.T.);
#2899=EDGE_CURVE('',#2316,#2326,#856,.T.);
#2900=EDGE_CURVE('',#2327,#2328,#857,.T.);
#2901=EDGE_CURVE('',#2327,#2329,#858,.T.);
#2902=EDGE_CURVE('',#2329,#2330,#859,.T.);
#2903=EDGE_CURVE('',#2328,#2330,#860,.T.);
#2904=EDGE_CURVE('',#2331,#2327,#183,.T.);
#2905=EDGE_CURVE('',#2331,#2332,#861,.T.);
#2906=EDGE_CURVE('',#2332,#2329,#184,.T.);
#2907=EDGE_CURVE('',#2333,#2331,#185,.T.);
#2908=EDGE_CURVE('',#2333,#2334,#862,.T.);
#2909=EDGE_CURVE('',#2334,#2332,#186,.T.);
#2910=EDGE_CURVE('',#2335,#2333,#187,.T.);
#2911=EDGE_CURVE('',#2335,#2336,#863,.T.);
#2912=EDGE_CURVE('',#2336,#2334,#188,.T.);
#2913=EDGE_CURVE('',#2337,#2335,#189,.T.);
#2914=EDGE_CURVE('',#2337,#2338,#864,.T.);
#2915=EDGE_CURVE('',#2338,#2336,#190,.T.);
#2916=EDGE_CURVE('',#2339,#2337,#865,.T.);
#2917=EDGE_CURVE('',#2339,#2340,#866,.T.);
#2918=EDGE_CURVE('',#2340,#2338,#867,.T.);
#2919=EDGE_CURVE('',#2328,#2339,#868,.T.);
#2920=EDGE_CURVE('',#2330,#2340,#869,.T.);
#2921=EDGE_CURVE('',#2112,#2341,#870,.T.);
#2922=EDGE_CURVE('',#2341,#2342,#191,.T.);
#2923=EDGE_CURVE('',#2113,#2342,#871,.T.);
#2924=EDGE_CURVE('',#2124,#2343,#872,.T.);
#2925=EDGE_CURVE('',#2343,#2341,#192,.T.);
#2926=EDGE_CURVE('',#2123,#2344,#873,.T.);
#2927=EDGE_CURVE('',#2344,#2343,#193,.T.);
#2928=EDGE_CURVE('',#2122,#2345,#874,.T.);
#2929=EDGE_CURVE('',#2345,#2344,#194,.T.);
#2930=EDGE_CURVE('',#2121,#2346,#875,.T.);
#2931=EDGE_CURVE('',#2346,#2345,#195,.T.);
#2932=EDGE_CURVE('',#2120,#2347,#876,.T.);
#2933=EDGE_CURVE('',#2347,#2346,#196,.T.);
#2934=EDGE_CURVE('',#2119,#2348,#877,.T.);
#2935=EDGE_CURVE('',#2348,#2347,#197,.T.);
#2936=EDGE_CURVE('',#2118,#2349,#878,.T.);
#2937=EDGE_CURVE('',#2349,#2348,#198,.T.);
#2938=EDGE_CURVE('',#2117,#2350,#879,.T.);
#2939=EDGE_CURVE('',#2350,#2349,#199,.T.);
#2940=EDGE_CURVE('',#2116,#2351,#880,.T.);
#2941=EDGE_CURVE('',#2351,#2350,#200,.T.);
#2942=EDGE_CURVE('',#2115,#2352,#881,.T.);
#2943=EDGE_CURVE('',#2352,#2351,#882,.T.);
#2944=EDGE_CURVE('',#2114,#2353,#883,.T.);
#2945=EDGE_CURVE('',#2353,#2352,#884,.T.);
#2946=EDGE_CURVE('',#2342,#2353,#885,.T.);
#2947=EDGE_CURVE('',#2354,#2355,#231,.T.);
#2948=EDGE_CURVE('',#2354,#2356,#886,.T.);
#2949=EDGE_CURVE('',#2356,#2357,#232,.T.);
#2950=EDGE_CURVE('',#2355,#2357,#887,.T.);
#2951=EDGE_CURVE('',#2355,#2358,#233,.T.);
#2952=EDGE_CURVE('',#2357,#2359,#234,.T.);
#2953=EDGE_CURVE('',#2358,#2359,#888,.T.);
#2954=EDGE_CURVE('',#2358,#2360,#235,.T.);
#2955=EDGE_CURVE('',#2359,#2361,#236,.T.);
#2956=EDGE_CURVE('',#2360,#2361,#889,.T.);
#2957=EDGE_CURVE('',#2360,#2362,#237,.T.);
#2958=EDGE_CURVE('',#2361,#2363,#238,.T.);
#2959=EDGE_CURVE('',#2362,#2363,#890,.T.);
#2960=EDGE_CURVE('',#2362,#2364,#239,.T.);
#2961=EDGE_CURVE('',#2363,#2365,#240,.T.);
#2962=EDGE_CURVE('',#2364,#2365,#891,.T.);
#2963=EDGE_CURVE('',#2364,#2366,#241,.T.);
#2964=EDGE_CURVE('',#2365,#2367,#242,.T.);
#2965=EDGE_CURVE('',#2366,#2367,#892,.T.);
#2966=EDGE_CURVE('',#2366,#2368,#243,.T.);
#2967=EDGE_CURVE('',#2367,#2369,#244,.T.);
#2968=EDGE_CURVE('',#2368,#2369,#893,.T.);
#2969=EDGE_CURVE('',#2368,#2370,#245,.T.);
#2970=EDGE_CURVE('',#2369,#2371,#246,.T.);
#2971=EDGE_CURVE('',#2370,#2371,#894,.T.);
#2972=EDGE_CURVE('',#2370,#2372,#247,.T.);
#2973=EDGE_CURVE('',#2371,#2373,#248,.T.);
#2974=EDGE_CURVE('',#2372,#2373,#895,.T.);
#2975=EDGE_CURVE('',#2372,#2374,#249,.T.);
#2976=EDGE_CURVE('',#2373,#2375,#250,.T.);
#2977=EDGE_CURVE('',#2374,#2375,#896,.T.);
#2978=EDGE_CURVE('',#2374,#2376,#897,.T.);
#2979=EDGE_CURVE('',#2375,#2377,#898,.T.);
#2980=EDGE_CURVE('',#2376,#2377,#899,.T.);
#2981=EDGE_CURVE('',#2085,#2378,#900,.T.);
#2982=EDGE_CURVE('',#2378,#2379,#251,.T.);
#2983=EDGE_CURVE('',#2086,#2379,#901,.T.);
#2984=EDGE_CURVE('',#2379,#2380,#252,.T.);
#2985=EDGE_CURVE('',#2087,#2380,#902,.T.);
#2986=EDGE_CURVE('',#2380,#2381,#253,.T.);
#2987=EDGE_CURVE('',#2088,#2381,#903,.T.);
#2988=EDGE_CURVE('',#2381,#2382,#254,.T.);
#2989=EDGE_CURVE('',#2089,#2382,#904,.T.);
#2990=EDGE_CURVE('',#2382,#2383,#255,.T.);
#2991=EDGE_CURVE('',#2090,#2383,#905,.T.);
#2992=EDGE_CURVE('',#2383,#2384,#256,.T.);
#2993=EDGE_CURVE('',#2091,#2384,#906,.T.);
#2994=EDGE_CURVE('',#2384,#2385,#257,.T.);
#2995=EDGE_CURVE('',#2092,#2385,#907,.T.);
#2996=EDGE_CURVE('',#2385,#2386,#258,.T.);
#2997=EDGE_CURVE('',#2093,#2386,#908,.T.);
#2998=EDGE_CURVE('',#2386,#2387,#259,.T.);
#2999=EDGE_CURVE('',#2094,#2387,#909,.T.);
#3000=EDGE_CURVE('',#2387,#2388,#260,.T.);
#3001=EDGE_CURVE('',#2095,#2388,#910,.T.);
#3002=EDGE_CURVE('',#2388,#2389,#261,.T.);
#3003=EDGE_CURVE('',#2096,#2389,#911,.T.);
#3004=EDGE_CURVE('',#2389,#2390,#262,.T.);
#3005=EDGE_CURVE('',#2097,#2390,#912,.T.);
#3006=EDGE_CURVE('',#2390,#2391,#263,.T.);
#3007=EDGE_CURVE('',#2098,#2391,#913,.T.);
#3008=EDGE_CURVE('',#2391,#2392,#264,.T.);
#3009=EDGE_CURVE('',#2099,#2392,#914,.T.);
#3010=EDGE_CURVE('',#2392,#2393,#265,.T.);
#3011=EDGE_CURVE('',#2070,#2393,#915,.T.);
#3012=EDGE_CURVE('',#2394,#2354,#266,.T.);
#3013=EDGE_CURVE('',#2394,#2395,#916,.T.);
#3014=EDGE_CURVE('',#2395,#2356,#267,.T.);
#3015=EDGE_CURVE('',#2396,#2394,#268,.T.);
#3016=EDGE_CURVE('',#2396,#2397,#917,.T.);
#3017=EDGE_CURVE('',#2397,#2395,#269,.T.);
#3018=EDGE_CURVE('',#2398,#2396,#270,.T.);
#3019=EDGE_CURVE('',#2398,#2399,#918,.T.);
#3020=EDGE_CURVE('',#2399,#2397,#271,.T.);
#3021=EDGE_CURVE('',#2400,#2398,#272,.T.);
#3022=EDGE_CURVE('',#2400,#2401,#919,.T.);
#3023=EDGE_CURVE('',#2401,#2399,#273,.T.);
#3024=EDGE_CURVE('',#2402,#2400,#274,.T.);
#3025=EDGE_CURVE('',#2402,#2403,#920,.T.);
#3026=EDGE_CURVE('',#2403,#2401,#275,.T.);
#3027=EDGE_CURVE('',#2404,#2402,#276,.T.);
#3028=EDGE_CURVE('',#2404,#2405,#921,.T.);
#3029=EDGE_CURVE('',#2405,#2403,#277,.T.);
#3030=EDGE_CURVE('',#2406,#2404,#278,.T.);
#3031=EDGE_CURVE('',#2406,#2407,#922,.T.);
#3032=EDGE_CURVE('',#2407,#2405,#279,.T.);
#3033=EDGE_CURVE('',#2408,#2406,#280,.T.);
#3034=EDGE_CURVE('',#2408,#2409,#923,.T.);
#3035=EDGE_CURVE('',#2409,#2407,#281,.T.);
#3036=EDGE_CURVE('',#2410,#2408,#282,.T.);
#3037=EDGE_CURVE('',#2410,#2411,#924,.T.);
#3038=EDGE_CURVE('',#2411,#2409,#283,.T.);
#3039=EDGE_CURVE('',#2412,#2410,#284,.T.);
#3040=EDGE_CURVE('',#2412,#2413,#925,.T.);
#3041=EDGE_CURVE('',#2413,#2411,#285,.T.);
#3042=EDGE_CURVE('',#2376,#2412,#926,.T.);
#3043=EDGE_CURVE('',#2377,#2413,#927,.T.);
#3044=EDGE_CURVE('',#2084,#2414,#928,.T.);
#3045=EDGE_CURVE('',#2414,#2378,#286,.T.);
#3046=EDGE_CURVE('',#2083,#2415,#929,.T.);
#3047=EDGE_CURVE('',#2415,#2414,#287,.T.);
#3048=EDGE_CURVE('',#2082,#2416,#930,.T.);
#3049=EDGE_CURVE('',#2416,#2415,#288,.T.);
#3050=EDGE_CURVE('',#2081,#2417,#931,.T.);
#3051=EDGE_CURVE('',#2417,#2416,#289,.T.);
#3052=EDGE_CURVE('',#2080,#2418,#932,.T.);
#3053=EDGE_CURVE('',#2418,#2417,#290,.T.);
#3054=EDGE_CURVE('',#2079,#2419,#933,.T.);
#3055=EDGE_CURVE('',#2419,#2418,#291,.T.);
#3056=EDGE_CURVE('',#2078,#2420,#934,.T.);
#3057=EDGE_CURVE('',#2420,#2419,#292,.T.);
#3058=EDGE_CURVE('',#2077,#2421,#935,.T.);
#3059=EDGE_CURVE('',#2421,#2420,#293,.T.);
#3060=EDGE_CURVE('',#2076,#2422,#936,.T.);
#3061=EDGE_CURVE('',#2422,#2421,#294,.T.);
#3062=EDGE_CURVE('',#2075,#2423,#937,.T.);
#3063=EDGE_CURVE('',#2423,#2422,#295,.T.);
#3064=EDGE_CURVE('',#2074,#2424,#938,.T.);
#3065=EDGE_CURVE('',#2424,#2423,#296,.T.);
#3066=EDGE_CURVE('',#2073,#2425,#939,.T.);
#3067=EDGE_CURVE('',#2425,#2424,#297,.T.);
#3068=EDGE_CURVE('',#2072,#2426,#940,.T.);
#3069=EDGE_CURVE('',#2426,#2425,#298,.T.);
#3070=EDGE_CURVE('',#2071,#2427,#941,.T.);
#3071=EDGE_CURVE('',#2427,#2426,#299,.T.);
#3072=EDGE_CURVE('',#2393,#2427,#300,.T.);
#3073=EDGE_CURVE('',#2019,#2211,#942,.T.);
#3074=EDGE_CURVE('',#2216,#2029,#943,.T.);
#3075=EDGE_CURVE('',#2027,#2215,#944,.T.);
#3076=EDGE_CURVE('',#2214,#2025,#945,.T.);
#3077=EDGE_CURVE('',#2023,#2213,#946,.T.);
#3078=EDGE_CURVE('',#2212,#2021,#947,.T.);
#3079=EDGE_CURVE('',#2253,#2103,#948,.T.);
#3080=ORIENTED_EDGE('',*,*,#2428,.F.);
#3081=ORIENTED_EDGE('',*,*,#2429,.T.);
#3082=ORIENTED_EDGE('',*,*,#2430,.T.);
#3083=ORIENTED_EDGE('',*,*,#2431,.T.);
#3084=ORIENTED_EDGE('',*,*,#2432,.F.);
#3085=ORIENTED_EDGE('',*,*,#2433,.T.);
#3086=ORIENTED_EDGE('',*,*,#2430,.F.);
#3087=ORIENTED_EDGE('',*,*,#2434,.T.);
#3088=ORIENTED_EDGE('',*,*,#2429,.F.);
#3089=ORIENTED_EDGE('',*,*,#2435,.T.);
#3090=ORIENTED_EDGE('',*,*,#2436,.T.);
#3091=ORIENTED_EDGE('',*,*,#2437,.F.);
#3092=ORIENTED_EDGE('',*,*,#2438,.T.);
#3093=ORIENTED_EDGE('',*,*,#2439,.T.);
#3094=ORIENTED_EDGE('',*,*,#2440,.T.);
#3095=ORIENTED_EDGE('',*,*,#2441,.F.);
#3096=ORIENTED_EDGE('',*,*,#2442,.T.);
#3097=ORIENTED_EDGE('',*,*,#2439,.F.);
#3098=ORIENTED_EDGE('',*,*,#2443,.T.);
#3099=ORIENTED_EDGE('',*,*,#2442,.F.);
#3100=ORIENTED_EDGE('',*,*,#2444,.T.);
#3101=ORIENTED_EDGE('',*,*,#2445,.T.);
#3102=ORIENTED_EDGE('',*,*,#2446,.T.);
#3103=ORIENTED_EDGE('',*,*,#2431,.F.);
#3104=ORIENTED_EDGE('',*,*,#2447,.T.);
#3105=ORIENTED_EDGE('',*,*,#2445,.F.);
#3106=ORIENTED_EDGE('',*,*,#2448,.T.);
#3107=ORIENTED_EDGE('',*,*,#2433,.F.);
#3108=ORIENTED_EDGE('',*,*,#2449,.F.);
#3109=ORIENTED_EDGE('',*,*,#2440,.F.);
#3110=ORIENTED_EDGE('',*,*,#2446,.F.);
#3111=ORIENTED_EDGE('',*,*,#2447,.F.);
#3112=ORIENTED_EDGE('',*,*,#2450,.T.);
#3113=ORIENTED_EDGE('',*,*,#2451,.T.);
#3114=ORIENTED_EDGE('',*,*,#2452,.T.);
#3115=ORIENTED_EDGE('',*,*,#2453,.T.);
#3116=ORIENTED_EDGE('',*,*,#2454,.T.);
#3117=ORIENTED_EDGE('',*,*,#2455,.T.);
#3118=ORIENTED_EDGE('',*,*,#2450,.F.);
#3119=ORIENTED_EDGE('',*,*,#2456,.T.);
#3120=ORIENTED_EDGE('',*,*,#2457,.T.);
#3121=ORIENTED_EDGE('',*,*,#2458,.T.);
#3122=ORIENTED_EDGE('',*,*,#2454,.F.);
#3123=ORIENTED_EDGE('',*,*,#2459,.T.);
#3124=ORIENTED_EDGE('',*,*,#2460,.T.);
#3125=ORIENTED_EDGE('',*,*,#2461,.T.);
#3126=ORIENTED_EDGE('',*,*,#2457,.F.);
#3127=ORIENTED_EDGE('',*,*,#2462,.T.);
#3128=ORIENTED_EDGE('',*,*,#2463,.T.);
#3129=ORIENTED_EDGE('',*,*,#2464,.T.);
#3130=ORIENTED_EDGE('',*,*,#2460,.F.);
#3131=ORIENTED_EDGE('',*,*,#2465,.T.);
#3132=ORIENTED_EDGE('',*,*,#2466,.T.);
#3133=ORIENTED_EDGE('',*,*,#2467,.T.);
#3134=ORIENTED_EDGE('',*,*,#2463,.F.);
#3135=ORIENTED_EDGE('',*,*,#2468,.T.);
#3136=ORIENTED_EDGE('',*,*,#2469,.T.);
#3137=ORIENTED_EDGE('',*,*,#2470,.T.);
#3138=ORIENTED_EDGE('',*,*,#2466,.F.);
#3139=ORIENTED_EDGE('',*,*,#2471,.T.);
#3140=ORIENTED_EDGE('',*,*,#2472,.T.);
#3141=ORIENTED_EDGE('',*,*,#2473,.T.);
#3142=ORIENTED_EDGE('',*,*,#2469,.F.);
#3143=ORIENTED_EDGE('',*,*,#2474,.T.);
#3144=ORIENTED_EDGE('',*,*,#2475,.T.);
#3145=ORIENTED_EDGE('',*,*,#2476,.T.);
#3146=ORIENTED_EDGE('',*,*,#2472,.F.);
#3147=ORIENTED_EDGE('',*,*,#2477,.T.);
#3148=ORIENTED_EDGE('',*,*,#2478,.T.);
#3149=ORIENTED_EDGE('',*,*,#2477,.F.);
#3150=ORIENTED_EDGE('',*,*,#2474,.F.);
#3151=ORIENTED_EDGE('',*,*,#2471,.F.);
#3152=ORIENTED_EDGE('',*,*,#2468,.F.);
#3153=ORIENTED_EDGE('',*,*,#2465,.F.);
#3154=ORIENTED_EDGE('',*,*,#2462,.F.);
#3155=ORIENTED_EDGE('',*,*,#2459,.F.);
#3156=ORIENTED_EDGE('',*,*,#2456,.F.);
#3157=ORIENTED_EDGE('',*,*,#2453,.F.);
#3158=ORIENTED_EDGE('',*,*,#2479,.T.);
#3159=ORIENTED_EDGE('',*,*,#2437,.T.);
#3160=ORIENTED_EDGE('',*,*,#2449,.T.);
#3161=ORIENTED_EDGE('',*,*,#2432,.T.);
#3162=ORIENTED_EDGE('',*,*,#2480,.T.);
#3163=ORIENTED_EDGE('',*,*,#2481,.T.);
#3164=ORIENTED_EDGE('',*,*,#2482,.T.);
#3165=ORIENTED_EDGE('',*,*,#2483,.T.);
#3166=ORIENTED_EDGE('',*,*,#2484,.T.);
#3167=ORIENTED_EDGE('',*,*,#2485,.T.);
#3168=ORIENTED_EDGE('',*,*,#2486,.T.);
#3169=ORIENTED_EDGE('',*,*,#2487,.T.);
#3170=ORIENTED_EDGE('',*,*,#2488,.T.);
#3171=ORIENTED_EDGE('',*,*,#2489,.T.);
#3172=ORIENTED_EDGE('',*,*,#2490,.T.);
#3173=ORIENTED_EDGE('',*,*,#2491,.T.);
#3174=ORIENTED_EDGE('',*,*,#2492,.T.);
#3175=ORIENTED_EDGE('',*,*,#2493,.T.);
#3176=ORIENTED_EDGE('',*,*,#2494,.T.);
#3177=ORIENTED_EDGE('',*,*,#2495,.T.);
#3178=ORIENTED_EDGE('',*,*,#2496,.T.);
#3179=ORIENTED_EDGE('',*,*,#2497,.T.);
#3180=ORIENTED_EDGE('',*,*,#2498,.T.);
#3181=ORIENTED_EDGE('',*,*,#2499,.T.);
#3182=ORIENTED_EDGE('',*,*,#2500,.T.);
#3183=ORIENTED_EDGE('',*,*,#2501,.T.);
#3184=ORIENTED_EDGE('',*,*,#2502,.T.);
#3185=ORIENTED_EDGE('',*,*,#2503,.T.);
#3186=ORIENTED_EDGE('',*,*,#2504,.T.);
#3187=ORIENTED_EDGE('',*,*,#2505,.T.);
#3188=ORIENTED_EDGE('',*,*,#2506,.T.);
#3189=ORIENTED_EDGE('',*,*,#2507,.T.);
#3190=ORIENTED_EDGE('',*,*,#2508,.T.);
#3191=ORIENTED_EDGE('',*,*,#2509,.T.);
#3192=ORIENTED_EDGE('',*,*,#2510,.T.);
#3193=ORIENTED_EDGE('',*,*,#2511,.T.);
#3194=ORIENTED_EDGE('',*,*,#2512,.T.);
#3195=ORIENTED_EDGE('',*,*,#2513,.T.);
#3196=ORIENTED_EDGE('',*,*,#2514,.T.);
#3197=ORIENTED_EDGE('',*,*,#2515,.T.);
#3198=ORIENTED_EDGE('',*,*,#2516,.T.);
#3199=ORIENTED_EDGE('',*,*,#2517,.T.);
#3200=ORIENTED_EDGE('',*,*,#2518,.T.);
#3201=ORIENTED_EDGE('',*,*,#2519,.T.);
#3202=ORIENTED_EDGE('',*,*,#2520,.T.);
#3203=ORIENTED_EDGE('',*,*,#2521,.T.);
#3204=ORIENTED_EDGE('',*,*,#2522,.T.);
#3205=ORIENTED_EDGE('',*,*,#2523,.T.);
#3206=ORIENTED_EDGE('',*,*,#2524,.T.);
#3207=ORIENTED_EDGE('',*,*,#2525,.T.);
#3208=ORIENTED_EDGE('',*,*,#2526,.T.);
#3209=ORIENTED_EDGE('',*,*,#2527,.T.);
#3210=ORIENTED_EDGE('',*,*,#2528,.T.);
#3211=ORIENTED_EDGE('',*,*,#2529,.T.);
#3212=ORIENTED_EDGE('',*,*,#2530,.T.);
#3213=ORIENTED_EDGE('',*,*,#2531,.T.);
#3214=ORIENTED_EDGE('',*,*,#2532,.T.);
#3215=ORIENTED_EDGE('',*,*,#2533,.T.);
#3216=ORIENTED_EDGE('',*,*,#2534,.T.);
#3217=ORIENTED_EDGE('',*,*,#2535,.T.);
#3218=ORIENTED_EDGE('',*,*,#2536,.T.);
#3219=ORIENTED_EDGE('',*,*,#2537,.T.);
#3220=ORIENTED_EDGE('',*,*,#2538,.T.);
#3221=ORIENTED_EDGE('',*,*,#2539,.T.);
#3222=ORIENTED_EDGE('',*,*,#2540,.T.);
#3223=ORIENTED_EDGE('',*,*,#2541,.T.);
#3224=ORIENTED_EDGE('',*,*,#2542,.T.);
#3225=ORIENTED_EDGE('',*,*,#2543,.T.);
#3226=ORIENTED_EDGE('',*,*,#2544,.T.);
#3227=ORIENTED_EDGE('',*,*,#2545,.T.);
#3228=ORIENTED_EDGE('',*,*,#2546,.F.);
#3229=ORIENTED_EDGE('',*,*,#2547,.T.);
#3230=ORIENTED_EDGE('',*,*,#2548,.T.);
#3231=ORIENTED_EDGE('',*,*,#2549,.T.);
#3232=ORIENTED_EDGE('',*,*,#2550,.T.);
#3233=ORIENTED_EDGE('',*,*,#2551,.T.);
#3234=ORIENTED_EDGE('',*,*,#2552,.T.);
#3235=ORIENTED_EDGE('',*,*,#2553,.T.);
#3236=ORIENTED_EDGE('',*,*,#2554,.T.);
#3237=ORIENTED_EDGE('',*,*,#2555,.T.);
#3238=ORIENTED_EDGE('',*,*,#2556,.T.);
#3239=ORIENTED_EDGE('',*,*,#2557,.F.);
#3240=ORIENTED_EDGE('',*,*,#2558,.T.);
#3241=ORIENTED_EDGE('',*,*,#2559,.T.);
#3242=ORIENTED_EDGE('',*,*,#2560,.T.);
#3243=ORIENTED_EDGE('',*,*,#2561,.T.);
#3244=ORIENTED_EDGE('',*,*,#2562,.T.);
#3245=ORIENTED_EDGE('',*,*,#2563,.T.);
#3246=ORIENTED_EDGE('',*,*,#2564,.T.);
#3247=ORIENTED_EDGE('',*,*,#2565,.T.);
#3248=ORIENTED_EDGE('',*,*,#2566,.T.);
#3249=ORIENTED_EDGE('',*,*,#2567,.T.);
#3250=ORIENTED_EDGE('',*,*,#2568,.T.);
#3251=ORIENTED_EDGE('',*,*,#2569,.T.);
#3252=ORIENTED_EDGE('',*,*,#2570,.T.);
#3253=ORIENTED_EDGE('',*,*,#2571,.T.);
#3254=ORIENTED_EDGE('',*,*,#2572,.T.);
#3255=ORIENTED_EDGE('',*,*,#2573,.T.);
#3256=ORIENTED_EDGE('',*,*,#2574,.T.);
#3257=ORIENTED_EDGE('',*,*,#2575,.T.);
#3258=ORIENTED_EDGE('',*,*,#2576,.T.);
#3259=ORIENTED_EDGE('',*,*,#2577,.T.);
#3260=ORIENTED_EDGE('',*,*,#2578,.T.);
#3261=ORIENTED_EDGE('',*,*,#2579,.T.);
#3262=ORIENTED_EDGE('',*,*,#2580,.T.);
#3263=ORIENTED_EDGE('',*,*,#2581,.T.);
#3264=ORIENTED_EDGE('',*,*,#2582,.T.);
#3265=ORIENTED_EDGE('',*,*,#2583,.T.);
#3266=ORIENTED_EDGE('',*,*,#2584,.T.);
#3267=ORIENTED_EDGE('',*,*,#2585,.T.);
#3268=ORIENTED_EDGE('',*,*,#2586,.T.);
#3269=ORIENTED_EDGE('',*,*,#2587,.T.);
#3270=ORIENTED_EDGE('',*,*,#2588,.T.);
#3271=ORIENTED_EDGE('',*,*,#2589,.T.);
#3272=ORIENTED_EDGE('',*,*,#2590,.T.);
#3273=ORIENTED_EDGE('',*,*,#2591,.T.);
#3274=ORIENTED_EDGE('',*,*,#2592,.T.);
#3275=ORIENTED_EDGE('',*,*,#2593,.T.);
#3276=ORIENTED_EDGE('',*,*,#2594,.T.);
#3277=ORIENTED_EDGE('',*,*,#2595,.T.);
#3278=ORIENTED_EDGE('',*,*,#2596,.T.);
#3279=ORIENTED_EDGE('',*,*,#2597,.T.);
#3280=ORIENTED_EDGE('',*,*,#2598,.T.);
#3281=ORIENTED_EDGE('',*,*,#2599,.T.);
#3282=ORIENTED_EDGE('',*,*,#2600,.T.);
#3283=ORIENTED_EDGE('',*,*,#2601,.T.);
#3284=ORIENTED_EDGE('',*,*,#2602,.T.);
#3285=ORIENTED_EDGE('',*,*,#2603,.T.);
#3286=ORIENTED_EDGE('',*,*,#2604,.T.);
#3287=ORIENTED_EDGE('',*,*,#2605,.T.);
#3288=ORIENTED_EDGE('',*,*,#2606,.T.);
#3289=ORIENTED_EDGE('',*,*,#2607,.T.);
#3290=ORIENTED_EDGE('',*,*,#2608,.T.);
#3291=ORIENTED_EDGE('',*,*,#2609,.T.);
#3292=ORIENTED_EDGE('',*,*,#2610,.T.);
#3293=ORIENTED_EDGE('',*,*,#2611,.T.);
#3294=ORIENTED_EDGE('',*,*,#2612,.T.);
#3295=ORIENTED_EDGE('',*,*,#2613,.T.);
#3296=ORIENTED_EDGE('',*,*,#2614,.T.);
#3297=ORIENTED_EDGE('',*,*,#2615,.T.);
#3298=ORIENTED_EDGE('',*,*,#2616,.T.);
#3299=ORIENTED_EDGE('',*,*,#2617,.T.);
#3300=ORIENTED_EDGE('',*,*,#2618,.T.);
#3301=ORIENTED_EDGE('',*,*,#2619,.T.);
#3302=ORIENTED_EDGE('',*,*,#2620,.T.);
#3303=ORIENTED_EDGE('',*,*,#2621,.T.);
#3304=ORIENTED_EDGE('',*,*,#2622,.T.);
#3305=ORIENTED_EDGE('',*,*,#2623,.T.);
#3306=ORIENTED_EDGE('',*,*,#2624,.T.);
#3307=ORIENTED_EDGE('',*,*,#2625,.T.);
#3308=ORIENTED_EDGE('',*,*,#2626,.T.);
#3309=ORIENTED_EDGE('',*,*,#2627,.T.);
#3310=ORIENTED_EDGE('',*,*,#2628,.T.);
#3311=ORIENTED_EDGE('',*,*,#2629,.T.);
#3312=ORIENTED_EDGE('',*,*,#2630,.T.);
#3313=ORIENTED_EDGE('',*,*,#2631,.T.);
#3314=ORIENTED_EDGE('',*,*,#2632,.T.);
#3315=ORIENTED_EDGE('',*,*,#2633,.T.);
#3316=ORIENTED_EDGE('',*,*,#2630,.F.);
#3317=ORIENTED_EDGE('',*,*,#2634,.T.);
#3318=ORIENTED_EDGE('',*,*,#2635,.T.);
#3319=ORIENTED_EDGE('',*,*,#2636,.T.);
#3320=ORIENTED_EDGE('',*,*,#2632,.F.);
#3321=ORIENTED_EDGE('',*,*,#2635,.F.);
#3322=ORIENTED_EDGE('',*,*,#2637,.T.);
#3323=ORIENTED_EDGE('',*,*,#2638,.T.);
#3324=ORIENTED_EDGE('',*,*,#2639,.T.);
#3325=ORIENTED_EDGE('',*,*,#2634,.F.);
#3326=ORIENTED_EDGE('',*,*,#2640,.T.);
#3327=ORIENTED_EDGE('',*,*,#2641,.T.);
#3328=ORIENTED_EDGE('',*,*,#2642,.F.);
#3329=ORIENTED_EDGE('',*,*,#2631,.F.);
#3330=ORIENTED_EDGE('',*,*,#2643,.T.);
#3331=ORIENTED_EDGE('',*,*,#2644,.F.);
#3332=ORIENTED_EDGE('',*,*,#2640,.F.);
#3333=ORIENTED_EDGE('',*,*,#2629,.F.);
#3334=ORIENTED_EDGE('',*,*,#2645,.F.);
#3335=ORIENTED_EDGE('',*,*,#2646,.F.);
#3336=ORIENTED_EDGE('',*,*,#2643,.F.);
#3337=ORIENTED_EDGE('',*,*,#2428,.T.);
#3338=ORIENTED_EDGE('',*,*,#2647,.T.);
#3339=ORIENTED_EDGE('',*,*,#2648,.T.);
#3340=ORIENTED_EDGE('',*,*,#2649,.T.);
#3341=ORIENTED_EDGE('',*,*,#2649,.F.);
#3342=ORIENTED_EDGE('',*,*,#2650,.F.);
#3343=ORIENTED_EDGE('',*,*,#2475,.F.);
#3344=ORIENTED_EDGE('',*,*,#2478,.F.);
#3345=ORIENTED_EDGE('',*,*,#2434,.F.);
#3346=ORIENTED_EDGE('',*,*,#2436,.F.);
#3347=ORIENTED_EDGE('',*,*,#2435,.F.);
#3348=ORIENTED_EDGE('',*,*,#2650,.T.);
#3349=ORIENTED_EDGE('',*,*,#2648,.F.);
#3350=ORIENTED_EDGE('',*,*,#2651,.F.);
#3351=ORIENTED_EDGE('',*,*,#2652,.F.);
#3352=ORIENTED_EDGE('',*,*,#2653,.F.);
#3353=ORIENTED_EDGE('',*,*,#2654,.F.);
#3354=ORIENTED_EDGE('',*,*,#2451,.F.);
#3355=ORIENTED_EDGE('',*,*,#2655,.F.);
#3356=ORIENTED_EDGE('',*,*,#2656,.F.);
#3357=ORIENTED_EDGE('',*,*,#2627,.F.);
#3358=ORIENTED_EDGE('',*,*,#2633,.F.);
#3359=ORIENTED_EDGE('',*,*,#2636,.F.);
#3360=ORIENTED_EDGE('',*,*,#2639,.F.);
#3361=ORIENTED_EDGE('',*,*,#2657,.F.);
#3362=ORIENTED_EDGE('',*,*,#2658,.F.);
#3363=ORIENTED_EDGE('',*,*,#2476,.F.);
#3364=ORIENTED_EDGE('',*,*,#2441,.T.);
#3365=ORIENTED_EDGE('',*,*,#2659,.T.);
#3366=ORIENTED_EDGE('',*,*,#2653,.T.);
#3367=ORIENTED_EDGE('',*,*,#2660,.T.);
#3368=ORIENTED_EDGE('',*,*,#2659,.F.);
#3369=ORIENTED_EDGE('',*,*,#2443,.F.);
#3370=ORIENTED_EDGE('',*,*,#2438,.F.);
#3371=ORIENTED_EDGE('',*,*,#2479,.F.);
#3372=ORIENTED_EDGE('',*,*,#2452,.F.);
#3373=ORIENTED_EDGE('',*,*,#2654,.T.);
#3374=ORIENTED_EDGE('',*,*,#2661,.T.);
#3375=ORIENTED_EDGE('',*,*,#2551,.F.);
#3376=ORIENTED_EDGE('',*,*,#2662,.T.);
#3377=ORIENTED_EDGE('',*,*,#2663,.F.);
#3378=ORIENTED_EDGE('',*,*,#2664,.F.);
#3379=ORIENTED_EDGE('',*,*,#2665,.F.);
#3380=ORIENTED_EDGE('',*,*,#2662,.F.);
#3381=ORIENTED_EDGE('',*,*,#2550,.F.);
#3382=ORIENTED_EDGE('',*,*,#2664,.T.);
#3383=ORIENTED_EDGE('',*,*,#2557,.T.);
#3384=ORIENTED_EDGE('',*,*,#2666,.F.);
#3385=ORIENTED_EDGE('',*,*,#2667,.T.);
#3386=ORIENTED_EDGE('',*,*,#2668,.T.);
#3387=ORIENTED_EDGE('',*,*,#2554,.F.);
#3388=ORIENTED_EDGE('',*,*,#2669,.T.);
#3389=ORIENTED_EDGE('',*,*,#2670,.F.);
#3390=ORIENTED_EDGE('',*,*,#2671,.F.);
#3391=ORIENTED_EDGE('',*,*,#2672,.F.);
#3392=ORIENTED_EDGE('',*,*,#2669,.F.);
#3393=ORIENTED_EDGE('',*,*,#2553,.F.);
#3394=ORIENTED_EDGE('',*,*,#2666,.T.);
#3395=ORIENTED_EDGE('',*,*,#2556,.F.);
#3396=ORIENTED_EDGE('',*,*,#2673,.F.);
#3397=ORIENTED_EDGE('',*,*,#2674,.T.);
#3398=ORIENTED_EDGE('',*,*,#2647,.F.);
#3399=ORIENTED_EDGE('',*,*,#2448,.F.);
#3400=ORIENTED_EDGE('',*,*,#2675,.F.);
#3401=ORIENTED_EDGE('',*,*,#2651,.T.);
#3402=ORIENTED_EDGE('',*,*,#2660,.F.);
#3403=ORIENTED_EDGE('',*,*,#2652,.T.);
#3404=ORIENTED_EDGE('',*,*,#2675,.T.);
#3405=ORIENTED_EDGE('',*,*,#2444,.F.);
#3406=ORIENTED_EDGE('',*,*,#2638,.F.);
#3407=ORIENTED_EDGE('',*,*,#2676,.T.);
#3408=ORIENTED_EDGE('',*,*,#2677,.T.);
#3409=ORIENTED_EDGE('',*,*,#2645,.T.);
#3410=ORIENTED_EDGE('',*,*,#2628,.F.);
#3411=ORIENTED_EDGE('',*,*,#2656,.T.);
#3412=ORIENTED_EDGE('',*,*,#2678,.F.);
#3413=ORIENTED_EDGE('',*,*,#2679,.T.);
#3414=ORIENTED_EDGE('',*,*,#2680,.F.);
#3415=ORIENTED_EDGE('',*,*,#2681,.F.);
#3416=ORIENTED_EDGE('',*,*,#2682,.F.);
#3417=ORIENTED_EDGE('',*,*,#2683,.T.);
#3418=ORIENTED_EDGE('',*,*,#2684,.F.);
#3419=ORIENTED_EDGE('',*,*,#2657,.T.);
#3420=ORIENTED_EDGE('',*,*,#2685,.T.);
#3421=ORIENTED_EDGE('',*,*,#2686,.T.);
#3422=ORIENTED_EDGE('',*,*,#2687,.T.);
#3423=ORIENTED_EDGE('',*,*,#2688,.T.);
#3424=ORIENTED_EDGE('',*,*,#2689,.T.);
#3425=ORIENTED_EDGE('',*,*,#2690,.T.);
#3426=ORIENTED_EDGE('',*,*,#2691,.T.);
#3427=ORIENTED_EDGE('',*,*,#2692,.T.);
#3428=ORIENTED_EDGE('',*,*,#2693,.T.);
#3429=ORIENTED_EDGE('',*,*,#2694,.T.);
#3430=ORIENTED_EDGE('',*,*,#2695,.T.);
#3431=ORIENTED_EDGE('',*,*,#2696,.T.);
#3432=ORIENTED_EDGE('',*,*,#2697,.T.);
#3433=ORIENTED_EDGE('',*,*,#2698,.T.);
#3434=ORIENTED_EDGE('',*,*,#2699,.T.);
#3435=ORIENTED_EDGE('',*,*,#2700,.T.);
#3436=ORIENTED_EDGE('',*,*,#2701,.T.);
#3437=ORIENTED_EDGE('',*,*,#2702,.T.);
#3438=ORIENTED_EDGE('',*,*,#2703,.T.);
#3439=ORIENTED_EDGE('',*,*,#2704,.T.);
#3440=ORIENTED_EDGE('',*,*,#2705,.T.);
#3441=ORIENTED_EDGE('',*,*,#2706,.T.);
#3442=ORIENTED_EDGE('',*,*,#2707,.T.);
#3443=ORIENTED_EDGE('',*,*,#2708,.T.);
#3444=ORIENTED_EDGE('',*,*,#2709,.T.);
#3445=ORIENTED_EDGE('',*,*,#2710,.T.);
#3446=ORIENTED_EDGE('',*,*,#2711,.T.);
#3447=ORIENTED_EDGE('',*,*,#2712,.T.);
#3448=ORIENTED_EDGE('',*,*,#2713,.T.);
#3449=ORIENTED_EDGE('',*,*,#2714,.T.);
#3450=ORIENTED_EDGE('',*,*,#2715,.T.);
#3451=ORIENTED_EDGE('',*,*,#2716,.T.);
#3452=ORIENTED_EDGE('',*,*,#2717,.T.);
#3453=ORIENTED_EDGE('',*,*,#2718,.T.);
#3454=ORIENTED_EDGE('',*,*,#2719,.T.);
#3455=ORIENTED_EDGE('',*,*,#2720,.T.);
#3456=ORIENTED_EDGE('',*,*,#2721,.F.);
#3457=ORIENTED_EDGE('',*,*,#2722,.F.);
#3458=ORIENTED_EDGE('',*,*,#2723,.F.);
#3459=ORIENTED_EDGE('',*,*,#2724,.F.);
#3460=ORIENTED_EDGE('',*,*,#2725,.F.);
#3461=ORIENTED_EDGE('',*,*,#2726,.F.);
#3462=ORIENTED_EDGE('',*,*,#2727,.F.);
#3463=ORIENTED_EDGE('',*,*,#2728,.F.);
#3464=ORIENTED_EDGE('',*,*,#2665,.T.);
#3465=ORIENTED_EDGE('',*,*,#2667,.F.);
#3466=ORIENTED_EDGE('',*,*,#2674,.F.);
#3467=ORIENTED_EDGE('',*,*,#2729,.F.);
#3468=ORIENTED_EDGE('',*,*,#2670,.T.);
#3469=ORIENTED_EDGE('',*,*,#2672,.T.);
#3470=ORIENTED_EDGE('',*,*,#2730,.F.);
#3471=ORIENTED_EDGE('',*,*,#2663,.T.);
#3472=ORIENTED_EDGE('',*,*,#2646,.T.);
#3473=ORIENTED_EDGE('',*,*,#2677,.F.);
#3474=ORIENTED_EDGE('',*,*,#2731,.F.);
#3475=ORIENTED_EDGE('',*,*,#2641,.F.);
#3476=ORIENTED_EDGE('',*,*,#2644,.T.);
#3477=ORIENTED_EDGE('',*,*,#2637,.F.);
#3478=ORIENTED_EDGE('',*,*,#2642,.T.);
#3479=ORIENTED_EDGE('',*,*,#2731,.T.);
#3480=ORIENTED_EDGE('',*,*,#2676,.F.);
#3481=ORIENTED_EDGE('',*,*,#2724,.T.);
#3482=ORIENTED_EDGE('',*,*,#2732,.F.);
#3483=ORIENTED_EDGE('',*,*,#2546,.T.);
#3484=ORIENTED_EDGE('',*,*,#2733,.F.);
#3485=ORIENTED_EDGE('',*,*,#2732,.T.);
#3486=ORIENTED_EDGE('',*,*,#2723,.T.);
#3487=ORIENTED_EDGE('',*,*,#2734,.T.);
#3488=ORIENTED_EDGE('',*,*,#2547,.F.);
#3489=ORIENTED_EDGE('',*,*,#2687,.F.);
#3490=ORIENTED_EDGE('',*,*,#2735,.T.);
#3491=ORIENTED_EDGE('',*,*,#2482,.F.);
#3492=ORIENTED_EDGE('',*,*,#2736,.F.);
#3493=ORIENTED_EDGE('',*,*,#2688,.F.);
#3494=ORIENTED_EDGE('',*,*,#2736,.T.);
#3495=ORIENTED_EDGE('',*,*,#2481,.F.);
#3496=ORIENTED_EDGE('',*,*,#2737,.F.);
#3497=ORIENTED_EDGE('',*,*,#2685,.F.);
#3498=ORIENTED_EDGE('',*,*,#2737,.T.);
#3499=ORIENTED_EDGE('',*,*,#2480,.F.);
#3500=ORIENTED_EDGE('',*,*,#2738,.F.);
#3501=ORIENTED_EDGE('',*,*,#2686,.F.);
#3502=ORIENTED_EDGE('',*,*,#2738,.T.);
#3503=ORIENTED_EDGE('',*,*,#2483,.F.);
#3504=ORIENTED_EDGE('',*,*,#2735,.F.);
#3505=ORIENTED_EDGE('',*,*,#2691,.F.);
#3506=ORIENTED_EDGE('',*,*,#2739,.T.);
#3507=ORIENTED_EDGE('',*,*,#2486,.F.);
#3508=ORIENTED_EDGE('',*,*,#2740,.F.);
#3509=ORIENTED_EDGE('',*,*,#2692,.F.);
#3510=ORIENTED_EDGE('',*,*,#2740,.T.);
#3511=ORIENTED_EDGE('',*,*,#2485,.F.);
#3512=ORIENTED_EDGE('',*,*,#2741,.F.);
#3513=ORIENTED_EDGE('',*,*,#2689,.F.);
#3514=ORIENTED_EDGE('',*,*,#2741,.T.);
#3515=ORIENTED_EDGE('',*,*,#2484,.F.);
#3516=ORIENTED_EDGE('',*,*,#2742,.F.);
#3517=ORIENTED_EDGE('',*,*,#2690,.F.);
#3518=ORIENTED_EDGE('',*,*,#2742,.T.);
#3519=ORIENTED_EDGE('',*,*,#2487,.F.);
#3520=ORIENTED_EDGE('',*,*,#2739,.F.);
#3521=ORIENTED_EDGE('',*,*,#2695,.F.);
#3522=ORIENTED_EDGE('',*,*,#2743,.T.);
#3523=ORIENTED_EDGE('',*,*,#2490,.F.);
#3524=ORIENTED_EDGE('',*,*,#2744,.F.);
#3525=ORIENTED_EDGE('',*,*,#2696,.F.);
#3526=ORIENTED_EDGE('',*,*,#2744,.T.);
#3527=ORIENTED_EDGE('',*,*,#2489,.F.);
#3528=ORIENTED_EDGE('',*,*,#2745,.F.);
#3529=ORIENTED_EDGE('',*,*,#2693,.F.);
#3530=ORIENTED_EDGE('',*,*,#2745,.T.);
#3531=ORIENTED_EDGE('',*,*,#2488,.F.);
#3532=ORIENTED_EDGE('',*,*,#2746,.F.);
#3533=ORIENTED_EDGE('',*,*,#2694,.F.);
#3534=ORIENTED_EDGE('',*,*,#2746,.T.);
#3535=ORIENTED_EDGE('',*,*,#2491,.F.);
#3536=ORIENTED_EDGE('',*,*,#2743,.F.);
#3537=ORIENTED_EDGE('',*,*,#2699,.F.);
#3538=ORIENTED_EDGE('',*,*,#2747,.T.);
#3539=ORIENTED_EDGE('',*,*,#2494,.F.);
#3540=ORIENTED_EDGE('',*,*,#2748,.F.);
#3541=ORIENTED_EDGE('',*,*,#2700,.F.);
#3542=ORIENTED_EDGE('',*,*,#2748,.T.);
#3543=ORIENTED_EDGE('',*,*,#2493,.F.);
#3544=ORIENTED_EDGE('',*,*,#2749,.F.);
#3545=ORIENTED_EDGE('',*,*,#2697,.F.);
#3546=ORIENTED_EDGE('',*,*,#2749,.T.);
#3547=ORIENTED_EDGE('',*,*,#2492,.F.);
#3548=ORIENTED_EDGE('',*,*,#2750,.F.);
#3549=ORIENTED_EDGE('',*,*,#2698,.F.);
#3550=ORIENTED_EDGE('',*,*,#2750,.T.);
#3551=ORIENTED_EDGE('',*,*,#2495,.F.);
#3552=ORIENTED_EDGE('',*,*,#2747,.F.);
#3553=ORIENTED_EDGE('',*,*,#2703,.F.);
#3554=ORIENTED_EDGE('',*,*,#2751,.T.);
#3555=ORIENTED_EDGE('',*,*,#2498,.F.);
#3556=ORIENTED_EDGE('',*,*,#2752,.F.);
#3557=ORIENTED_EDGE('',*,*,#2704,.F.);
#3558=ORIENTED_EDGE('',*,*,#2752,.T.);
#3559=ORIENTED_EDGE('',*,*,#2497,.F.);
#3560=ORIENTED_EDGE('',*,*,#2753,.F.);
#3561=ORIENTED_EDGE('',*,*,#2701,.F.);
#3562=ORIENTED_EDGE('',*,*,#2753,.T.);
#3563=ORIENTED_EDGE('',*,*,#2496,.F.);
#3564=ORIENTED_EDGE('',*,*,#2754,.F.);
#3565=ORIENTED_EDGE('',*,*,#2702,.F.);
#3566=ORIENTED_EDGE('',*,*,#2754,.T.);
#3567=ORIENTED_EDGE('',*,*,#2499,.F.);
#3568=ORIENTED_EDGE('',*,*,#2751,.F.);
#3569=ORIENTED_EDGE('',*,*,#2707,.F.);
#3570=ORIENTED_EDGE('',*,*,#2755,.T.);
#3571=ORIENTED_EDGE('',*,*,#2502,.F.);
#3572=ORIENTED_EDGE('',*,*,#2756,.F.);
#3573=ORIENTED_EDGE('',*,*,#2708,.F.);
#3574=ORIENTED_EDGE('',*,*,#2756,.T.);
#3575=ORIENTED_EDGE('',*,*,#2501,.F.);
#3576=ORIENTED_EDGE('',*,*,#2757,.F.);
#3577=ORIENTED_EDGE('',*,*,#2705,.F.);
#3578=ORIENTED_EDGE('',*,*,#2757,.T.);
#3579=ORIENTED_EDGE('',*,*,#2500,.F.);
#3580=ORIENTED_EDGE('',*,*,#2758,.F.);
#3581=ORIENTED_EDGE('',*,*,#2706,.F.);
#3582=ORIENTED_EDGE('',*,*,#2758,.T.);
#3583=ORIENTED_EDGE('',*,*,#2503,.F.);
#3584=ORIENTED_EDGE('',*,*,#2755,.F.);
#3585=ORIENTED_EDGE('',*,*,#2711,.F.);
#3586=ORIENTED_EDGE('',*,*,#2759,.T.);
#3587=ORIENTED_EDGE('',*,*,#2506,.F.);
#3588=ORIENTED_EDGE('',*,*,#2760,.F.);
#3589=ORIENTED_EDGE('',*,*,#2712,.F.);
#3590=ORIENTED_EDGE('',*,*,#2760,.T.);
#3591=ORIENTED_EDGE('',*,*,#2505,.F.);
#3592=ORIENTED_EDGE('',*,*,#2761,.F.);
#3593=ORIENTED_EDGE('',*,*,#2709,.F.);
#3594=ORIENTED_EDGE('',*,*,#2761,.T.);
#3595=ORIENTED_EDGE('',*,*,#2504,.F.);
#3596=ORIENTED_EDGE('',*,*,#2762,.F.);
#3597=ORIENTED_EDGE('',*,*,#2710,.F.);
#3598=ORIENTED_EDGE('',*,*,#2762,.T.);
#3599=ORIENTED_EDGE('',*,*,#2507,.F.);
#3600=ORIENTED_EDGE('',*,*,#2759,.F.);
#3601=ORIENTED_EDGE('',*,*,#2715,.F.);
#3602=ORIENTED_EDGE('',*,*,#2763,.T.);
#3603=ORIENTED_EDGE('',*,*,#2510,.F.);
#3604=ORIENTED_EDGE('',*,*,#2764,.F.);
#3605=ORIENTED_EDGE('',*,*,#2716,.F.);
#3606=ORIENTED_EDGE('',*,*,#2764,.T.);
#3607=ORIENTED_EDGE('',*,*,#2509,.F.);
#3608=ORIENTED_EDGE('',*,*,#2765,.F.);
#3609=ORIENTED_EDGE('',*,*,#2713,.F.);
#3610=ORIENTED_EDGE('',*,*,#2765,.T.);
#3611=ORIENTED_EDGE('',*,*,#2508,.F.);
#3612=ORIENTED_EDGE('',*,*,#2766,.F.);
#3613=ORIENTED_EDGE('',*,*,#2714,.F.);
#3614=ORIENTED_EDGE('',*,*,#2766,.T.);
#3615=ORIENTED_EDGE('',*,*,#2511,.F.);
#3616=ORIENTED_EDGE('',*,*,#2763,.F.);
#3617=ORIENTED_EDGE('',*,*,#2719,.F.);
#3618=ORIENTED_EDGE('',*,*,#2767,.T.);
#3619=ORIENTED_EDGE('',*,*,#2514,.F.);
#3620=ORIENTED_EDGE('',*,*,#2768,.F.);
#3621=ORIENTED_EDGE('',*,*,#2720,.F.);
#3622=ORIENTED_EDGE('',*,*,#2768,.T.);
#3623=ORIENTED_EDGE('',*,*,#2513,.F.);
#3624=ORIENTED_EDGE('',*,*,#2769,.F.);
#3625=ORIENTED_EDGE('',*,*,#2717,.F.);
#3626=ORIENTED_EDGE('',*,*,#2769,.T.);
#3627=ORIENTED_EDGE('',*,*,#2512,.F.);
#3628=ORIENTED_EDGE('',*,*,#2770,.F.);
#3629=ORIENTED_EDGE('',*,*,#2718,.F.);
#3630=ORIENTED_EDGE('',*,*,#2770,.T.);
#3631=ORIENTED_EDGE('',*,*,#2515,.F.);
#3632=ORIENTED_EDGE('',*,*,#2767,.F.);
#3633=ORIENTED_EDGE('',*,*,#2728,.T.);
#3634=ORIENTED_EDGE('',*,*,#2771,.T.);
#3635=ORIENTED_EDGE('',*,*,#2626,.F.);
#3636=ORIENTED_EDGE('',*,*,#2771,.F.);
#3637=ORIENTED_EDGE('',*,*,#2727,.T.);
#3638=ORIENTED_EDGE('',*,*,#2772,.T.);
#3639=ORIENTED_EDGE('',*,*,#2625,.F.);
#3640=ORIENTED_EDGE('',*,*,#2772,.F.);
#3641=ORIENTED_EDGE('',*,*,#2726,.T.);
#3642=ORIENTED_EDGE('',*,*,#2773,.T.);
#3643=ORIENTED_EDGE('',*,*,#2624,.F.);
#3644=ORIENTED_EDGE('',*,*,#2773,.F.);
#3645=ORIENTED_EDGE('',*,*,#2725,.T.);
#3646=ORIENTED_EDGE('',*,*,#2774,.T.);
#3647=ORIENTED_EDGE('',*,*,#2623,.F.);
#3648=ORIENTED_EDGE('',*,*,#2774,.F.);
#3649=ORIENTED_EDGE('',*,*,#2611,.F.);
#3650=ORIENTED_EDGE('',*,*,#2775,.T.);
#3651=ORIENTED_EDGE('',*,*,#2776,.T.);
#3652=ORIENTED_EDGE('',*,*,#2777,.F.);
#3653=ORIENTED_EDGE('',*,*,#2622,.F.);
#3654=ORIENTED_EDGE('',*,*,#2778,.T.);
#3655=ORIENTED_EDGE('',*,*,#2779,.T.);
#3656=ORIENTED_EDGE('',*,*,#2775,.F.);
#3657=ORIENTED_EDGE('',*,*,#2621,.F.);
#3658=ORIENTED_EDGE('',*,*,#2780,.T.);
#3659=ORIENTED_EDGE('',*,*,#2781,.T.);
#3660=ORIENTED_EDGE('',*,*,#2778,.F.);
#3661=ORIENTED_EDGE('',*,*,#2620,.F.);
#3662=ORIENTED_EDGE('',*,*,#2782,.T.);
#3663=ORIENTED_EDGE('',*,*,#2783,.T.);
#3664=ORIENTED_EDGE('',*,*,#2780,.F.);
#3665=ORIENTED_EDGE('',*,*,#2619,.F.);
#3666=ORIENTED_EDGE('',*,*,#2784,.T.);
#3667=ORIENTED_EDGE('',*,*,#2785,.T.);
#3668=ORIENTED_EDGE('',*,*,#2782,.F.);
#3669=ORIENTED_EDGE('',*,*,#2618,.F.);
#3670=ORIENTED_EDGE('',*,*,#2786,.T.);
#3671=ORIENTED_EDGE('',*,*,#2787,.T.);
#3672=ORIENTED_EDGE('',*,*,#2784,.F.);
#3673=ORIENTED_EDGE('',*,*,#2617,.F.);
#3674=ORIENTED_EDGE('',*,*,#2788,.T.);
#3675=ORIENTED_EDGE('',*,*,#2789,.T.);
#3676=ORIENTED_EDGE('',*,*,#2786,.F.);
#3677=ORIENTED_EDGE('',*,*,#2616,.F.);
#3678=ORIENTED_EDGE('',*,*,#2790,.T.);
#3679=ORIENTED_EDGE('',*,*,#2791,.T.);
#3680=ORIENTED_EDGE('',*,*,#2788,.F.);
#3681=ORIENTED_EDGE('',*,*,#2615,.F.);
#3682=ORIENTED_EDGE('',*,*,#2792,.T.);
#3683=ORIENTED_EDGE('',*,*,#2793,.T.);
#3684=ORIENTED_EDGE('',*,*,#2790,.F.);
#3685=ORIENTED_EDGE('',*,*,#2614,.F.);
#3686=ORIENTED_EDGE('',*,*,#2794,.T.);
#3687=ORIENTED_EDGE('',*,*,#2795,.T.);
#3688=ORIENTED_EDGE('',*,*,#2792,.F.);
#3689=ORIENTED_EDGE('',*,*,#2613,.F.);
#3690=ORIENTED_EDGE('',*,*,#2796,.T.);
#3691=ORIENTED_EDGE('',*,*,#2797,.T.);
#3692=ORIENTED_EDGE('',*,*,#2794,.F.);
#3693=ORIENTED_EDGE('',*,*,#2612,.F.);
#3694=ORIENTED_EDGE('',*,*,#2777,.T.);
#3695=ORIENTED_EDGE('',*,*,#2798,.T.);
#3696=ORIENTED_EDGE('',*,*,#2796,.F.);
#3697=ORIENTED_EDGE('',*,*,#2798,.F.);
#3698=ORIENTED_EDGE('',*,*,#2776,.F.);
#3699=ORIENTED_EDGE('',*,*,#2779,.F.);
#3700=ORIENTED_EDGE('',*,*,#2781,.F.);
#3701=ORIENTED_EDGE('',*,*,#2783,.F.);
#3702=ORIENTED_EDGE('',*,*,#2785,.F.);
#3703=ORIENTED_EDGE('',*,*,#2787,.F.);
#3704=ORIENTED_EDGE('',*,*,#2789,.F.);
#3705=ORIENTED_EDGE('',*,*,#2791,.F.);
#3706=ORIENTED_EDGE('',*,*,#2793,.F.);
#3707=ORIENTED_EDGE('',*,*,#2795,.F.);
#3708=ORIENTED_EDGE('',*,*,#2797,.F.);
#3709=ORIENTED_EDGE('',*,*,#2599,.F.);
#3710=ORIENTED_EDGE('',*,*,#2799,.T.);
#3711=ORIENTED_EDGE('',*,*,#2800,.T.);
#3712=ORIENTED_EDGE('',*,*,#2801,.F.);
#3713=ORIENTED_EDGE('',*,*,#2610,.F.);
#3714=ORIENTED_EDGE('',*,*,#2802,.T.);
#3715=ORIENTED_EDGE('',*,*,#2803,.T.);
#3716=ORIENTED_EDGE('',*,*,#2799,.F.);
#3717=ORIENTED_EDGE('',*,*,#2609,.F.);
#3718=ORIENTED_EDGE('',*,*,#2804,.T.);
#3719=ORIENTED_EDGE('',*,*,#2805,.T.);
#3720=ORIENTED_EDGE('',*,*,#2802,.F.);
#3721=ORIENTED_EDGE('',*,*,#2608,.F.);
#3722=ORIENTED_EDGE('',*,*,#2806,.T.);
#3723=ORIENTED_EDGE('',*,*,#2807,.T.);
#3724=ORIENTED_EDGE('',*,*,#2804,.F.);
#3725=ORIENTED_EDGE('',*,*,#2607,.F.);
#3726=ORIENTED_EDGE('',*,*,#2808,.T.);
#3727=ORIENTED_EDGE('',*,*,#2809,.T.);
#3728=ORIENTED_EDGE('',*,*,#2806,.F.);
#3729=ORIENTED_EDGE('',*,*,#2606,.F.);
#3730=ORIENTED_EDGE('',*,*,#2810,.T.);
#3731=ORIENTED_EDGE('',*,*,#2811,.T.);
#3732=ORIENTED_EDGE('',*,*,#2808,.F.);
#3733=ORIENTED_EDGE('',*,*,#2605,.F.);
#3734=ORIENTED_EDGE('',*,*,#2812,.T.);
#3735=ORIENTED_EDGE('',*,*,#2813,.T.);
#3736=ORIENTED_EDGE('',*,*,#2810,.F.);
#3737=ORIENTED_EDGE('',*,*,#2604,.F.);
#3738=ORIENTED_EDGE('',*,*,#2814,.T.);
#3739=ORIENTED_EDGE('',*,*,#2815,.T.);
#3740=ORIENTED_EDGE('',*,*,#2812,.F.);
#3741=ORIENTED_EDGE('',*,*,#2603,.F.);
#3742=ORIENTED_EDGE('',*,*,#2816,.T.);
#3743=ORIENTED_EDGE('',*,*,#2817,.T.);
#3744=ORIENTED_EDGE('',*,*,#2814,.F.);
#3745=ORIENTED_EDGE('',*,*,#2602,.F.);
#3746=ORIENTED_EDGE('',*,*,#2818,.T.);
#3747=ORIENTED_EDGE('',*,*,#2819,.T.);
#3748=ORIENTED_EDGE('',*,*,#2816,.F.);
#3749=ORIENTED_EDGE('',*,*,#2601,.F.);
#3750=ORIENTED_EDGE('',*,*,#2820,.T.);
#3751=ORIENTED_EDGE('',*,*,#2821,.T.);
#3752=ORIENTED_EDGE('',*,*,#2818,.F.);
#3753=ORIENTED_EDGE('',*,*,#2600,.F.);
#3754=ORIENTED_EDGE('',*,*,#2801,.T.);
#3755=ORIENTED_EDGE('',*,*,#2822,.T.);
#3756=ORIENTED_EDGE('',*,*,#2820,.F.);
#3757=ORIENTED_EDGE('',*,*,#2822,.F.);
#3758=ORIENTED_EDGE('',*,*,#2800,.F.);
#3759=ORIENTED_EDGE('',*,*,#2803,.F.);
#3760=ORIENTED_EDGE('',*,*,#2805,.F.);
#3761=ORIENTED_EDGE('',*,*,#2807,.F.);
#3762=ORIENTED_EDGE('',*,*,#2809,.F.);
#3763=ORIENTED_EDGE('',*,*,#2811,.F.);
#3764=ORIENTED_EDGE('',*,*,#2813,.F.);
#3765=ORIENTED_EDGE('',*,*,#2815,.F.);
#3766=ORIENTED_EDGE('',*,*,#2817,.F.);
#3767=ORIENTED_EDGE('',*,*,#2819,.F.);
#3768=ORIENTED_EDGE('',*,*,#2821,.F.);
#3769=ORIENTED_EDGE('',*,*,#2587,.F.);
#3770=ORIENTED_EDGE('',*,*,#2823,.T.);
#3771=ORIENTED_EDGE('',*,*,#2824,.T.);
#3772=ORIENTED_EDGE('',*,*,#2825,.F.);
#3773=ORIENTED_EDGE('',*,*,#2598,.F.);
#3774=ORIENTED_EDGE('',*,*,#2826,.T.);
#3775=ORIENTED_EDGE('',*,*,#2827,.T.);
#3776=ORIENTED_EDGE('',*,*,#2823,.F.);
#3777=ORIENTED_EDGE('',*,*,#2597,.F.);
#3778=ORIENTED_EDGE('',*,*,#2828,.T.);
#3779=ORIENTED_EDGE('',*,*,#2829,.T.);
#3780=ORIENTED_EDGE('',*,*,#2826,.F.);
#3781=ORIENTED_EDGE('',*,*,#2596,.F.);
#3782=ORIENTED_EDGE('',*,*,#2830,.T.);
#3783=ORIENTED_EDGE('',*,*,#2831,.T.);
#3784=ORIENTED_EDGE('',*,*,#2828,.F.);
#3785=ORIENTED_EDGE('',*,*,#2595,.F.);
#3786=ORIENTED_EDGE('',*,*,#2832,.T.);
#3787=ORIENTED_EDGE('',*,*,#2833,.T.);
#3788=ORIENTED_EDGE('',*,*,#2830,.F.);
#3789=ORIENTED_EDGE('',*,*,#2594,.F.);
#3790=ORIENTED_EDGE('',*,*,#2834,.T.);
#3791=ORIENTED_EDGE('',*,*,#2835,.T.);
#3792=ORIENTED_EDGE('',*,*,#2832,.F.);
#3793=ORIENTED_EDGE('',*,*,#2593,.F.);
#3794=ORIENTED_EDGE('',*,*,#2836,.T.);
#3795=ORIENTED_EDGE('',*,*,#2837,.T.);
#3796=ORIENTED_EDGE('',*,*,#2834,.F.);
#3797=ORIENTED_EDGE('',*,*,#2592,.F.);
#3798=ORIENTED_EDGE('',*,*,#2838,.T.);
#3799=ORIENTED_EDGE('',*,*,#2839,.T.);
#3800=ORIENTED_EDGE('',*,*,#2836,.F.);
#3801=ORIENTED_EDGE('',*,*,#2591,.F.);
#3802=ORIENTED_EDGE('',*,*,#2840,.T.);
#3803=ORIENTED_EDGE('',*,*,#2841,.T.);
#3804=ORIENTED_EDGE('',*,*,#2838,.F.);
#3805=ORIENTED_EDGE('',*,*,#2590,.F.);
#3806=ORIENTED_EDGE('',*,*,#2842,.T.);
#3807=ORIENTED_EDGE('',*,*,#2843,.T.);
#3808=ORIENTED_EDGE('',*,*,#2840,.F.);
#3809=ORIENTED_EDGE('',*,*,#2589,.F.);
#3810=ORIENTED_EDGE('',*,*,#2844,.T.);
#3811=ORIENTED_EDGE('',*,*,#2845,.T.);
#3812=ORIENTED_EDGE('',*,*,#2842,.F.);
#3813=ORIENTED_EDGE('',*,*,#2588,.F.);
#3814=ORIENTED_EDGE('',*,*,#2825,.T.);
#3815=ORIENTED_EDGE('',*,*,#2846,.T.);
#3816=ORIENTED_EDGE('',*,*,#2844,.F.);
#3817=ORIENTED_EDGE('',*,*,#2846,.F.);
#3818=ORIENTED_EDGE('',*,*,#2824,.F.);
#3819=ORIENTED_EDGE('',*,*,#2827,.F.);
#3820=ORIENTED_EDGE('',*,*,#2829,.F.);
#3821=ORIENTED_EDGE('',*,*,#2831,.F.);
#3822=ORIENTED_EDGE('',*,*,#2833,.F.);
#3823=ORIENTED_EDGE('',*,*,#2835,.F.);
#3824=ORIENTED_EDGE('',*,*,#2837,.F.);
#3825=ORIENTED_EDGE('',*,*,#2839,.F.);
#3826=ORIENTED_EDGE('',*,*,#2841,.F.);
#3827=ORIENTED_EDGE('',*,*,#2843,.F.);
#3828=ORIENTED_EDGE('',*,*,#2845,.F.);
#3829=ORIENTED_EDGE('',*,*,#2581,.F.);
#3830=ORIENTED_EDGE('',*,*,#2847,.T.);
#3831=ORIENTED_EDGE('',*,*,#2848,.T.);
#3832=ORIENTED_EDGE('',*,*,#2849,.F.);
#3833=ORIENTED_EDGE('',*,*,#2586,.F.);
#3834=ORIENTED_EDGE('',*,*,#2850,.T.);
#3835=ORIENTED_EDGE('',*,*,#2851,.T.);
#3836=ORIENTED_EDGE('',*,*,#2847,.F.);
#3837=ORIENTED_EDGE('',*,*,#2585,.F.);
#3838=ORIENTED_EDGE('',*,*,#2852,.T.);
#3839=ORIENTED_EDGE('',*,*,#2853,.T.);
#3840=ORIENTED_EDGE('',*,*,#2850,.F.);
#3841=ORIENTED_EDGE('',*,*,#2584,.F.);
#3842=ORIENTED_EDGE('',*,*,#2854,.T.);
#3843=ORIENTED_EDGE('',*,*,#2855,.T.);
#3844=ORIENTED_EDGE('',*,*,#2852,.F.);
#3845=ORIENTED_EDGE('',*,*,#2583,.F.);
#3846=ORIENTED_EDGE('',*,*,#2856,.T.);
#3847=ORIENTED_EDGE('',*,*,#2857,.T.);
#3848=ORIENTED_EDGE('',*,*,#2854,.F.);
#3849=ORIENTED_EDGE('',*,*,#2582,.F.);
#3850=ORIENTED_EDGE('',*,*,#2849,.T.);
#3851=ORIENTED_EDGE('',*,*,#2858,.T.);
#3852=ORIENTED_EDGE('',*,*,#2856,.F.);
#3853=ORIENTED_EDGE('',*,*,#2858,.F.);
#3854=ORIENTED_EDGE('',*,*,#2848,.F.);
#3855=ORIENTED_EDGE('',*,*,#2851,.F.);
#3856=ORIENTED_EDGE('',*,*,#2853,.F.);
#3857=ORIENTED_EDGE('',*,*,#2855,.F.);
#3858=ORIENTED_EDGE('',*,*,#2857,.F.);
#3859=ORIENTED_EDGE('',*,*,#2577,.F.);
#3860=ORIENTED_EDGE('',*,*,#2859,.T.);
#3861=ORIENTED_EDGE('',*,*,#2860,.T.);
#3862=ORIENTED_EDGE('',*,*,#2861,.F.);
#3863=ORIENTED_EDGE('',*,*,#2580,.F.);
#3864=ORIENTED_EDGE('',*,*,#2862,.T.);
#3865=ORIENTED_EDGE('',*,*,#2863,.T.);
#3866=ORIENTED_EDGE('',*,*,#2859,.F.);
#3867=ORIENTED_EDGE('',*,*,#2579,.F.);
#3868=ORIENTED_EDGE('',*,*,#2864,.T.);
#3869=ORIENTED_EDGE('',*,*,#2865,.T.);
#3870=ORIENTED_EDGE('',*,*,#2862,.F.);
#3871=ORIENTED_EDGE('',*,*,#2578,.F.);
#3872=ORIENTED_EDGE('',*,*,#2861,.T.);
#3873=ORIENTED_EDGE('',*,*,#2866,.T.);
#3874=ORIENTED_EDGE('',*,*,#2864,.F.);
#3875=ORIENTED_EDGE('',*,*,#2866,.F.);
#3876=ORIENTED_EDGE('',*,*,#2860,.F.);
#3877=ORIENTED_EDGE('',*,*,#2863,.F.);
#3878=ORIENTED_EDGE('',*,*,#2865,.F.);
#3879=ORIENTED_EDGE('',*,*,#2571,.F.);
#3880=ORIENTED_EDGE('',*,*,#2867,.T.);
#3881=ORIENTED_EDGE('',*,*,#2868,.T.);
#3882=ORIENTED_EDGE('',*,*,#2869,.F.);
#3883=ORIENTED_EDGE('',*,*,#2576,.F.);
#3884=ORIENTED_EDGE('',*,*,#2870,.T.);
#3885=ORIENTED_EDGE('',*,*,#2871,.T.);
#3886=ORIENTED_EDGE('',*,*,#2867,.F.);
#3887=ORIENTED_EDGE('',*,*,#2575,.F.);
#3888=ORIENTED_EDGE('',*,*,#2872,.T.);
#3889=ORIENTED_EDGE('',*,*,#2873,.T.);
#3890=ORIENTED_EDGE('',*,*,#2870,.F.);
#3891=ORIENTED_EDGE('',*,*,#2574,.F.);
#3892=ORIENTED_EDGE('',*,*,#2874,.T.);
#3893=ORIENTED_EDGE('',*,*,#2875,.T.);
#3894=ORIENTED_EDGE('',*,*,#2872,.F.);
#3895=ORIENTED_EDGE('',*,*,#2573,.F.);
#3896=ORIENTED_EDGE('',*,*,#2876,.T.);
#3897=ORIENTED_EDGE('',*,*,#2877,.T.);
#3898=ORIENTED_EDGE('',*,*,#2874,.F.);
#3899=ORIENTED_EDGE('',*,*,#2572,.F.);
#3900=ORIENTED_EDGE('',*,*,#2869,.T.);
#3901=ORIENTED_EDGE('',*,*,#2878,.T.);
#3902=ORIENTED_EDGE('',*,*,#2876,.F.);
#3903=ORIENTED_EDGE('',*,*,#2878,.F.);
#3904=ORIENTED_EDGE('',*,*,#2868,.F.);
#3905=ORIENTED_EDGE('',*,*,#2871,.F.);
#3906=ORIENTED_EDGE('',*,*,#2873,.F.);
#3907=ORIENTED_EDGE('',*,*,#2875,.F.);
#3908=ORIENTED_EDGE('',*,*,#2877,.F.);
#3909=ORIENTED_EDGE('',*,*,#2879,.F.);
#3910=ORIENTED_EDGE('',*,*,#2880,.T.);
#3911=ORIENTED_EDGE('',*,*,#2881,.T.);
#3912=ORIENTED_EDGE('',*,*,#2882,.F.);
#3913=ORIENTED_EDGE('',*,*,#2883,.F.);
#3914=ORIENTED_EDGE('',*,*,#2884,.T.);
#3915=ORIENTED_EDGE('',*,*,#2885,.T.);
#3916=ORIENTED_EDGE('',*,*,#2880,.F.);
#3917=ORIENTED_EDGE('',*,*,#2886,.F.);
#3918=ORIENTED_EDGE('',*,*,#2887,.T.);
#3919=ORIENTED_EDGE('',*,*,#2888,.T.);
#3920=ORIENTED_EDGE('',*,*,#2884,.F.);
#3921=ORIENTED_EDGE('',*,*,#2889,.F.);
#3922=ORIENTED_EDGE('',*,*,#2890,.T.);
#3923=ORIENTED_EDGE('',*,*,#2891,.T.);
#3924=ORIENTED_EDGE('',*,*,#2887,.F.);
#3925=ORIENTED_EDGE('',*,*,#2892,.F.);
#3926=ORIENTED_EDGE('',*,*,#2893,.T.);
#3927=ORIENTED_EDGE('',*,*,#2894,.T.);
#3928=ORIENTED_EDGE('',*,*,#2890,.F.);
#3929=ORIENTED_EDGE('',*,*,#2895,.F.);
#3930=ORIENTED_EDGE('',*,*,#2896,.T.);
#3931=ORIENTED_EDGE('',*,*,#2897,.T.);
#3932=ORIENTED_EDGE('',*,*,#2893,.F.);
#3933=ORIENTED_EDGE('',*,*,#2898,.F.);
#3934=ORIENTED_EDGE('',*,*,#2882,.T.);
#3935=ORIENTED_EDGE('',*,*,#2899,.T.);
#3936=ORIENTED_EDGE('',*,*,#2896,.F.);
#3937=ORIENTED_EDGE('',*,*,#2900,.F.);
#3938=ORIENTED_EDGE('',*,*,#2901,.T.);
#3939=ORIENTED_EDGE('',*,*,#2902,.T.);
#3940=ORIENTED_EDGE('',*,*,#2903,.F.);
#3941=ORIENTED_EDGE('',*,*,#2904,.F.);
#3942=ORIENTED_EDGE('',*,*,#2905,.T.);
#3943=ORIENTED_EDGE('',*,*,#2906,.T.);
#3944=ORIENTED_EDGE('',*,*,#2901,.F.);
#3945=ORIENTED_EDGE('',*,*,#2907,.F.);
#3946=ORIENTED_EDGE('',*,*,#2908,.T.);
#3947=ORIENTED_EDGE('',*,*,#2909,.T.);
#3948=ORIENTED_EDGE('',*,*,#2905,.F.);
#3949=ORIENTED_EDGE('',*,*,#2910,.F.);
#3950=ORIENTED_EDGE('',*,*,#2911,.T.);
#3951=ORIENTED_EDGE('',*,*,#2912,.T.);
#3952=ORIENTED_EDGE('',*,*,#2908,.F.);
#3953=ORIENTED_EDGE('',*,*,#2913,.F.);
#3954=ORIENTED_EDGE('',*,*,#2914,.T.);
#3955=ORIENTED_EDGE('',*,*,#2915,.T.);
#3956=ORIENTED_EDGE('',*,*,#2911,.F.);
#3957=ORIENTED_EDGE('',*,*,#2916,.F.);
#3958=ORIENTED_EDGE('',*,*,#2917,.T.);
#3959=ORIENTED_EDGE('',*,*,#2918,.T.);
#3960=ORIENTED_EDGE('',*,*,#2914,.F.);
#3961=ORIENTED_EDGE('',*,*,#2919,.F.);
#3962=ORIENTED_EDGE('',*,*,#2903,.T.);
#3963=ORIENTED_EDGE('',*,*,#2920,.T.);
#3964=ORIENTED_EDGE('',*,*,#2917,.F.);
#3965=ORIENTED_EDGE('',*,*,#2558,.F.);
#3966=ORIENTED_EDGE('',*,*,#2921,.T.);
#3967=ORIENTED_EDGE('',*,*,#2922,.T.);
#3968=ORIENTED_EDGE('',*,*,#2923,.F.);
#3969=ORIENTED_EDGE('',*,*,#2570,.F.);
#3970=ORIENTED_EDGE('',*,*,#2924,.T.);
#3971=ORIENTED_EDGE('',*,*,#2925,.T.);
#3972=ORIENTED_EDGE('',*,*,#2921,.F.);
#3973=ORIENTED_EDGE('',*,*,#2569,.F.);
#3974=ORIENTED_EDGE('',*,*,#2926,.T.);
#3975=ORIENTED_EDGE('',*,*,#2927,.T.);
#3976=ORIENTED_EDGE('',*,*,#2924,.F.);
#3977=ORIENTED_EDGE('',*,*,#2568,.F.);
#3978=ORIENTED_EDGE('',*,*,#2928,.T.);
#3979=ORIENTED_EDGE('',*,*,#2929,.T.);
#3980=ORIENTED_EDGE('',*,*,#2926,.F.);
#3981=ORIENTED_EDGE('',*,*,#2567,.F.);
#3982=ORIENTED_EDGE('',*,*,#2930,.T.);
#3983=ORIENTED_EDGE('',*,*,#2931,.T.);
#3984=ORIENTED_EDGE('',*,*,#2928,.F.);
#3985=ORIENTED_EDGE('',*,*,#2566,.F.);
#3986=ORIENTED_EDGE('',*,*,#2932,.T.);
#3987=ORIENTED_EDGE('',*,*,#2933,.T.);
#3988=ORIENTED_EDGE('',*,*,#2930,.F.);
#3989=ORIENTED_EDGE('',*,*,#2565,.F.);
#3990=ORIENTED_EDGE('',*,*,#2934,.T.);
#3991=ORIENTED_EDGE('',*,*,#2935,.T.);
#3992=ORIENTED_EDGE('',*,*,#2932,.F.);
#3993=ORIENTED_EDGE('',*,*,#2564,.F.);
#3994=ORIENTED_EDGE('',*,*,#2936,.T.);
#3995=ORIENTED_EDGE('',*,*,#2937,.T.);
#3996=ORIENTED_EDGE('',*,*,#2934,.F.);
#3997=ORIENTED_EDGE('',*,*,#2563,.F.);
#3998=ORIENTED_EDGE('',*,*,#2938,.T.);
#3999=ORIENTED_EDGE('',*,*,#2939,.T.);
#4000=ORIENTED_EDGE('',*,*,#2936,.F.);
#4001=ORIENTED_EDGE('',*,*,#2562,.F.);
#4002=ORIENTED_EDGE('',*,*,#2940,.T.);
#4003=ORIENTED_EDGE('',*,*,#2941,.T.);
#4004=ORIENTED_EDGE('',*,*,#2938,.F.);
#4005=ORIENTED_EDGE('',*,*,#2561,.F.);
#4006=ORIENTED_EDGE('',*,*,#2942,.T.);
#4007=ORIENTED_EDGE('',*,*,#2943,.T.);
#4008=ORIENTED_EDGE('',*,*,#2940,.F.);
#4009=ORIENTED_EDGE('',*,*,#2560,.F.);
#4010=ORIENTED_EDGE('',*,*,#2944,.T.);
#4011=ORIENTED_EDGE('',*,*,#2945,.T.);
#4012=ORIENTED_EDGE('',*,*,#2942,.F.);
#4013=ORIENTED_EDGE('',*,*,#2559,.F.);
#4014=ORIENTED_EDGE('',*,*,#2923,.T.);
#4015=ORIENTED_EDGE('',*,*,#2946,.T.);
#4016=ORIENTED_EDGE('',*,*,#2944,.F.);
#4017=ORIENTED_EDGE('',*,*,#2946,.F.);
#4018=ORIENTED_EDGE('',*,*,#2922,.F.);
#4019=ORIENTED_EDGE('',*,*,#2925,.F.);
#4020=ORIENTED_EDGE('',*,*,#2927,.F.);
#4021=ORIENTED_EDGE('',*,*,#2929,.F.);
#4022=ORIENTED_EDGE('',*,*,#2931,.F.);
#4023=ORIENTED_EDGE('',*,*,#2933,.F.);
#4024=ORIENTED_EDGE('',*,*,#2935,.F.);
#4025=ORIENTED_EDGE('',*,*,#2937,.F.);
#4026=ORIENTED_EDGE('',*,*,#2939,.F.);
#4027=ORIENTED_EDGE('',*,*,#2941,.F.);
#4028=ORIENTED_EDGE('',*,*,#2943,.F.);
#4029=ORIENTED_EDGE('',*,*,#2945,.F.);
#4030=ORIENTED_EDGE('',*,*,#2920,.F.);
#4031=ORIENTED_EDGE('',*,*,#2902,.F.);
#4032=ORIENTED_EDGE('',*,*,#2906,.F.);
#4033=ORIENTED_EDGE('',*,*,#2909,.F.);
#4034=ORIENTED_EDGE('',*,*,#2912,.F.);
#4035=ORIENTED_EDGE('',*,*,#2915,.F.);
#4036=ORIENTED_EDGE('',*,*,#2918,.F.);
#4037=ORIENTED_EDGE('',*,*,#2899,.F.);
#4038=ORIENTED_EDGE('',*,*,#2881,.F.);
#4039=ORIENTED_EDGE('',*,*,#2885,.F.);
#4040=ORIENTED_EDGE('',*,*,#2888,.F.);
#4041=ORIENTED_EDGE('',*,*,#2891,.F.);
#4042=ORIENTED_EDGE('',*,*,#2894,.F.);
#4043=ORIENTED_EDGE('',*,*,#2897,.F.);
#4044=ORIENTED_EDGE('',*,*,#2900,.T.);
#4045=ORIENTED_EDGE('',*,*,#2919,.T.);
#4046=ORIENTED_EDGE('',*,*,#2916,.T.);
#4047=ORIENTED_EDGE('',*,*,#2913,.T.);
#4048=ORIENTED_EDGE('',*,*,#2910,.T.);
#4049=ORIENTED_EDGE('',*,*,#2907,.T.);
#4050=ORIENTED_EDGE('',*,*,#2904,.T.);
#4051=ORIENTED_EDGE('',*,*,#2947,.F.);
#4052=ORIENTED_EDGE('',*,*,#2948,.T.);
#4053=ORIENTED_EDGE('',*,*,#2949,.T.);
#4054=ORIENTED_EDGE('',*,*,#2950,.F.);
#4055=ORIENTED_EDGE('',*,*,#2951,.F.);
#4056=ORIENTED_EDGE('',*,*,#2950,.T.);
#4057=ORIENTED_EDGE('',*,*,#2952,.T.);
#4058=ORIENTED_EDGE('',*,*,#2953,.F.);
#4059=ORIENTED_EDGE('',*,*,#2954,.F.);
#4060=ORIENTED_EDGE('',*,*,#2953,.T.);
#4061=ORIENTED_EDGE('',*,*,#2955,.T.);
#4062=ORIENTED_EDGE('',*,*,#2956,.F.);
#4063=ORIENTED_EDGE('',*,*,#2957,.F.);
#4064=ORIENTED_EDGE('',*,*,#2956,.T.);
#4065=ORIENTED_EDGE('',*,*,#2958,.T.);
#4066=ORIENTED_EDGE('',*,*,#2959,.F.);
#4067=ORIENTED_EDGE('',*,*,#2960,.F.);
#4068=ORIENTED_EDGE('',*,*,#2959,.T.);
#4069=ORIENTED_EDGE('',*,*,#2961,.T.);
#4070=ORIENTED_EDGE('',*,*,#2962,.F.);
#4071=ORIENTED_EDGE('',*,*,#2963,.F.);
#4072=ORIENTED_EDGE('',*,*,#2962,.T.);
#4073=ORIENTED_EDGE('',*,*,#2964,.T.);
#4074=ORIENTED_EDGE('',*,*,#2965,.F.);
#4075=ORIENTED_EDGE('',*,*,#2966,.F.);
#4076=ORIENTED_EDGE('',*,*,#2965,.T.);
#4077=ORIENTED_EDGE('',*,*,#2967,.T.);
#4078=ORIENTED_EDGE('',*,*,#2968,.F.);
#4079=ORIENTED_EDGE('',*,*,#2969,.F.);
#4080=ORIENTED_EDGE('',*,*,#2968,.T.);
#4081=ORIENTED_EDGE('',*,*,#2970,.T.);
#4082=ORIENTED_EDGE('',*,*,#2971,.F.);
#4083=ORIENTED_EDGE('',*,*,#2972,.F.);
#4084=ORIENTED_EDGE('',*,*,#2971,.T.);
#4085=ORIENTED_EDGE('',*,*,#2973,.T.);
#4086=ORIENTED_EDGE('',*,*,#2974,.F.);
#4087=ORIENTED_EDGE('',*,*,#2975,.F.);
#4088=ORIENTED_EDGE('',*,*,#2974,.T.);
#4089=ORIENTED_EDGE('',*,*,#2976,.T.);
#4090=ORIENTED_EDGE('',*,*,#2977,.F.);
#4091=ORIENTED_EDGE('',*,*,#2978,.F.);
#4092=ORIENTED_EDGE('',*,*,#2977,.T.);
#4093=ORIENTED_EDGE('',*,*,#2979,.T.);
#4094=ORIENTED_EDGE('',*,*,#2980,.F.);
#4095=ORIENTED_EDGE('',*,*,#2531,.F.);
#4096=ORIENTED_EDGE('',*,*,#2981,.T.);
#4097=ORIENTED_EDGE('',*,*,#2982,.T.);
#4098=ORIENTED_EDGE('',*,*,#2983,.F.);
#4099=ORIENTED_EDGE('',*,*,#2532,.F.);
#4100=ORIENTED_EDGE('',*,*,#2983,.T.);
#4101=ORIENTED_EDGE('',*,*,#2984,.T.);
#4102=ORIENTED_EDGE('',*,*,#2985,.F.);
#4103=ORIENTED_EDGE('',*,*,#2533,.F.);
#4104=ORIENTED_EDGE('',*,*,#2985,.T.);
#4105=ORIENTED_EDGE('',*,*,#2986,.T.);
#4106=ORIENTED_EDGE('',*,*,#2987,.F.);
#4107=ORIENTED_EDGE('',*,*,#2534,.F.);
#4108=ORIENTED_EDGE('',*,*,#2987,.T.);
#4109=ORIENTED_EDGE('',*,*,#2988,.T.);
#4110=ORIENTED_EDGE('',*,*,#2989,.F.);
#4111=ORIENTED_EDGE('',*,*,#2535,.F.);
#4112=ORIENTED_EDGE('',*,*,#2989,.T.);
#4113=ORIENTED_EDGE('',*,*,#2990,.T.);
#4114=ORIENTED_EDGE('',*,*,#2991,.F.);
#4115=ORIENTED_EDGE('',*,*,#2536,.F.);
#4116=ORIENTED_EDGE('',*,*,#2991,.T.);
#4117=ORIENTED_EDGE('',*,*,#2992,.T.);
#4118=ORIENTED_EDGE('',*,*,#2993,.F.);
#4119=ORIENTED_EDGE('',*,*,#2537,.F.);
#4120=ORIENTED_EDGE('',*,*,#2993,.T.);
#4121=ORIENTED_EDGE('',*,*,#2994,.T.);
#4122=ORIENTED_EDGE('',*,*,#2995,.F.);
#4123=ORIENTED_EDGE('',*,*,#2538,.F.);
#4124=ORIENTED_EDGE('',*,*,#2995,.T.);
#4125=ORIENTED_EDGE('',*,*,#2996,.T.);
#4126=ORIENTED_EDGE('',*,*,#2997,.F.);
#4127=ORIENTED_EDGE('',*,*,#2539,.F.);
#4128=ORIENTED_EDGE('',*,*,#2997,.T.);
#4129=ORIENTED_EDGE('',*,*,#2998,.T.);
#4130=ORIENTED_EDGE('',*,*,#2999,.F.);
#4131=ORIENTED_EDGE('',*,*,#2540,.F.);
#4132=ORIENTED_EDGE('',*,*,#2999,.T.);
#4133=ORIENTED_EDGE('',*,*,#3000,.T.);
#4134=ORIENTED_EDGE('',*,*,#3001,.F.);
#4135=ORIENTED_EDGE('',*,*,#2541,.F.);
#4136=ORIENTED_EDGE('',*,*,#3001,.T.);
#4137=ORIENTED_EDGE('',*,*,#3002,.T.);
#4138=ORIENTED_EDGE('',*,*,#3003,.F.);
#4139=ORIENTED_EDGE('',*,*,#2542,.F.);
#4140=ORIENTED_EDGE('',*,*,#3003,.T.);
#4141=ORIENTED_EDGE('',*,*,#3004,.T.);
#4142=ORIENTED_EDGE('',*,*,#3005,.F.);
#4143=ORIENTED_EDGE('',*,*,#2543,.F.);
#4144=ORIENTED_EDGE('',*,*,#3005,.T.);
#4145=ORIENTED_EDGE('',*,*,#3006,.T.);
#4146=ORIENTED_EDGE('',*,*,#3007,.F.);
#4147=ORIENTED_EDGE('',*,*,#2544,.F.);
#4148=ORIENTED_EDGE('',*,*,#3007,.T.);
#4149=ORIENTED_EDGE('',*,*,#3008,.T.);
#4150=ORIENTED_EDGE('',*,*,#3009,.F.);
#4151=ORIENTED_EDGE('',*,*,#2545,.F.);
#4152=ORIENTED_EDGE('',*,*,#3009,.T.);
#4153=ORIENTED_EDGE('',*,*,#3010,.T.);
#4154=ORIENTED_EDGE('',*,*,#3011,.F.);
#4155=ORIENTED_EDGE('',*,*,#3012,.F.);
#4156=ORIENTED_EDGE('',*,*,#3013,.T.);
#4157=ORIENTED_EDGE('',*,*,#3014,.T.);
#4158=ORIENTED_EDGE('',*,*,#2948,.F.);
#4159=ORIENTED_EDGE('',*,*,#3015,.F.);
#4160=ORIENTED_EDGE('',*,*,#3016,.T.);
#4161=ORIENTED_EDGE('',*,*,#3017,.T.);
#4162=ORIENTED_EDGE('',*,*,#3013,.F.);
#4163=ORIENTED_EDGE('',*,*,#3018,.F.);
#4164=ORIENTED_EDGE('',*,*,#3019,.T.);
#4165=ORIENTED_EDGE('',*,*,#3020,.T.);
#4166=ORIENTED_EDGE('',*,*,#3016,.F.);
#4167=ORIENTED_EDGE('',*,*,#3021,.F.);
#4168=ORIENTED_EDGE('',*,*,#3022,.T.);
#4169=ORIENTED_EDGE('',*,*,#3023,.T.);
#4170=ORIENTED_EDGE('',*,*,#3019,.F.);
#4171=ORIENTED_EDGE('',*,*,#3024,.F.);
#4172=ORIENTED_EDGE('',*,*,#3025,.T.);
#4173=ORIENTED_EDGE('',*,*,#3026,.T.);
#4174=ORIENTED_EDGE('',*,*,#3022,.F.);
#4175=ORIENTED_EDGE('',*,*,#3027,.F.);
#4176=ORIENTED_EDGE('',*,*,#3028,.T.);
#4177=ORIENTED_EDGE('',*,*,#3029,.T.);
#4178=ORIENTED_EDGE('',*,*,#3025,.F.);
#4179=ORIENTED_EDGE('',*,*,#3030,.F.);
#4180=ORIENTED_EDGE('',*,*,#3031,.T.);
#4181=ORIENTED_EDGE('',*,*,#3032,.T.);
#4182=ORIENTED_EDGE('',*,*,#3028,.F.);
#4183=ORIENTED_EDGE('',*,*,#3033,.F.);
#4184=ORIENTED_EDGE('',*,*,#3034,.T.);
#4185=ORIENTED_EDGE('',*,*,#3035,.T.);
#4186=ORIENTED_EDGE('',*,*,#3031,.F.);
#4187=ORIENTED_EDGE('',*,*,#3036,.F.);
#4188=ORIENTED_EDGE('',*,*,#3037,.T.);
#4189=ORIENTED_EDGE('',*,*,#3038,.T.);
#4190=ORIENTED_EDGE('',*,*,#3034,.F.);
#4191=ORIENTED_EDGE('',*,*,#3039,.F.);
#4192=ORIENTED_EDGE('',*,*,#3040,.T.);
#4193=ORIENTED_EDGE('',*,*,#3041,.T.);
#4194=ORIENTED_EDGE('',*,*,#3037,.F.);
#4195=ORIENTED_EDGE('',*,*,#3042,.F.);
#4196=ORIENTED_EDGE('',*,*,#2980,.T.);
#4197=ORIENTED_EDGE('',*,*,#3043,.T.);
#4198=ORIENTED_EDGE('',*,*,#3040,.F.);
#4199=ORIENTED_EDGE('',*,*,#2530,.F.);
#4200=ORIENTED_EDGE('',*,*,#3044,.T.);
#4201=ORIENTED_EDGE('',*,*,#3045,.T.);
#4202=ORIENTED_EDGE('',*,*,#2981,.F.);
#4203=ORIENTED_EDGE('',*,*,#2529,.F.);
#4204=ORIENTED_EDGE('',*,*,#3046,.T.);
#4205=ORIENTED_EDGE('',*,*,#3047,.T.);
#4206=ORIENTED_EDGE('',*,*,#3044,.F.);
#4207=ORIENTED_EDGE('',*,*,#2528,.F.);
#4208=ORIENTED_EDGE('',*,*,#3048,.T.);
#4209=ORIENTED_EDGE('',*,*,#3049,.T.);
#4210=ORIENTED_EDGE('',*,*,#3046,.F.);
#4211=ORIENTED_EDGE('',*,*,#2527,.F.);
#4212=ORIENTED_EDGE('',*,*,#3050,.T.);
#4213=ORIENTED_EDGE('',*,*,#3051,.T.);
#4214=ORIENTED_EDGE('',*,*,#3048,.F.);
#4215=ORIENTED_EDGE('',*,*,#2526,.F.);
#4216=ORIENTED_EDGE('',*,*,#3052,.T.);
#4217=ORIENTED_EDGE('',*,*,#3053,.T.);
#4218=ORIENTED_EDGE('',*,*,#3050,.F.);
#4219=ORIENTED_EDGE('',*,*,#2525,.F.);
#4220=ORIENTED_EDGE('',*,*,#3054,.T.);
#4221=ORIENTED_EDGE('',*,*,#3055,.T.);
#4222=ORIENTED_EDGE('',*,*,#3052,.F.);
#4223=ORIENTED_EDGE('',*,*,#2524,.F.);
#4224=ORIENTED_EDGE('',*,*,#3056,.T.);
#4225=ORIENTED_EDGE('',*,*,#3057,.T.);
#4226=ORIENTED_EDGE('',*,*,#3054,.F.);
#4227=ORIENTED_EDGE('',*,*,#2523,.F.);
#4228=ORIENTED_EDGE('',*,*,#3058,.T.);
#4229=ORIENTED_EDGE('',*,*,#3059,.T.);
#4230=ORIENTED_EDGE('',*,*,#3056,.F.);
#4231=ORIENTED_EDGE('',*,*,#2522,.F.);
#4232=ORIENTED_EDGE('',*,*,#3060,.T.);
#4233=ORIENTED_EDGE('',*,*,#3061,.T.);
#4234=ORIENTED_EDGE('',*,*,#3058,.F.);
#4235=ORIENTED_EDGE('',*,*,#2521,.F.);
#4236=ORIENTED_EDGE('',*,*,#3062,.T.);
#4237=ORIENTED_EDGE('',*,*,#3063,.T.);
#4238=ORIENTED_EDGE('',*,*,#3060,.F.);
#4239=ORIENTED_EDGE('',*,*,#2520,.F.);
#4240=ORIENTED_EDGE('',*,*,#3064,.T.);
#4241=ORIENTED_EDGE('',*,*,#3065,.T.);
#4242=ORIENTED_EDGE('',*,*,#3062,.F.);
#4243=ORIENTED_EDGE('',*,*,#2519,.F.);
#4244=ORIENTED_EDGE('',*,*,#3066,.T.);
#4245=ORIENTED_EDGE('',*,*,#3067,.T.);
#4246=ORIENTED_EDGE('',*,*,#3064,.F.);
#4247=ORIENTED_EDGE('',*,*,#2518,.F.);
#4248=ORIENTED_EDGE('',*,*,#3068,.T.);
#4249=ORIENTED_EDGE('',*,*,#3069,.T.);
#4250=ORIENTED_EDGE('',*,*,#3066,.F.);
#4251=ORIENTED_EDGE('',*,*,#2517,.F.);
#4252=ORIENTED_EDGE('',*,*,#3070,.T.);
#4253=ORIENTED_EDGE('',*,*,#3071,.T.);
#4254=ORIENTED_EDGE('',*,*,#3068,.F.);
#4255=ORIENTED_EDGE('',*,*,#2516,.F.);
#4256=ORIENTED_EDGE('',*,*,#3011,.T.);
#4257=ORIENTED_EDGE('',*,*,#3072,.T.);
#4258=ORIENTED_EDGE('',*,*,#3070,.F.);
#4259=ORIENTED_EDGE('',*,*,#3010,.F.);
#4260=ORIENTED_EDGE('',*,*,#3008,.F.);
#4261=ORIENTED_EDGE('',*,*,#3006,.F.);
#4262=ORIENTED_EDGE('',*,*,#3004,.F.);
#4263=ORIENTED_EDGE('',*,*,#3002,.F.);
#4264=ORIENTED_EDGE('',*,*,#3000,.F.);
#4265=ORIENTED_EDGE('',*,*,#2998,.F.);
#4266=ORIENTED_EDGE('',*,*,#2996,.F.);
#4267=ORIENTED_EDGE('',*,*,#2994,.F.);
#4268=ORIENTED_EDGE('',*,*,#2992,.F.);
#4269=ORIENTED_EDGE('',*,*,#2990,.F.);
#4270=ORIENTED_EDGE('',*,*,#2988,.F.);
#4271=ORIENTED_EDGE('',*,*,#2986,.F.);
#4272=ORIENTED_EDGE('',*,*,#2984,.F.);
#4273=ORIENTED_EDGE('',*,*,#2982,.F.);
#4274=ORIENTED_EDGE('',*,*,#3045,.F.);
#4275=ORIENTED_EDGE('',*,*,#3047,.F.);
#4276=ORIENTED_EDGE('',*,*,#3049,.F.);
#4277=ORIENTED_EDGE('',*,*,#3051,.F.);
#4278=ORIENTED_EDGE('',*,*,#3053,.F.);
#4279=ORIENTED_EDGE('',*,*,#3055,.F.);
#4280=ORIENTED_EDGE('',*,*,#3057,.F.);
#4281=ORIENTED_EDGE('',*,*,#3059,.F.);
#4282=ORIENTED_EDGE('',*,*,#3061,.F.);
#4283=ORIENTED_EDGE('',*,*,#3063,.F.);
#4284=ORIENTED_EDGE('',*,*,#3065,.F.);
#4285=ORIENTED_EDGE('',*,*,#3067,.F.);
#4286=ORIENTED_EDGE('',*,*,#3069,.F.);
#4287=ORIENTED_EDGE('',*,*,#3071,.F.);
#4288=ORIENTED_EDGE('',*,*,#3072,.F.);
#4289=ORIENTED_EDGE('',*,*,#2979,.F.);
#4290=ORIENTED_EDGE('',*,*,#2976,.F.);
#4291=ORIENTED_EDGE('',*,*,#2973,.F.);
#4292=ORIENTED_EDGE('',*,*,#2970,.F.);
#4293=ORIENTED_EDGE('',*,*,#2967,.F.);
#4294=ORIENTED_EDGE('',*,*,#2964,.F.);
#4295=ORIENTED_EDGE('',*,*,#2961,.F.);
#4296=ORIENTED_EDGE('',*,*,#2958,.F.);
#4297=ORIENTED_EDGE('',*,*,#2955,.F.);
#4298=ORIENTED_EDGE('',*,*,#2952,.F.);
#4299=ORIENTED_EDGE('',*,*,#2949,.F.);
#4300=ORIENTED_EDGE('',*,*,#3014,.F.);
#4301=ORIENTED_EDGE('',*,*,#3017,.F.);
#4302=ORIENTED_EDGE('',*,*,#3020,.F.);
#4303=ORIENTED_EDGE('',*,*,#3023,.F.);
#4304=ORIENTED_EDGE('',*,*,#3026,.F.);
#4305=ORIENTED_EDGE('',*,*,#3029,.F.);
#4306=ORIENTED_EDGE('',*,*,#3032,.F.);
#4307=ORIENTED_EDGE('',*,*,#3035,.F.);
#4308=ORIENTED_EDGE('',*,*,#3038,.F.);
#4309=ORIENTED_EDGE('',*,*,#3041,.F.);
#4310=ORIENTED_EDGE('',*,*,#3043,.F.);
#4311=ORIENTED_EDGE('',*,*,#2879,.T.);
#4312=ORIENTED_EDGE('',*,*,#2898,.T.);
#4313=ORIENTED_EDGE('',*,*,#2895,.T.);
#4314=ORIENTED_EDGE('',*,*,#2892,.T.);
#4315=ORIENTED_EDGE('',*,*,#2889,.T.);
#4316=ORIENTED_EDGE('',*,*,#2886,.T.);
#4317=ORIENTED_EDGE('',*,*,#2883,.T.);
#4318=ORIENTED_EDGE('',*,*,#2455,.F.);
#4319=ORIENTED_EDGE('',*,*,#3073,.T.);
#4320=ORIENTED_EDGE('',*,*,#2678,.T.);
#4321=ORIENTED_EDGE('',*,*,#2655,.T.);
#4322=ORIENTED_EDGE('',*,*,#2473,.F.);
#4323=ORIENTED_EDGE('',*,*,#2658,.T.);
#4324=ORIENTED_EDGE('',*,*,#2684,.T.);
#4325=ORIENTED_EDGE('',*,*,#3074,.T.);
#4326=ORIENTED_EDGE('',*,*,#2470,.F.);
#4327=ORIENTED_EDGE('',*,*,#3074,.F.);
#4328=ORIENTED_EDGE('',*,*,#2683,.F.);
#4329=ORIENTED_EDGE('',*,*,#3075,.F.);
#4330=ORIENTED_EDGE('',*,*,#2467,.F.);
#4331=ORIENTED_EDGE('',*,*,#3075,.T.);
#4332=ORIENTED_EDGE('',*,*,#2682,.T.);
#4333=ORIENTED_EDGE('',*,*,#3076,.T.);
#4334=ORIENTED_EDGE('',*,*,#2464,.F.);
#4335=ORIENTED_EDGE('',*,*,#3076,.F.);
#4336=ORIENTED_EDGE('',*,*,#2681,.T.);
#4337=ORIENTED_EDGE('',*,*,#3077,.F.);
#4338=ORIENTED_EDGE('',*,*,#2461,.F.);
#4339=ORIENTED_EDGE('',*,*,#3077,.T.);
#4340=ORIENTED_EDGE('',*,*,#2680,.T.);
#4341=ORIENTED_EDGE('',*,*,#3078,.T.);
#4342=ORIENTED_EDGE('',*,*,#2458,.F.);
#4343=ORIENTED_EDGE('',*,*,#3078,.F.);
#4344=ORIENTED_EDGE('',*,*,#2679,.F.);
#4345=ORIENTED_EDGE('',*,*,#3073,.F.);
#4346=ORIENTED_EDGE('',*,*,#3042,.T.);
#4347=ORIENTED_EDGE('',*,*,#3039,.T.);
#4348=ORIENTED_EDGE('',*,*,#3036,.T.);
#4349=ORIENTED_EDGE('',*,*,#3033,.T.);
#4350=ORIENTED_EDGE('',*,*,#3030,.T.);
#4351=ORIENTED_EDGE('',*,*,#3027,.T.);
#4352=ORIENTED_EDGE('',*,*,#3024,.T.);
#4353=ORIENTED_EDGE('',*,*,#3021,.T.);
#4354=ORIENTED_EDGE('',*,*,#3018,.T.);
#4355=ORIENTED_EDGE('',*,*,#3015,.T.);
#4356=ORIENTED_EDGE('',*,*,#3012,.T.);
#4357=ORIENTED_EDGE('',*,*,#2947,.T.);
#4358=ORIENTED_EDGE('',*,*,#2951,.T.);
#4359=ORIENTED_EDGE('',*,*,#2954,.T.);
#4360=ORIENTED_EDGE('',*,*,#2957,.T.);
#4361=ORIENTED_EDGE('',*,*,#2960,.T.);
#4362=ORIENTED_EDGE('',*,*,#2963,.T.);
#4363=ORIENTED_EDGE('',*,*,#2966,.T.);
#4364=ORIENTED_EDGE('',*,*,#2969,.T.);
#4365=ORIENTED_EDGE('',*,*,#2972,.T.);
#4366=ORIENTED_EDGE('',*,*,#2975,.T.);
#4367=ORIENTED_EDGE('',*,*,#2978,.T.);
#4368=ORIENTED_EDGE('',*,*,#2729,.T.);
#4369=ORIENTED_EDGE('',*,*,#2673,.T.);
#4370=ORIENTED_EDGE('',*,*,#2555,.F.);
#4371=ORIENTED_EDGE('',*,*,#2668,.F.);
#4372=ORIENTED_EDGE('',*,*,#2671,.T.);
#4373=ORIENTED_EDGE('',*,*,#2552,.F.);
#4374=ORIENTED_EDGE('',*,*,#2661,.F.);
#4375=ORIENTED_EDGE('',*,*,#2730,.T.);
#4376=ORIENTED_EDGE('',*,*,#2733,.T.);
#4377=ORIENTED_EDGE('',*,*,#2549,.F.);
#4378=ORIENTED_EDGE('',*,*,#3079,.F.);
#4379=ORIENTED_EDGE('',*,*,#2721,.T.);
#4380=ORIENTED_EDGE('',*,*,#2722,.T.);
#4381=ORIENTED_EDGE('',*,*,#3079,.T.);
#4382=ORIENTED_EDGE('',*,*,#2548,.F.);
#4383=ORIENTED_EDGE('',*,*,#2734,.F.);
#4384=TOROIDAL_SURFACE('',#4640,3.5,1.5);
#4385=TOROIDAL_SURFACE('',#4651,3.5,1.5);
#4386=TOROIDAL_SURFACE('',#4662,3.,2.);
#4387=TOROIDAL_SURFACE('',#4668,3.,2.);
#4388=TOROIDAL_SURFACE('',#4674,3.,2.);
#4389=TOROIDAL_SURFACE('',#4680,3.,2.);
#4390=ADVANCED_FACE('',(#1440),#4384,.T.);
#4391=ADVANCED_FACE('',(#1441),#1417,.T.);
#4392=ADVANCED_FACE('',(#1442),#342,.T.);
#4393=ADVANCED_FACE('',(#1443),#1418,.T.);
#4394=ADVANCED_FACE('',(#1444),#4385,.T.);
#4395=ADVANCED_FACE('',(#1445),#1419,.T.);
#4396=ADVANCED_FACE('',(#1446),#1420,.T.);
#4397=ADVANCED_FACE('',(#1447),#343,.T.);
#4398=ADVANCED_FACE('',(#1448),#1421,.T.);
#4399=ADVANCED_FACE('',(#1449),#4386,.T.);
#4400=ADVANCED_FACE('',(#1450),#1422,.T.);
#4401=ADVANCED_FACE('',(#1451),#4387,.T.);
#4402=ADVANCED_FACE('',(#1452),#1423,.T.);
#4403=ADVANCED_FACE('',(#1453),#4388,.T.);
#4404=ADVANCED_FACE('',(#1454),#1424,.T.);
#4405=ADVANCED_FACE('',(#1455),#4389,.T.);
#4406=ADVANCED_FACE('',(#1456),#1425,.T.);
#4407=ADVANCED_FACE('',(#1457,#301,#302,#303,#304,#305,#306,#307,#308,#309,
#310,#311,#312,#313,#314,#315,#316,#317,#318,#319,#320,#321,#322,#323),
#344,.T.);
#4408=ADVANCED_FACE('',(#1458),#1426,.T.);
#4409=ADVANCED_FACE('',(#1459),#1427,.T.);
#4410=ADVANCED_FACE('',(#1460),#1428,.T.);
#4411=ADVANCED_FACE('',(#1461),#1429,.T.);
#4412=ADVANCED_FACE('',(#1462),#345,.F.);
#4413=ADVANCED_FACE('',(#1463),#346,.T.);
#4414=ADVANCED_FACE('',(#1464),#347,.F.);
#4415=ADVANCED_FACE('',(#1465),#1430,.T.);
#4416=ADVANCED_FACE('',(#1466),#348,.T.);
#4417=ADVANCED_FACE('',(#1467),#349,.T.);
#4418=ADVANCED_FACE('',(#1468),#1431,.T.);
#4419=ADVANCED_FACE('',(#1469),#350,.T.);
#4420=ADVANCED_FACE('',(#1470),#351,.F.);
#4421=ADVANCED_FACE('',(#1471),#352,.F.);
#4422=ADVANCED_FACE('',(#1472),#353,.T.);
#4423=ADVANCED_FACE('',(#1473),#354,.F.);
#4424=ADVANCED_FACE('',(#1474),#355,.F.);
#4425=ADVANCED_FACE('',(#1475),#356,.T.);
#4426=ADVANCED_FACE('',(#1476),#357,.T.);
#4427=ADVANCED_FACE('',(#1477),#358,.T.);
#4428=ADVANCED_FACE('',(#1478,#324,#325,#326,#327,#328,#329,#330,#331,#332,
#333,#334,#335,#336,#337,#338),#359,.F.);
#4429=ADVANCED_FACE('',(#1479),#360,.F.);
#4430=ADVANCED_FACE('',(#1480),#361,.F.);
#4431=ADVANCED_FACE('',(#1481),#362,.T.);
#4432=ADVANCED_FACE('',(#1482),#363,.T.);
#4433=ADVANCED_FACE('',(#1483),#364,.F.);
#4434=ADVANCED_FACE('',(#1484),#365,.F.);
#4435=ADVANCED_FACE('',(#1485),#366,.F.);
#4436=ADVANCED_FACE('',(#1486),#367,.F.);
#4437=ADVANCED_FACE('',(#1487),#368,.F.);
#4438=ADVANCED_FACE('',(#1488),#369,.F.);
#4439=ADVANCED_FACE('',(#1489),#370,.F.);
#4440=ADVANCED_FACE('',(#1490),#371,.F.);
#4441=ADVANCED_FACE('',(#1491),#372,.F.);
#4442=ADVANCED_FACE('',(#1492),#373,.F.);
#4443=ADVANCED_FACE('',(#1493),#374,.F.);
#4444=ADVANCED_FACE('',(#1494),#375,.F.);
#4445=ADVANCED_FACE('',(#1495),#376,.F.);
#4446=ADVANCED_FACE('',(#1496),#377,.F.);
#4447=ADVANCED_FACE('',(#1497),#378,.F.);
#4448=ADVANCED_FACE('',(#1498),#379,.F.);
#4449=ADVANCED_FACE('',(#1499),#380,.F.);
#4450=ADVANCED_FACE('',(#1500),#381,.F.);
#4451=ADVANCED_FACE('',(#1501),#382,.F.);
#4452=ADVANCED_FACE('',(#1502),#383,.F.);
#4453=ADVANCED_FACE('',(#1503),#384,.F.);
#4454=ADVANCED_FACE('',(#1504),#385,.F.);
#4455=ADVANCED_FACE('',(#1505),#386,.F.);
#4456=ADVANCED_FACE('',(#1506),#387,.F.);
#4457=ADVANCED_FACE('',(#1507),#388,.F.);
#4458=ADVANCED_FACE('',(#1508),#389,.F.);
#4459=ADVANCED_FACE('',(#1509),#390,.F.);
#4460=ADVANCED_FACE('',(#1510),#391,.F.);
#4461=ADVANCED_FACE('',(#1511),#392,.F.);
#4462=ADVANCED_FACE('',(#1512),#393,.F.);
#4463=ADVANCED_FACE('',(#1513),#394,.F.);
#4464=ADVANCED_FACE('',(#1514),#395,.F.);
#4465=ADVANCED_FACE('',(#1515),#396,.F.);
#4466=ADVANCED_FACE('',(#1516),#397,.F.);
#4467=ADVANCED_FACE('',(#1517),#398,.F.);
#4468=ADVANCED_FACE('',(#1518),#399,.F.);
#4469=ADVANCED_FACE('',(#1519),#1432,.F.);
#4470=ADVANCED_FACE('',(#1520),#1433,.F.);
#4471=ADVANCED_FACE('',(#1521),#1434,.F.);
#4472=ADVANCED_FACE('',(#1522),#1435,.F.);
#4473=ADVANCED_FACE('',(#1523),#400,.F.);
#4474=ADVANCED_FACE('',(#1524),#401,.F.);
#4475=ADVANCED_FACE('',(#1525),#402,.F.);
#4476=ADVANCED_FACE('',(#1526),#403,.F.);
#4477=ADVANCED_FACE('',(#1527),#404,.F.);
#4478=ADVANCED_FACE('',(#1528),#405,.F.);
#4479=ADVANCED_FACE('',(#1529),#406,.F.);
#4480=ADVANCED_FACE('',(#1530),#407,.F.);
#4481=ADVANCED_FACE('',(#1531),#408,.F.);
#4482=ADVANCED_FACE('',(#1532),#409,.F.);
#4483=ADVANCED_FACE('',(#1533),#410,.F.);
#4484=ADVANCED_FACE('',(#1534),#411,.F.);
#4485=ADVANCED_FACE('',(#1535),#412,.F.);
#4486=ADVANCED_FACE('',(#1536),#413,.F.);
#4487=ADVANCED_FACE('',(#1537),#414,.F.);
#4488=ADVANCED_FACE('',(#1538),#415,.F.);
#4489=ADVANCED_FACE('',(#1539),#416,.F.);
#4490=ADVANCED_FACE('',(#1540),#417,.F.);
#4491=ADVANCED_FACE('',(#1541),#418,.F.);
#4492=ADVANCED_FACE('',(#1542),#419,.F.);
#4493=ADVANCED_FACE('',(#1543),#420,.F.);
#4494=ADVANCED_FACE('',(#1544),#421,.F.);
#4495=ADVANCED_FACE('',(#1545),#422,.F.);
#4496=ADVANCED_FACE('',(#1546),#423,.F.);
#4497=ADVANCED_FACE('',(#1547),#424,.F.);
#4498=ADVANCED_FACE('',(#1548),#425,.F.);
#4499=ADVANCED_FACE('',(#1549),#426,.F.);
#4500=ADVANCED_FACE('',(#1550),#427,.F.);
#4501=ADVANCED_FACE('',(#1551),#428,.F.);
#4502=ADVANCED_FACE('',(#1552),#429,.F.);
#4503=ADVANCED_FACE('',(#1553),#430,.F.);
#4504=ADVANCED_FACE('',(#1554),#431,.F.);
#4505=ADVANCED_FACE('',(#1555),#432,.F.);
#4506=ADVANCED_FACE('',(#1556),#433,.F.);
#4507=ADVANCED_FACE('',(#1557),#434,.F.);
#4508=ADVANCED_FACE('',(#1558),#435,.F.);
#4509=ADVANCED_FACE('',(#1559),#436,.F.);
#4510=ADVANCED_FACE('',(#1560),#437,.F.);
#4511=ADVANCED_FACE('',(#1561),#438,.F.);
#4512=ADVANCED_FACE('',(#1562),#439,.F.);
#4513=ADVANCED_FACE('',(#1563),#440,.F.);
#4514=ADVANCED_FACE('',(#1564),#441,.F.);
#4515=ADVANCED_FACE('',(#1565),#442,.F.);
#4516=ADVANCED_FACE('',(#1566),#443,.F.);
#4517=ADVANCED_FACE('',(#1567),#444,.F.);
#4518=ADVANCED_FACE('',(#1568),#445,.F.);
#4519=ADVANCED_FACE('',(#1569),#446,.F.);
#4520=ADVANCED_FACE('',(#1570),#447,.F.);
#4521=ADVANCED_FACE('',(#1571),#448,.F.);
#4522=ADVANCED_FACE('',(#1572),#449,.F.);
#4523=ADVANCED_FACE('',(#1573),#450,.F.);
#4524=ADVANCED_FACE('',(#1574),#451,.F.);
#4525=ADVANCED_FACE('',(#1575),#452,.F.);
#4526=ADVANCED_FACE('',(#1576),#453,.F.);
#4527=ADVANCED_FACE('',(#1577),#454,.F.);
#4528=ADVANCED_FACE('',(#1578),#455,.F.);
#4529=ADVANCED_FACE('',(#1579),#456,.F.);
#4530=ADVANCED_FACE('',(#1580),#457,.F.);
#4531=ADVANCED_FACE('',(#1581),#458,.F.);
#4532=ADVANCED_FACE('',(#1582),#64,.F.);
#4533=ADVANCED_FACE('',(#1583),#65,.F.);
#4534=ADVANCED_FACE('',(#1584),#66,.F.);
#4535=ADVANCED_FACE('',(#1585),#67,.F.);
#4536=ADVANCED_FACE('',(#1586),#459,.F.);
#4537=ADVANCED_FACE('',(#1587),#460,.F.);
#4538=ADVANCED_FACE('',(#1588),#461,.F.);
#4539=ADVANCED_FACE('',(#1589),#68,.F.);
#4540=ADVANCED_FACE('',(#1590),#69,.F.);
#4541=ADVANCED_FACE('',(#1591),#70,.F.);
#4542=ADVANCED_FACE('',(#1592),#71,.F.);
#4543=ADVANCED_FACE('',(#1593),#462,.F.);
#4544=ADVANCED_FACE('',(#1594),#463,.F.);
#4545=ADVANCED_FACE('',(#1595),#72,.F.);
#4546=ADVANCED_FACE('',(#1596),#73,.F.);
#4547=ADVANCED_FACE('',(#1597),#74,.F.);
#4548=ADVANCED_FACE('',(#1598),#75,.F.);
#4549=ADVANCED_FACE('',(#1599),#76,.F.);
#4550=ADVANCED_FACE('',(#1600),#77,.F.);
#4551=ADVANCED_FACE('',(#1601),#78,.F.);
#4552=ADVANCED_FACE('',(#1602),#79,.F.);
#4553=ADVANCED_FACE('',(#1603),#80,.F.);
#4554=ADVANCED_FACE('',(#1604),#81,.F.);
#4555=ADVANCED_FACE('',(#1605),#464,.F.);
#4556=ADVANCED_FACE('',(#1606),#465,.F.);
#4557=ADVANCED_FACE('',(#1607),#466,.F.);
#4558=ADVANCED_FACE('',(#1608,#339,#340),#467,.T.);
#4559=ADVANCED_FACE('',(#1609),#468,.T.);
#4560=ADVANCED_FACE('',(#1610),#14,.F.);
#4561=ADVANCED_FACE('',(#1611),#15,.F.);
#4562=ADVANCED_FACE('',(#1612),#16,.F.);
#4563=ADVANCED_FACE('',(#1613),#17,.F.);
#4564=ADVANCED_FACE('',(#1614),#18,.F.);
#4565=ADVANCED_FACE('',(#1615),#19,.F.);
#4566=ADVANCED_FACE('',(#1616),#20,.F.);
#4567=ADVANCED_FACE('',(#1617),#21,.F.);
#4568=ADVANCED_FACE('',(#1618),#22,.F.);
#4569=ADVANCED_FACE('',(#1619),#23,.F.);
#4570=ADVANCED_FACE('',(#1620),#469,.F.);
#4571=ADVANCED_FACE('',(#1621),#24,.F.);
#4572=ADVANCED_FACE('',(#1622),#25,.F.);
#4573=ADVANCED_FACE('',(#1623),#26,.F.);
#4574=ADVANCED_FACE('',(#1624),#27,.F.);
#4575=ADVANCED_FACE('',(#1625),#28,.F.);
#4576=ADVANCED_FACE('',(#1626),#29,.F.);
#4577=ADVANCED_FACE('',(#1627),#30,.F.);
#4578=ADVANCED_FACE('',(#1628),#31,.F.);
#4579=ADVANCED_FACE('',(#1629),#32,.F.);
#4580=ADVANCED_FACE('',(#1630),#33,.F.);
#4581=ADVANCED_FACE('',(#1631),#34,.F.);
#4582=ADVANCED_FACE('',(#1632),#35,.F.);
#4583=ADVANCED_FACE('',(#1633),#36,.F.);
#4584=ADVANCED_FACE('',(#1634),#37,.F.);
#4585=ADVANCED_FACE('',(#1635),#38,.F.);
#4586=ADVANCED_FACE('',(#1636),#39,.F.);
#4587=ADVANCED_FACE('',(#1637),#40,.F.);
#4588=ADVANCED_FACE('',(#1638),#41,.F.);
#4589=ADVANCED_FACE('',(#1639),#42,.F.);
#4590=ADVANCED_FACE('',(#1640),#43,.F.);
#4591=ADVANCED_FACE('',(#1641),#44,.F.);
#4592=ADVANCED_FACE('',(#1642),#45,.F.);
#4593=ADVANCED_FACE('',(#1643),#46,.F.);
#4594=ADVANCED_FACE('',(#1644),#47,.F.);
#4595=ADVANCED_FACE('',(#1645),#48,.F.);
#4596=ADVANCED_FACE('',(#1646),#470,.F.);
#4597=ADVANCED_FACE('',(#1647),#49,.F.);
#4598=ADVANCED_FACE('',(#1648),#50,.F.);
#4599=ADVANCED_FACE('',(#1649),#51,.F.);
#4600=ADVANCED_FACE('',(#1650),#52,.F.);
#4601=ADVANCED_FACE('',(#1651),#53,.F.);
#4602=ADVANCED_FACE('',(#1652),#54,.F.);
#4603=ADVANCED_FACE('',(#1653),#55,.F.);
#4604=ADVANCED_FACE('',(#1654),#56,.F.);
#4605=ADVANCED_FACE('',(#1655),#57,.F.);
#4606=ADVANCED_FACE('',(#1656),#58,.F.);
#4607=ADVANCED_FACE('',(#1657),#59,.F.);
#4608=ADVANCED_FACE('',(#1658),#60,.F.);
#4609=ADVANCED_FACE('',(#1659),#61,.F.);
#4610=ADVANCED_FACE('',(#1660),#62,.F.);
#4611=ADVANCED_FACE('',(#1661),#63,.F.);
#4612=ADVANCED_FACE('',(#1662,#341),#471,.T.);
#4613=ADVANCED_FACE('',(#1663),#472,.T.);
#4614=ADVANCED_FACE('',(#1664),#1436,.T.);
#4615=ADVANCED_FACE('',(#1665),#1437,.T.);
#4616=ADVANCED_FACE('',(#1666),#473,.T.);
#4617=ADVANCED_FACE('',(#1667),#1438,.T.);
#4618=ADVANCED_FACE('',(#1668),#474,.T.);
#4619=ADVANCED_FACE('',(#1669),#1439,.T.);
#4620=ADVANCED_FACE('',(#1670),#475,.T.);
#4621=ADVANCED_FACE('',(#1671),#476,.T.);
#4622=ADVANCED_FACE('',(#1672),#477,.T.);
#4623=ADVANCED_FACE('',(#1673),#478,.T.);
#4624=ADVANCED_FACE('',(#1674),#479,.T.);
#4625=ADVANCED_FACE('',(#1675),#480,.T.);
#4626=CLOSED_SHELL('',(#4390,#4391,#4392,#4393,#4394,#4395,#4396,#4397,
#4398,#4399,#4400,#4401,#4402,#4403,#4404,#4405,#4406,#4407,#4408,#4409,
#4410,#4411,#4412,#4413,#4414,#4415,#4416,#4417,#4418,#4419,#4420,#4421,
#4422,#4423,#4424,#4425,#4426,#4427,#4428,#4429,#4430,#4431,#4432,#4433,
#4434,#4435,#4436,#4437,#4438,#4439,#4440,#4441,#4442,#4443,#4444,#4445,
#4446,#4447,#4448,#4449,#4450,#4451,#4452,#4453,#4454,#4455,#4456,#4457,
#4458,#4459,#4460,#4461,#4462,#4463,#4464,#4465,#4466,#4467,#4468,#4469,
#4470,#4471,#4472,#4473,#4474,#4475,#4476,#4477,#4478,#4479,#4480,#4481,
#4482,#4483,#4484,#4485,#4486,#4487,#4488,#4489,#4490,#4491,#4492,#4493,
#4494,#4495,#4496,#4497,#4498,#4499,#4500,#4501,#4502,#4503,#4504,#4505,
#4506,#4507,#4508,#4509,#4510,#4511,#4512,#4513,#4514,#4515,#4516,#4517,
#4518,#4519,#4520,#4521,#4522,#4523,#4524,#4525,#4526,#4527,#4528,#4529,
#4530,#4531,#4532,#4533,#4534,#4535,#4536,#4537,#4538,#4539,#4540,#4541,
#4542,#4543,#4544,#4545,#4546,#4547,#4548,#4549,#4550,#4551,#4552,#4553,
#4554,#4555,#4556,#4557,#4558,#4559,#4560,#4561,#4562,#4563,#4564,#4565,
#4566,#4567,#4568,#4569,#4570,#4571,#4572,#4573,#4574,#4575,#4576,#4577,
#4578,#4579,#4580,#4581,#4582,#4583,#4584,#4585,#4586,#4587,#4588,#4589,
#4590,#4591,#4592,#4593,#4594,#4595,#4596,#4597,#4598,#4599,#4600,#4601,
#4602,#4603,#4604,#4605,#4606,#4607,#4608,#4609,#4610,#4611,#4612,#4613,
#4614,#4615,#4616,#4617,#4618,#4619,#4620,#4621,#4622,#4623,#4624,#4625));
#4627=DERIVED_UNIT_ELEMENT(#4629,1.);
#4628=DERIVED_UNIT_ELEMENT(#8037,-3.);
#4629=(
MASS_UNIT()
NAMED_UNIT(*)
SI_UNIT(.KILO.,.GRAM.)
);
#4630=DERIVED_UNIT((#4627,#4628));
#4631=MEASURE_REPRESENTATION_ITEM('density measure',
POSITIVE_RATIO_MEASURE(7850.),#4630);
#4632=PROPERTY_DEFINITION_REPRESENTATION(#4637,#4634);
#4633=PROPERTY_DEFINITION_REPRESENTATION(#4638,#4635);
#4634=REPRESENTATION('material name',(#4636),#8034);
#4635=REPRESENTATION('density',(#4631),#8034);
#4636=DESCRIPTIVE_REPRESENTATION_ITEM('Steel','Steel');
#4637=PROPERTY_DEFINITION('material property','material name',#8044);
#4638=PROPERTY_DEFINITION('material property','density of part',#8044);
#4639=AXIS2_PLACEMENT_3D('',#5758,#4856,#4857);
#4640=AXIS2_PLACEMENT_3D('',#5759,#4858,#4859);
#4641=AXIS2_PLACEMENT_3D('',#5762,#4860,#4861);
#4642=AXIS2_PLACEMENT_3D('',#5764,#4862,#4863);
#4643=AXIS2_PLACEMENT_3D('',#5766,#4864,#4865);
#4644=AXIS2_PLACEMENT_3D('',#5767,#4866,#4867);
#4645=AXIS2_PLACEMENT_3D('',#5768,#4868,#4869);
#4646=AXIS2_PLACEMENT_3D('',#5771,#4870,#4871);
#4647=AXIS2_PLACEMENT_3D('',#5774,#4874,#4875);
#4648=AXIS2_PLACEMENT_3D('',#5778,#4878,#4879);
#4649=AXIS2_PLACEMENT_3D('',#5781,#4880,#4881);
#4650=AXIS2_PLACEMENT_3D('',#5785,#4883,#4884);
#4651=AXIS2_PLACEMENT_3D('',#5787,#4886,#4887);
#4652=AXIS2_PLACEMENT_3D('',#5790,#4888,#4889);
#4653=AXIS2_PLACEMENT_3D('',#5791,#4890,#4891);
#4654=AXIS2_PLACEMENT_3D('',#5792,#4892,#4893);
#4655=AXIS2_PLACEMENT_3D('',#5793,#4894,#4895);
#4656=AXIS2_PLACEMENT_3D('',#5797,#4897,#4898);
#4657=AXIS2_PLACEMENT_3D('',#5799,#4900,#4901);
#4658=AXIS2_PLACEMENT_3D('',#5802,#4904,#4905);
#4659=AXIS2_PLACEMENT_3D('',#5804,#4907,#4908);
#4660=AXIS2_PLACEMENT_3D('',#5807,#4909,#4910);
#4661=AXIS2_PLACEMENT_3D('',#5811,#4912,#4913);
#4662=AXIS2_PLACEMENT_3D('',#5813,#4915,#4916);
#4663=AXIS2_PLACEMENT_3D('',#5816,#4917,#4918);
#4664=AXIS2_PLACEMENT_3D('',#5817,#4919,#4920);
#4665=AXIS2_PLACEMENT_3D('',#5818,#4921,#4922);
#4666=AXIS2_PLACEMENT_3D('',#5819,#4923,#4924);
#4667=AXIS2_PLACEMENT_3D('',#5822,#4925,#4926);
#4668=AXIS2_PLACEMENT_3D('',#5825,#4929,#4930);
#4669=AXIS2_PLACEMENT_3D('',#5828,#4931,#4932);
#4670=AXIS2_PLACEMENT_3D('',#5829,#4933,#4934);
#4671=AXIS2_PLACEMENT_3D('',#5830,#4935,#4936);
#4672=AXIS2_PLACEMENT_3D('',#5831,#4937,#4938);
#4673=AXIS2_PLACEMENT_3D('',#5834,#4939,#4940);
#4674=AXIS2_PLACEMENT_3D('',#5837,#4943,#4944);
#4675=AXIS2_PLACEMENT_3D('',#5840,#4945,#4946);
#4676=AXIS2_PLACEMENT_3D('',#5841,#4947,#4948);
#4677=AXIS2_PLACEMENT_3D('',#5842,#4949,#4950);
#4678=AXIS2_PLACEMENT_3D('',#5843,#4951,#4952);
#4679=AXIS2_PLACEMENT_3D('',#5846,#4953,#4954);
#4680=AXIS2_PLACEMENT_3D('',#5849,#4957,#4958);
#4681=AXIS2_PLACEMENT_3D('',#5852,#4959,#4960);
#4682=AXIS2_PLACEMENT_3D('',#5853,#4961,#4962);
#4683=AXIS2_PLACEMENT_3D('',#5854,#4963,#4964);
#4684=AXIS2_PLACEMENT_3D('',#5855,#4965,#4966);
#4685=AXIS2_PLACEMENT_3D('',#5858,#4967,#4968);
#4686=AXIS2_PLACEMENT_3D('',#5861,#4971,#4972);
#4687=AXIS2_PLACEMENT_3D('',#6281,#5078,#5079);
#4688=AXIS2_PLACEMENT_3D('',#6283,#5080,#5081);
#4689=AXIS2_PLACEMENT_3D('',#6285,#5082,#5083);
#4690=AXIS2_PLACEMENT_3D('',#6287,#5084,#5085);
#4691=AXIS2_PLACEMENT_3D('',#6288,#5086,#5087);
#4692=AXIS2_PLACEMENT_3D('',#6293,#5089,#5090);
#4693=AXIS2_PLACEMENT_3D('',#6296,#5092,#5093);
#4694=AXIS2_PLACEMENT_3D('',#6297,#5094,#5095);
#4695=AXIS2_PLACEMENT_3D('',#6301,#5097,#5098);
#4696=AXIS2_PLACEMENT_3D('',#6303,#5100,#5101);
#4697=AXIS2_PLACEMENT_3D('',#6307,#5103,#5104);
#4698=AXIS2_PLACEMENT_3D('',#6309,#5106,#5107);
#4699=AXIS2_PLACEMENT_3D('',#6313,#5109,#5110);
#4700=AXIS2_PLACEMENT_3D('',#6315,#5112,#5113);
#4701=AXIS2_PLACEMENT_3D('',#6321,#5117,#5118);
#4702=AXIS2_PLACEMENT_3D('',#6325,#5121,#5122);
#4703=AXIS2_PLACEMENT_3D('',#6329,#5125,#5126);
#4704=AXIS2_PLACEMENT_3D('',#6333,#5128,#5129);
#4705=AXIS2_PLACEMENT_3D('',#6335,#5131,#5132);
#4706=AXIS2_PLACEMENT_3D('',#6337,#5134,#5135);
#4707=AXIS2_PLACEMENT_3D('',#6343,#5138,#5139);
#4708=AXIS2_PLACEMENT_3D('',#6351,#5145,#5146);
#4709=AXIS2_PLACEMENT_3D('',#6354,#5149,#5150);
#4710=AXIS2_PLACEMENT_3D('',#6355,#5151,#5152);
#4711=AXIS2_PLACEMENT_3D('',#6361,#5156,#5157);
#4712=AXIS2_PLACEMENT_3D('',#6365,#5160,#5161);
#4713=AXIS2_PLACEMENT_3D('',#6369,#5164,#5165);
#4714=AXIS2_PLACEMENT_3D('',#6375,#5169,#5170);
#4715=AXIS2_PLACEMENT_3D('',#6379,#5173,#5174);
#4716=AXIS2_PLACEMENT_3D('',#6383,#5177,#5178);
#4717=AXIS2_PLACEMENT_3D('',#6385,#5180,#5181);
#4718=AXIS2_PLACEMENT_3D('',#6386,#5182,#5183);
#4719=AXIS2_PLACEMENT_3D('',#6391,#5186,#5187);
#4720=AXIS2_PLACEMENT_3D('',#6395,#5189,#5190);
#4721=AXIS2_PLACEMENT_3D('',#6399,#5192,#5193);
#4722=AXIS2_PLACEMENT_3D('',#6402,#5195,#5196);
#4723=AXIS2_PLACEMENT_3D('',#6484,#5237,#5238);
#4724=AXIS2_PLACEMENT_3D('',#6486,#5239,#5240);
#4725=AXIS2_PLACEMENT_3D('',#6488,#5241,#5242);
#4726=AXIS2_PLACEMENT_3D('',#6490,#5243,#5244);
#4727=AXIS2_PLACEMENT_3D('',#6493,#5247,#5248);
#4728=AXIS2_PLACEMENT_3D('',#6495,#5250,#5251);
#4729=AXIS2_PLACEMENT_3D('',#6496,#5252,#5253);
#4730=AXIS2_PLACEMENT_3D('',#6499,#5256,#5257);
#4731=AXIS2_PLACEMENT_3D('',#6501,#5259,#5260);
#4732=AXIS2_PLACEMENT_3D('',#6504,#5263,#5264);
#4733=AXIS2_PLACEMENT_3D('',#6506,#5266,#5267);
#4734=AXIS2_PLACEMENT_3D('',#6508,#5269,#5270);
#4735=AXIS2_PLACEMENT_3D('',#6509,#5271,#5272);
#4736=AXIS2_PLACEMENT_3D('',#6512,#5275,#5276);
#4737=AXIS2_PLACEMENT_3D('',#6514,#5278,#5279);
#4738=AXIS2_PLACEMENT_3D('',#6516,#5281,#5282);
#4739=AXIS2_PLACEMENT_3D('',#6517,#5283,#5284);
#4740=AXIS2_PLACEMENT_3D('',#6520,#5287,#5288);
#4741=AXIS2_PLACEMENT_3D('',#6522,#5290,#5291);
#4742=AXIS2_PLACEMENT_3D('',#6524,#5293,#5294);
#4743=AXIS2_PLACEMENT_3D('',#6525,#5295,#5296);
#4744=AXIS2_PLACEMENT_3D('',#6528,#5299,#5300);
#4745=AXIS2_PLACEMENT_3D('',#6530,#5302,#5303);
#4746=AXIS2_PLACEMENT_3D('',#6532,#5305,#5306);
#4747=AXIS2_PLACEMENT_3D('',#6533,#5307,#5308);
#4748=AXIS2_PLACEMENT_3D('',#6536,#5311,#5312);
#4749=AXIS2_PLACEMENT_3D('',#6538,#5314,#5315);
#4750=AXIS2_PLACEMENT_3D('',#6540,#5317,#5318);
#4751=AXIS2_PLACEMENT_3D('',#6541,#5319,#5320);
#4752=AXIS2_PLACEMENT_3D('',#6544,#5323,#5324);
#4753=AXIS2_PLACEMENT_3D('',#6546,#5326,#5327);
#4754=AXIS2_PLACEMENT_3D('',#6548,#5329,#5330);
#4755=AXIS2_PLACEMENT_3D('',#6549,#5331,#5332);
#4756=AXIS2_PLACEMENT_3D('',#6552,#5335,#5336);
#4757=AXIS2_PLACEMENT_3D('',#6554,#5338,#5339);
#4758=AXIS2_PLACEMENT_3D('',#6556,#5341,#5342);
#4759=AXIS2_PLACEMENT_3D('',#6557,#5343,#5344);
#4760=AXIS2_PLACEMENT_3D('',#6560,#5347,#5348);
#4761=AXIS2_PLACEMENT_3D('',#6562,#5350,#5351);
#4762=AXIS2_PLACEMENT_3D('',#6564,#5353,#5354);
#4763=AXIS2_PLACEMENT_3D('',#6565,#5355,#5356);
#4764=AXIS2_PLACEMENT_3D('',#6568,#5359,#5360);
#4765=AXIS2_PLACEMENT_3D('',#6570,#5362,#5363);
#4766=AXIS2_PLACEMENT_3D('',#6572,#5365,#5366);
#4767=AXIS2_PLACEMENT_3D('',#6573,#5367,#5368);
#4768=AXIS2_PLACEMENT_3D('',#6575,#5370,#5371);
#4769=AXIS2_PLACEMENT_3D('',#6577,#5373,#5374);
#4770=AXIS2_PLACEMENT_3D('',#6579,#5376,#5377);
#4771=AXIS2_PLACEMENT_3D('',#6581,#5379,#5380);
#4772=AXIS2_PLACEMENT_3D('',#6587,#5384,#5385);
#4773=AXIS2_PLACEMENT_3D('',#6591,#5388,#5389);
#4774=AXIS2_PLACEMENT_3D('',#6595,#5392,#5393);
#4775=AXIS2_PLACEMENT_3D('',#6599,#5396,#5397);
#4776=AXIS2_PLACEMENT_3D('',#6603,#5400,#5401);
#4777=AXIS2_PLACEMENT_3D('',#6607,#5404,#5405);
#4778=AXIS2_PLACEMENT_3D('',#6611,#5408,#5409);
#4779=AXIS2_PLACEMENT_3D('',#6615,#5412,#5413);
#4780=AXIS2_PLACEMENT_3D('',#6619,#5416,#5417);
#4781=AXIS2_PLACEMENT_3D('',#6623,#5420,#5421);
#4782=AXIS2_PLACEMENT_3D('',#6627,#5424,#5425);
#4783=AXIS2_PLACEMENT_3D('',#6629,#5427,#5428);
#4784=AXIS2_PLACEMENT_3D('',#6630,#5429,#5430);
#4785=AXIS2_PLACEMENT_3D('',#6636,#5434,#5435);
#4786=AXIS2_PLACEMENT_3D('',#6640,#5438,#5439);
#4787=AXIS2_PLACEMENT_3D('',#6644,#5442,#5443);
#4788=AXIS2_PLACEMENT_3D('',#6648,#5446,#5447);
#4789=AXIS2_PLACEMENT_3D('',#6652,#5450,#5451);
#4790=AXIS2_PLACEMENT_3D('',#6656,#5454,#5455);
#4791=AXIS2_PLACEMENT_3D('',#6660,#5458,#5459);
#4792=AXIS2_PLACEMENT_3D('',#6664,#5462,#5463);
#4793=AXIS2_PLACEMENT_3D('',#6668,#5466,#5467);
#4794=AXIS2_PLACEMENT_3D('',#6672,#5470,#5471);
#4795=AXIS2_PLACEMENT_3D('',#6676,#5474,#5475);
#4796=AXIS2_PLACEMENT_3D('',#6678,#5477,#5478);
#4797=AXIS2_PLACEMENT_3D('',#6679,#5479,#5480);
#4798=AXIS2_PLACEMENT_3D('',#6685,#5484,#5485);
#4799=AXIS2_PLACEMENT_3D('',#6689,#5488,#5489);
#4800=AXIS2_PLACEMENT_3D('',#6693,#5492,#5493);
#4801=AXIS2_PLACEMENT_3D('',#6697,#5496,#5497);
#4802=AXIS2_PLACEMENT_3D('',#6701,#5500,#5501);
#4803=AXIS2_PLACEMENT_3D('',#6705,#5504,#5505);
#4804=AXIS2_PLACEMENT_3D('',#6709,#5508,#5509);
#4805=AXIS2_PLACEMENT_3D('',#6713,#5512,#5513);
#4806=AXIS2_PLACEMENT_3D('',#6717,#5516,#5517);
#4807=AXIS2_PLACEMENT_3D('',#6721,#5520,#5521);
#4808=AXIS2_PLACEMENT_3D('',#6725,#5524,#5525);
#4809=AXIS2_PLACEMENT_3D('',#6727,#5527,#5528);
#4810=AXIS2_PLACEMENT_3D('',#6728,#5529,#5530);
#4811=AXIS2_PLACEMENT_3D('',#6734,#5534,#5535);
#4812=AXIS2_PLACEMENT_3D('',#6738,#5538,#5539);
#4813=AXIS2_PLACEMENT_3D('',#6742,#5542,#5543);
#4814=AXIS2_PLACEMENT_3D('',#6746,#5546,#5547);
#4815=AXIS2_PLACEMENT_3D('',#6750,#5550,#5551);
#4816=AXIS2_PLACEMENT_3D('',#6752,#5553,#5554);
#4817=AXIS2_PLACEMENT_3D('',#6753,#5555,#5556);
#4818=AXIS2_PLACEMENT_3D('',#6759,#5560,#5561);
#4819=AXIS2_PLACEMENT_3D('',#6763,#5564,#5565);
#4820=AXIS2_PLACEMENT_3D('',#6767,#5568,#5569);
#4821=AXIS2_PLACEMENT_3D('',#6769,#5571,#5572);
#4822=AXIS2_PLACEMENT_3D('',#6770,#5573,#5574);
#4823=AXIS2_PLACEMENT_3D('',#6776,#5578,#5579);
#4824=AXIS2_PLACEMENT_3D('',#6780,#5582,#5583);
#4825=AXIS2_PLACEMENT_3D('',#6784,#5586,#5587);
#4826=AXIS2_PLACEMENT_3D('',#6788,#5590,#5591);
#4827=AXIS2_PLACEMENT_3D('',#6792,#5594,#5595);
#4828=AXIS2_PLACEMENT_3D('',#6794,#5597,#5598);
#4829=AXIS2_PLACEMENT_3D('',#6795,#5599,#5600);
#4830=AXIS2_PLACEMENT_3D('',#6896,#5609,#5610);
#4831=AXIS2_PLACEMENT_3D('',#6902,#5614,#5615);
#4832=AXIS2_PLACEMENT_3D('',#6905,#5618,#5619);
#4833=AXIS2_PLACEMENT_3D('',#7006,#5628,#5629);
#4834=AXIS2_PLACEMENT_3D('',#7012,#5633,#5634);
#4835=AXIS2_PLACEMENT_3D('',#7187,#5648,#5649);
#4836=AXIS2_PLACEMENT_3D('',#7191,#5652,#5653);
#4837=AXIS2_PLACEMENT_3D('',#7195,#5656,#5657);
#4838=AXIS2_PLACEMENT_3D('',#7197,#5659,#5660);
#4839=AXIS2_PLACEMENT_3D('',#7198,#5661,#5662);
#4840=AXIS2_PLACEMENT_3D('',#7392,#5674,#5675);
#4841=AXIS2_PLACEMENT_3D('',#7800,#5705,#5706);
#4842=AXIS2_PLACEMENT_3D('',#8011,#5723,#5724);
#4843=AXIS2_PLACEMENT_3D('',#8012,#5725,#5726);
#4844=AXIS2_PLACEMENT_3D('',#8013,#5727,#5728);
#4845=AXIS2_PLACEMENT_3D('',#8015,#5730,#5731);
#4846=AXIS2_PLACEMENT_3D('',#8017,#5733,#5734);
#4847=AXIS2_PLACEMENT_3D('',#8019,#5736,#5737);
#4848=AXIS2_PLACEMENT_3D('',#8021,#5739,#5740);
#4849=AXIS2_PLACEMENT_3D('',#8023,#5742,#5743);
#4850=AXIS2_PLACEMENT_3D('',#8025,#5745,#5746);
#4851=AXIS2_PLACEMENT_3D('',#8026,#5747,#5748);
#4852=AXIS2_PLACEMENT_3D('',#8027,#5749,#5750);
#4853=AXIS2_PLACEMENT_3D('',#8028,#5751,#5752);
#4854=AXIS2_PLACEMENT_3D('',#8029,#5753,#5754);
#4855=AXIS2_PLACEMENT_3D('',#8031,#5756,#5757);
#4856=DIRECTION('axis',(0.,0.,1.));
#4857=DIRECTION('refdir',(1.,0.,0.));
#4858=DIRECTION('center_axis',(1.,0.,8.58399928915787E-9));
#4859=DIRECTION('ref_axis',(8.58399857861514E-9,0.,-1.));
#4860=DIRECTION('center_axis',(0.,1.,0.));
#4861=DIRECTION('ref_axis',(-0.707106784428608,0.,0.707106777944487));
#4862=DIRECTION('center_axis',(1.,0.,8.58399928915787E-9));
#4863=DIRECTION('ref_axis',(-6.06980410706403E-9,-0.707106781186548,0.707106781186547));
#4864=DIRECTION('center_axis',(-8.58399869703891E-9,-2.96059473233374E-15,
1.));
#4865=DIRECTION('ref_axis',(-1.,-2.96059473233374E-15,-8.58399869703891E-9));
#4866=DIRECTION('center_axis',(-1.,0.,-8.58399928915787E-9));
#4867=DIRECTION('ref_axis',(-6.06980410378099E-9,-0.707106781186548,0.707106781186547));
#4868=DIRECTION('center_axis',(9.16994456173608E-9,0.,-1.));
#4869=DIRECTION('ref_axis',(-0.707106781186543,-0.707106781186552,-6.48413015365327E-9));
#4870=DIRECTION('center_axis',(0.,0.,-1.));
#4871=DIRECTION('ref_axis',(-0.707106781186552,0.707106781186543,0.));
#4872=DIRECTION('',(-9.16994456173608E-9,0.,1.));
#4873=DIRECTION('',(9.16994456173608E-9,0.,-1.));
#4874=DIRECTION('center_axis',(-1.,0.,-8.58399928915787E-9));
#4875=DIRECTION('ref_axis',(0.,-1.,0.));
#4876=DIRECTION('',(9.16994456173608E-9,0.,-1.));
#4877=DIRECTION('',(0.,-1.,0.));
#4878=DIRECTION('center_axis',(0.,0.,1.));
#4879=DIRECTION('ref_axis',(0.707106781186543,-0.707106781186552,0.));
#4880=DIRECTION('center_axis',(0.,0.,-1.));
#4881=DIRECTION('ref_axis',(0.707106781186543,-0.707106781186552,0.));
#4882=DIRECTION('',(0.,0.,1.));
#4883=DIRECTION('center_axis',(0.,0.,-1.));
#4884=DIRECTION('ref_axis',(1.,0.,0.));
#4885=DIRECTION('',(0.,0.,-1.));
#4886=DIRECTION('center_axis',(-1.,0.,0.));
#4887=DIRECTION('ref_axis',(0.,0.,1.));
#4888=DIRECTION('center_axis',(0.,1.,0.));
#4889=DIRECTION('ref_axis',(0.70710678791834,0.,0.707106774454755));
#4890=DIRECTION('center_axis',(1.,0.,0.));
#4891=DIRECTION('ref_axis',(0.,-0.707106781186547,0.707106781186547));
#4892=DIRECTION('center_axis',(-1.,0.,0.));
#4893=DIRECTION('ref_axis',(0.,-0.707106781186547,0.707106781186547));
#4894=DIRECTION('center_axis',(1.,0.,0.));
#4895=DIRECTION('ref_axis',(0.,-0.707106781186547,0.707106781186547));
#4896=DIRECTION('',(-1.,0.,1.90403724673084E-8));
#4897=DIRECTION('center_axis',(1.,0.,0.));
#4898=DIRECTION('ref_axis',(0.,0.,1.));
#4899=DIRECTION('',(1.,0.,0.));
#4900=DIRECTION('center_axis',(1.,0.,8.58399928915787E-9));
#4901=DIRECTION('ref_axis',(-6.0698015949161E-9,-0.707106781186547,0.707106781186547));
#4902=DIRECTION('',(1.,0.,8.58399928915787E-9));
#4903=DIRECTION('',(-1.,0.,0.));
#4904=DIRECTION('center_axis',(0.,-1.,0.));
#4905=DIRECTION('ref_axis',(0.,0.,-1.));
#4906=DIRECTION('',(-1.,0.,0.));
#4907=DIRECTION('center_axis',(1.,0.,0.));
#4908=DIRECTION('ref_axis',(0.,0.707106781186549,0.707106781186546));
#4909=DIRECTION('center_axis',(-1.,0.,0.));
#4910=DIRECTION('ref_axis',(0.,0.,1.));
#4911=DIRECTION('',(-1.,0.,0.));
#4912=DIRECTION('center_axis',(-1.,0.,0.));
#4913=DIRECTION('ref_axis',(0.,0.707106781186549,0.707106781186546));
#4914=DIRECTION('',(1.,0.,0.));
#4915=DIRECTION('center_axis',(0.,0.,-1.));
#4916=DIRECTION('ref_axis',(-1.,0.,0.));
#4917=DIRECTION('center_axis',(0.,1.,0.));
#4918=DIRECTION('ref_axis',(0.,0.,1.));
#4919=DIRECTION('center_axis',(0.,0.,1.));
#4920=DIRECTION('ref_axis',(0.707106781186547,0.707106781186548,0.));
#4921=DIRECTION('center_axis',(0.,0.,-1.));
#4922=DIRECTION('ref_axis',(0.707106781186547,0.707106781186548,0.));
#4923=DIRECTION('center_axis',(0.,1.,0.));
#4924=DIRECTION('ref_axis',(0.707106781186546,0.,0.707106781186549));
#4925=DIRECTION('center_axis',(0.,1.,0.));
#4926=DIRECTION('ref_axis',(0.,0.,1.));
#4927=DIRECTION('',(0.,1.,0.));
#4928=DIRECTION('',(0.,-1.,0.));
#4929=DIRECTION('center_axis',(0.,0.,-1.));
#4930=DIRECTION('ref_axis',(-1.,0.,0.));
#4931=DIRECTION('center_axis',(1.,0.,0.));
#4932=DIRECTION('ref_axis',(0.,0.,1.));
#4933=DIRECTION('center_axis',(0.,0.,1.));
#4934=DIRECTION('ref_axis',(0.707106781186547,-0.707106781186548,0.));
#4935=DIRECTION('center_axis',(0.,0.,-1.));
#4936=DIRECTION('ref_axis',(0.707106781186547,-0.707106781186548,0.));
#4937=DIRECTION('center_axis',(1.,0.,0.));
#4938=DIRECTION('ref_axis',(0.,-0.707106781186548,0.707106781186548));
#4939=DIRECTION('center_axis',(1.,0.,0.));
#4940=DIRECTION('ref_axis',(0.,0.,1.));
#4941=DIRECTION('',(1.,0.,0.));
#4942=DIRECTION('',(-1.,0.,0.));
#4943=DIRECTION('center_axis',(0.,0.,-1.));
#4944=DIRECTION('ref_axis',(-1.,0.,0.));
#4945=DIRECTION('center_axis',(0.,-1.,0.));
#4946=DIRECTION('ref_axis',(0.,0.,1.));
#4947=DIRECTION('center_axis',(0.,0.,1.));
#4948=DIRECTION('ref_axis',(-0.707106781186547,-0.707106781186548,0.));
#4949=DIRECTION('center_axis',(0.,0.,-1.));
#4950=DIRECTION('ref_axis',(-0.707106781186547,-0.707106781186548,0.));
#4951=DIRECTION('center_axis',(0.,-1.,0.));
#4952=DIRECTION('ref_axis',(-0.70710678118654,0.,0.707106781186555));
#4953=DIRECTION('center_axis',(0.,-1.,0.));
#4954=DIRECTION('ref_axis',(0.,0.,1.));
#4955=DIRECTION('',(0.,-1.,0.));
#4956=DIRECTION('',(0.,1.,0.));
#4957=DIRECTION('center_axis',(0.,0.,-1.));
#4958=DIRECTION('ref_axis',(-1.,0.,0.));
#4959=DIRECTION('center_axis',(-1.,0.,0.));
#4960=DIRECTION('ref_axis',(0.,0.,1.));
#4961=DIRECTION('center_axis',(0.,0.,1.));
#4962=DIRECTION('ref_axis',(-0.707106781186547,0.707106781186548,0.));
#4963=DIRECTION('center_axis',(0.,0.,-1.));
#4964=DIRECTION('ref_axis',(-0.707106781186547,0.707106781186548,0.));
#4965=DIRECTION('center_axis',(1.,0.,0.));
#4966=DIRECTION('ref_axis',(0.,0.707106781186549,0.707106781186546));
#4967=DIRECTION('center_axis',(1.,0.,9.16994456173608E-9));
#4968=DIRECTION('ref_axis',(-6.48412998270827E-9,0.707106781186549,0.707106781186546));
#4969=DIRECTION('',(-1.,0.,0.));
#4970=DIRECTION('',(1.,0.,0.));
#4971=DIRECTION('center_axis',(0.,0.,1.));
#4972=DIRECTION('ref_axis',(-1.,0.,0.));
#4973=DIRECTION('',(0.,1.,0.));
#4974=DIRECTION('',(0.,-1.,0.));
#4975=DIRECTION('',(1.,0.,0.));
#4976=DIRECTION('',(0.,-1.,0.));
#4977=DIRECTION('',(-1.,0.,0.));
#4978=DIRECTION('',(0.,1.,0.));
#4979=DIRECTION('',(0.,1.,0.));
#4980=DIRECTION('',(1.,0.,0.));
#4981=DIRECTION('',(0.,-1.,0.));
#4982=DIRECTION('',(-1.,0.,0.));
#4983=DIRECTION('',(0.,1.,0.));
#4984=DIRECTION('',(1.,0.,0.));
#4985=DIRECTION('',(0.,-1.,0.));
#4986=DIRECTION('',(-1.,0.,0.));
#4987=DIRECTION('',(1.,0.,0.));
#4988=DIRECTION('',(0.,-1.,0.));
#4989=DIRECTION('',(-1.,0.,0.));
#4990=DIRECTION('',(0.,1.,0.));
#4991=DIRECTION('',(0.,1.,0.));
#4992=DIRECTION('',(1.,0.,0.));
#4993=DIRECTION('',(0.,-1.,0.));
#4994=DIRECTION('',(-1.,0.,0.));
#4995=DIRECTION('',(1.,0.,0.));
#4996=DIRECTION('',(0.,-1.,0.));
#4997=DIRECTION('',(-1.,0.,0.));
#4998=DIRECTION('',(0.,1.,0.));
#4999=DIRECTION('',(1.,0.,0.));
#5000=DIRECTION('',(0.,-1.,0.));
#5001=DIRECTION('',(-1.,0.,0.));
#5002=DIRECTION('',(0.,1.,0.));
#5003=DIRECTION('',(1.,0.,0.));
#5004=DIRECTION('',(0.,-1.,0.));
#5005=DIRECTION('',(-1.,0.,0.));
#5006=DIRECTION('',(0.,1.,0.));
#5007=DIRECTION('',(0.,1.,0.));
#5008=DIRECTION('',(1.,0.,0.));
#5009=DIRECTION('',(0.,-1.,0.));
#5010=DIRECTION('',(-1.,2.81722068435977E-15,0.));
#5011=DIRECTION('',(0.,-1.,0.));
#5012=DIRECTION('',(1.,0.,0.));
#5013=DIRECTION('',(0.,-1.,0.));
#5014=DIRECTION('',(-1.,1.26882631385732E-16,0.));
#5015=DIRECTION('',(-0.999999737171232,-0.000725022390533069,0.));
#5016=DIRECTION('',(-0.000725022390533069,0.999999737171232,0.));
#5017=DIRECTION('',(0.999999737171232,0.000725022390526584,0.));
#5018=DIRECTION('',(0.,1.,0.));
#5019=DIRECTION('',(1.,0.,0.));
#5020=DIRECTION('',(0.,-1.,0.));
#5021=DIRECTION('',(-1.,0.,0.));
#5022=DIRECTION('',(0.,-1.,0.));
#5023=DIRECTION('',(-1.,0.,0.));
#5024=DIRECTION('',(0.,1.,0.));
#5025=DIRECTION('',(1.,0.,0.));
#5026=DIRECTION('',(0.,1.,0.));
#5027=DIRECTION('',(1.,0.,0.));
#5028=DIRECTION('',(0.,-1.,0.));
#5029=DIRECTION('',(1.,0.,0.));
#5030=DIRECTION('',(0.,-1.,0.));
#5031=DIRECTION('',(-1.,0.,0.));
#5032=DIRECTION('',(0.,1.,0.));
#5033=DIRECTION('',(1.,0.,0.));
#5034=DIRECTION('',(0.,-1.,0.));
#5035=DIRECTION('',(-1.,0.,0.));
#5036=DIRECTION('',(-0.377633481196223,0.925955157596534,0.));
#5037=DIRECTION('',(1.,0.,0.));
#5038=DIRECTION('',(0.370642221571225,-0.928775722975545,0.));
#5039=DIRECTION('',(0.375121624339416,0.926975602134683,0.));
#5040=DIRECTION('',(1.,0.,0.));
#5041=DIRECTION('',(-0.385246811202991,-0.922813575137431,0.));
#5042=DIRECTION('',(1.,0.,0.));
#5043=DIRECTION('',(0.,-1.,0.));
#5044=DIRECTION('',(-1.,0.,0.));
#5045=DIRECTION('',(0.,-1.,0.));
#5046=DIRECTION('',(1.,0.,0.));
#5047=DIRECTION('',(0.,-1.,0.));
#5048=DIRECTION('',(-1.,0.,0.));
#5049=DIRECTION('',(0.,-1.,0.));
#5050=DIRECTION('',(1.,0.,0.));
#5051=DIRECTION('',(0.,-1.,0.));
#5052=DIRECTION('',(-1.,0.,0.));
#5053=DIRECTION('',(0.,1.,0.));
#5054=DIRECTION('',(1.,0.,0.));
#5055=DIRECTION('',(0.,-1.,0.));
#5056=DIRECTION('',(-1.,0.,0.));
#5057=DIRECTION('',(0.,-1.,0.));
#5058=DIRECTION('',(1.,0.,0.));
#5059=DIRECTION('',(0.,-1.,0.));
#5060=DIRECTION('',(-1.,0.,0.));
#5061=DIRECTION('',(0.,-1.,0.));
#5062=DIRECTION('',(1.,0.,0.));
#5063=DIRECTION('',(0.,-1.,0.));
#5064=DIRECTION('',(-1.,0.,0.));
#5065=DIRECTION('',(0.,1.,0.));
#5066=DIRECTION('',(1.,0.,0.));
#5067=DIRECTION('',(0.,-1.,0.));
#5068=DIRECTION('',(-1.,0.,0.));
#5069=DIRECTION('',(0.,-1.,0.));
#5070=DIRECTION('',(1.,0.,0.));
#5071=DIRECTION('',(0.,-1.,0.));
#5072=DIRECTION('',(-1.,0.,0.));
#5073=DIRECTION('',(0.,-1.,0.));
#5074=DIRECTION('',(1.,0.,0.));
#5075=DIRECTION('',(0.,-1.,0.));
#5076=DIRECTION('',(-1.,0.,0.));
#5077=DIRECTION('',(0.,1.,0.));
#5078=DIRECTION('center_axis',(0.,0.,-1.));
#5079=DIRECTION('ref_axis',(-1.,0.,0.));
#5080=DIRECTION('center_axis',(0.,0.,-1.));
#5081=DIRECTION('ref_axis',(-1.,0.,0.));
#5082=DIRECTION('center_axis',(0.,0.,-1.));
#5083=DIRECTION('ref_axis',(-1.,0.,0.));
#5084=DIRECTION('center_axis',(0.,0.,-1.));
#5085=DIRECTION('ref_axis',(-1.,0.,0.));
#5086=DIRECTION('center_axis',(0.,0.,1.));
#5087=DIRECTION('ref_axis',(-0.707106781186547,0.707106781186547,0.));
#5088=DIRECTION('',(0.,0.,-1.));
#5089=DIRECTION('center_axis',(0.,0.,1.));
#5090=DIRECTION('ref_axis',(-0.707106781186547,0.707106781186547,0.));
#5091=DIRECTION('',(0.,0.,1.));
#5092=DIRECTION('center_axis',(0.707106781186548,0.,-0.707106781186548));
#5093=DIRECTION('ref_axis',(-0.707106781186547,0.,-0.707106781186547));
#5094=DIRECTION('center_axis',(-1.,0.,0.));
#5095=DIRECTION('ref_axis',(0.,0.707106781186547,-0.707106781186547));
#5096=DIRECTION('',(-1.,0.,0.));
#5097=DIRECTION('center_axis',(0.707106778151644,0.,0.707106784221451));
#5098=DIRECTION('ref_axis',(0.707106784221451,0.,-0.707106778151644));
#5099=DIRECTION('',(1.,0.,0.));
#5100=DIRECTION('center_axis',(8.58399968213909E-9,0.,-1.));
#5101=DIRECTION('ref_axis',(0.707106781186547,0.707106781186547,6.06980410706403E-9));
#5102=DIRECTION('',(8.58399968213909E-9,0.,-1.));
#5103=DIRECTION('center_axis',(-8.58399928915787E-9,0.,1.));
#5104=DIRECTION('ref_axis',(1.,0.,8.58399928915787E-9));
#5105=DIRECTION('',(-8.58399968213909E-9,0.,1.));
#5106=DIRECTION('center_axis',(0.,0.,-1.));
#5107=DIRECTION('ref_axis',(0.707106781186547,0.707106781186547,0.));
#5108=DIRECTION('',(0.,0.,-1.));
#5109=DIRECTION('center_axis',(0.,0.,1.));
#5110=DIRECTION('ref_axis',(0.707106781186547,0.707106781186547,0.));
#5111=DIRECTION('',(0.,0.,1.));
#5112=DIRECTION('center_axis',(-1.,0.,-8.58399968213909E-9));
#5113=DIRECTION('ref_axis',(8.58399968213909E-9,0.,-1.));
#5114=DIRECTION('',(0.,-1.,0.));
#5115=DIRECTION('',(8.58399968213909E-9,0.,-1.));
#5116=DIRECTION('',(0.,-1.,0.));
#5117=DIRECTION('center_axis',(0.,0.,-1.));
#5118=DIRECTION('ref_axis',(1.,0.,0.));
#5119=DIRECTION('',(0.,-1.,0.));
#5120=DIRECTION('',(1.,0.,0.));
#5121=DIRECTION('center_axis',(1.,0.,0.));
#5122=DIRECTION('ref_axis',(0.,0.,1.));
#5123=DIRECTION('',(0.,1.,0.));
#5124=DIRECTION('',(0.,0.,-1.));
#5125=DIRECTION('center_axis',(0.,-1.,0.));
#5126=DIRECTION('ref_axis',(-0.707106784428608,0.,0.707106777944487));
#5127=DIRECTION('',(0.,1.,0.));
#5128=DIRECTION('center_axis',(0.,-1.,0.));
#5129=DIRECTION('ref_axis',(-0.707106784428608,0.,0.707106777944487));
#5130=DIRECTION('',(0.,-1.,0.));
#5131=DIRECTION('center_axis',(-1.,0.,-9.16994456173608E-9));
#5132=DIRECTION('ref_axis',(9.16994456173608E-9,0.,-1.));
#5133=DIRECTION('',(-9.16994456173608E-9,0.,1.));
#5134=DIRECTION('center_axis',(0.,1.,0.));
#5135=DIRECTION('ref_axis',(0.,0.,1.));
#5136=DIRECTION('',(-1.,0.,0.));
#5137=DIRECTION('',(-1.,0.,1.90403724673084E-8));
#5138=DIRECTION('center_axis',(0.,-1.,0.));
#5139=DIRECTION('ref_axis',(0.70710678791834,0.,0.707106774454755));
#5140=DIRECTION('',(0.,0.,1.));
#5141=DIRECTION('',(0.,0.,1.));
#5142=DIRECTION('',(1.,0.,0.));
#5143=DIRECTION('',(1.,0.,0.));
#5144=DIRECTION('',(0.,0.,-1.));
#5145=DIRECTION('center_axis',(0.,-1.,0.));
#5146=DIRECTION('ref_axis',(0.70710678791834,0.,0.707106774454755));
#5147=DIRECTION('',(0.,1.,0.));
#5148=DIRECTION('',(0.,-1.,0.));
#5149=DIRECTION('center_axis',(1.,0.,0.));
#5150=DIRECTION('ref_axis',(0.,0.,1.));
#5151=DIRECTION('center_axis',(-0.999999737171232,-0.000725022390533069,
0.));
#5152=DIRECTION('ref_axis',(0.,0.,-1.));
#5153=DIRECTION('',(0.,0.,1.));
#5154=DIRECTION('',(0.,0.,-1.));
#5155=DIRECTION('',(0.000725022390533069,-0.999999737171232,0.));
#5156=DIRECTION('center_axis',(0.000725022390533069,-0.999999737171232,
0.));
#5157=DIRECTION('ref_axis',(0.,0.,-1.));
#5158=DIRECTION('',(0.,0.,1.));
#5159=DIRECTION('',(0.999999737171232,0.000725022390533069,0.));
#5160=DIRECTION('center_axis',(1.,0.,0.));
#5161=DIRECTION('ref_axis',(0.,0.,-1.));
#5162=DIRECTION('',(0.,0.,1.));
#5163=DIRECTION('',(0.,1.,0.));
#5164=DIRECTION('center_axis',(0.,1.,0.));
#5165=DIRECTION('ref_axis',(0.,0.,-1.));
#5166=DIRECTION('',(0.,0.,1.));
#5167=DIRECTION('',(0.,0.,-1.));
#5168=DIRECTION('',(-1.,0.,0.));
#5169=DIRECTION('center_axis',(-1.,0.,0.));
#5170=DIRECTION('ref_axis',(0.,0.,1.));
#5171=DIRECTION('',(0.,0.,1.));
#5172=DIRECTION('',(0.,-1.,0.));
#5173=DIRECTION('center_axis',(0.,1.,0.));
#5174=DIRECTION('ref_axis',(-1.,0.,0.));
#5175=DIRECTION('',(0.,0.,1.));
#5176=DIRECTION('',(-1.,0.,0.));
#5177=DIRECTION('center_axis',(0.,0.,1.));
#5178=DIRECTION('ref_axis',(-1.,0.,0.));
#5179=DIRECTION('',(0.,-1.,0.));
#5180=DIRECTION('center_axis',(1.90403724673084E-8,0.,1.));
#5181=DIRECTION('ref_axis',(-1.,0.,1.90403724673084E-8));
#5182=DIRECTION('center_axis',(0.,0.,1.));
#5183=DIRECTION('ref_axis',(-1.,0.,0.));
#5184=DIRECTION('',(0.,-1.,0.));
#5185=DIRECTION('',(1.,0.,0.));
#5186=DIRECTION('center_axis',(0.,0.,1.));
#5187=DIRECTION('ref_axis',(0.707106781186547,0.707106781186547,0.));
#5188=DIRECTION('',(0.,-1.,0.));
#5189=DIRECTION('center_axis',(0.,0.,1.));
#5190=DIRECTION('ref_axis',(0.707106781186547,-0.707106781186547,0.));
#5191=DIRECTION('',(1.,0.,0.));
#5192=DIRECTION('center_axis',(0.,0.,1.));
#5193=DIRECTION('ref_axis',(-0.707106781186547,-0.707106781186547,0.));
#5194=DIRECTION('',(0.,1.,0.));
#5195=DIRECTION('center_axis',(0.,0.,1.));
#5196=DIRECTION('ref_axis',(-0.707106781186547,0.707106781186547,0.));
#5197=DIRECTION('',(-1.,0.,0.));
#5198=DIRECTION('',(0.,-1.,0.));
#5199=DIRECTION('',(1.,0.,0.));
#5200=DIRECTION('',(0.,1.,0.));
#5201=DIRECTION('',(0.,-1.,0.));
#5202=DIRECTION('',(1.,0.,0.));
#5203=DIRECTION('',(0.,1.,0.));
#5204=DIRECTION('',(-1.,0.,0.));
#5205=DIRECTION('',(0.,-1.,0.));
#5206=DIRECTION('',(1.,0.,0.));
#5207=DIRECTION('',(0.,1.,0.));
#5208=DIRECTION('',(-1.,0.,0.));
#5209=DIRECTION('',(-1.,0.,0.));
#5210=DIRECTION('',(0.,-1.,0.));
#5211=DIRECTION('',(1.,0.,0.));
#5212=DIRECTION('',(0.,1.,0.));
#5213=DIRECTION('',(0.,-1.,0.));
#5214=DIRECTION('',(1.,0.,0.));
#5215=DIRECTION('',(0.,1.,0.));
#5216=DIRECTION('',(-1.,0.,0.));
#5217=DIRECTION('',(-1.,0.,0.));
#5218=DIRECTION('',(0.,-1.,0.));
#5219=DIRECTION('',(1.,0.,0.));
#5220=DIRECTION('',(0.,1.,0.));
#5221=DIRECTION('',(-1.,0.,0.));
#5222=DIRECTION('',(0.,-1.,0.));
#5223=DIRECTION('',(1.,0.,0.));
#5224=DIRECTION('',(0.,1.,0.));
#5225=DIRECTION('',(-1.,0.,0.));
#5226=DIRECTION('',(0.,-1.,0.));
#5227=DIRECTION('',(1.,0.,0.));
#5228=DIRECTION('',(0.,1.,0.));
#5229=DIRECTION('',(0.,-1.,0.));
#5230=DIRECTION('',(1.,-2.81722068435977E-15,0.));
#5231=DIRECTION('',(0.,1.,0.));
#5232=DIRECTION('',(-1.,0.,0.));
#5233=DIRECTION('',(-1.,1.26882631385732E-16,0.));
#5234=DIRECTION('',(0.,-1.,0.));
#5235=DIRECTION('',(1.,0.,0.));
#5236=DIRECTION('',(0.,1.,0.));
#5237=DIRECTION('center_axis',(0.,0.,-1.));
#5238=DIRECTION('ref_axis',(-1.,0.,0.));
#5239=DIRECTION('center_axis',(0.,0.,-1.));
#5240=DIRECTION('ref_axis',(-1.,0.,0.));
#5241=DIRECTION('center_axis',(0.,0.,-1.));
#5242=DIRECTION('ref_axis',(-1.,0.,0.));
#5243=DIRECTION('center_axis',(0.,0.,-1.));
#5244=DIRECTION('ref_axis',(-1.,0.,0.));
#5245=DIRECTION('',(0.,-1.,0.));
#5246=DIRECTION('',(0.999999737171232,0.000725022390526584,0.));
#5247=DIRECTION('center_axis',(0.,-1.,0.));
#5248=DIRECTION('ref_axis',(0.,0.,-1.));
#5249=DIRECTION('',(0.,0.,-1.));
#5250=DIRECTION('center_axis',(-1.,0.,0.));
#5251=DIRECTION('ref_axis',(0.,0.,-1.));
#5252=DIRECTION('center_axis',(1.,0.,0.));
#5253=DIRECTION('ref_axis',(0.,0.,-1.));
#5254=DIRECTION('',(0.,0.,-1.));
#5255=DIRECTION('',(0.,0.,1.));
#5256=DIRECTION('center_axis',(0.,-1.,0.));
#5257=DIRECTION('ref_axis',(1.,0.,0.));
#5258=DIRECTION('',(0.,0.,1.));
#5259=DIRECTION('center_axis',(0.,-1.,0.));
#5260=DIRECTION('ref_axis',(1.,0.,-1.58716658273789E-16));
#5261=DIRECTION('',(0.,0.,1.));
#5262=DIRECTION('',(0.,0.,1.));
#5263=DIRECTION('center_axis',(1.,0.,0.));
#5264=DIRECTION('ref_axis',(0.,1.,0.));
#5265=DIRECTION('',(0.,0.,1.));
#5266=DIRECTION('center_axis',(0.,1.,0.));
#5267=DIRECTION('ref_axis',(-1.,0.,3.17433316547579E-16));
#5268=DIRECTION('',(0.,0.,1.));
#5269=DIRECTION('center_axis',(-1.,0.,0.));
#5270=DIRECTION('ref_axis',(0.,-1.,-1.58716658273789E-16));
#5271=DIRECTION('center_axis',(1.,0.,0.));
#5272=DIRECTION('ref_axis',(0.,1.,0.));
#5273=DIRECTION('',(0.,0.,1.));
#5274=DIRECTION('',(0.,0.,1.));
#5275=DIRECTION('center_axis',(0.,1.,0.));
#5276=DIRECTION('ref_axis',(-1.,0.,0.));
#5277=DIRECTION('',(0.,0.,1.));
#5278=DIRECTION('center_axis',(-1.,0.,0.));
#5279=DIRECTION('ref_axis',(0.,-1.,0.));
#5280=DIRECTION('',(0.,0.,1.));
#5281=DIRECTION('center_axis',(0.,-1.,0.));
#5282=DIRECTION('ref_axis',(1.,0.,0.));
#5283=DIRECTION('center_axis',(1.,0.,0.));
#5284=DIRECTION('ref_axis',(0.,1.,0.));
#5285=DIRECTION('',(0.,0.,1.));
#5286=DIRECTION('',(0.,0.,1.));
#5287=DIRECTION('center_axis',(0.,1.,0.));
#5288=DIRECTION('ref_axis',(-1.,0.,0.));
#5289=DIRECTION('',(0.,0.,1.));
#5290=DIRECTION('center_axis',(-1.,0.,0.));
#5291=DIRECTION('ref_axis',(0.,-1.,0.));
#5292=DIRECTION('',(0.,0.,1.));
#5293=DIRECTION('center_axis',(0.,-1.,0.));
#5294=DIRECTION('ref_axis',(1.,0.,0.));
#5295=DIRECTION('center_axis',(0.,-1.,0.));
#5296=DIRECTION('ref_axis',(1.,0.,-1.58716658273789E-16));
#5297=DIRECTION('',(0.,0.,1.));
#5298=DIRECTION('',(0.,0.,1.));
#5299=DIRECTION('center_axis',(1.,0.,0.));
#5300=DIRECTION('ref_axis',(0.,1.,0.));
#5301=DIRECTION('',(0.,0.,1.));
#5302=DIRECTION('center_axis',(0.,1.,0.));
#5303=DIRECTION('ref_axis',(-1.,0.,3.17433316547579E-16));
#5304=DIRECTION('',(0.,0.,1.));
#5305=DIRECTION('center_axis',(-1.,0.,0.));
#5306=DIRECTION('ref_axis',(0.,-1.,-1.58716658273789E-16));
#5307=DIRECTION('center_axis',(1.,0.,0.));
#5308=DIRECTION('ref_axis',(0.,1.,0.));
#5309=DIRECTION('',(0.,0.,1.));
#5310=DIRECTION('',(0.,0.,1.));
#5311=DIRECTION('center_axis',(0.,1.,0.));
#5312=DIRECTION('ref_axis',(-1.,0.,0.));
#5313=DIRECTION('',(0.,0.,1.));
#5314=DIRECTION('center_axis',(-1.,0.,0.));
#5315=DIRECTION('ref_axis',(0.,-1.,0.));
#5316=DIRECTION('',(0.,0.,1.));
#5317=DIRECTION('center_axis',(0.,-1.,0.));
#5318=DIRECTION('ref_axis',(1.,0.,0.));
#5319=DIRECTION('center_axis',(0.,-1.,0.));
#5320=DIRECTION('ref_axis',(1.,0.,0.));
#5321=DIRECTION('',(0.,0.,1.));
#5322=DIRECTION('',(0.,0.,1.));
#5323=DIRECTION('center_axis',(1.,0.,0.));
#5324=DIRECTION('ref_axis',(0.,1.,0.));
#5325=DIRECTION('',(0.,0.,1.));
#5326=DIRECTION('center_axis',(0.,1.,0.));
#5327=DIRECTION('ref_axis',(-1.,0.,0.));
#5328=DIRECTION('',(0.,0.,1.));
#5329=DIRECTION('center_axis',(-1.,0.,0.));
#5330=DIRECTION('ref_axis',(0.,-1.,0.));
#5331=DIRECTION('center_axis',(0.,-1.,0.));
#5332=DIRECTION('ref_axis',(1.,0.,1.5871665827379E-16));
#5333=DIRECTION('',(0.,0.,1.));
#5334=DIRECTION('',(0.,0.,1.));
#5335=DIRECTION('center_axis',(1.,0.,0.));
#5336=DIRECTION('ref_axis',(0.,1.,0.));
#5337=DIRECTION('',(0.,0.,1.));
#5338=DIRECTION('center_axis',(0.,1.,0.));
#5339=DIRECTION('ref_axis',(-1.,0.,-1.5871665827379E-16));
#5340=DIRECTION('',(0.,0.,1.));
#5341=DIRECTION('center_axis',(-1.,0.,0.));
#5342=DIRECTION('ref_axis',(0.,-1.,0.));
#5343=DIRECTION('center_axis',(0.,-1.,0.));
#5344=DIRECTION('ref_axis',(1.,0.,0.));
#5345=DIRECTION('',(0.,0.,1.));
#5346=DIRECTION('',(0.,0.,1.));
#5347=DIRECTION('center_axis',(1.,0.,0.));
#5348=DIRECTION('ref_axis',(0.,1.,0.));
#5349=DIRECTION('',(0.,0.,1.));
#5350=DIRECTION('center_axis',(0.,1.,0.));
#5351=DIRECTION('ref_axis',(-1.,0.,0.));
#5352=DIRECTION('',(0.,0.,1.));
#5353=DIRECTION('center_axis',(-1.,0.,0.));
#5354=DIRECTION('ref_axis',(0.,-1.,0.));
#5355=DIRECTION('center_axis',(1.,0.,0.));
#5356=DIRECTION('ref_axis',(0.,1.,0.));
#5357=DIRECTION('',(0.,0.,1.));
#5358=DIRECTION('',(0.,0.,1.));
#5359=DIRECTION('center_axis',(0.,1.,0.));
#5360=DIRECTION('ref_axis',(-1.,0.,1.5871665827379E-16));
#5361=DIRECTION('',(0.,0.,1.));
#5362=DIRECTION('center_axis',(-1.,0.,0.));
#5363=DIRECTION('ref_axis',(0.,-1.,-1.58716658273789E-16));
#5364=DIRECTION('',(0.,0.,1.));
#5365=DIRECTION('center_axis',(-2.81722068435977E-15,-1.,0.));
#5366=DIRECTION('ref_axis',(1.,-2.81722068435977E-15,0.));
#5367=DIRECTION('center_axis',(0.,0.,-1.));
#5368=DIRECTION('ref_axis',(-1.,0.,0.));
#5369=DIRECTION('',(0.,0.,1.));
#5370=DIRECTION('center_axis',(0.,0.,-1.));
#5371=DIRECTION('ref_axis',(-1.,0.,0.));
#5372=DIRECTION('',(0.,0.,1.));
#5373=DIRECTION('center_axis',(0.,0.,-1.));
#5374=DIRECTION('ref_axis',(-1.,0.,0.));
#5375=DIRECTION('',(0.,0.,1.));
#5376=DIRECTION('center_axis',(0.,0.,-1.));
#5377=DIRECTION('ref_axis',(-1.,0.,0.));
#5378=DIRECTION('',(0.,0.,1.));
#5379=DIRECTION('center_axis',(0.,1.,0.));
#5380=DIRECTION('ref_axis',(1.,0.,0.));
#5381=DIRECTION('',(0.,0.,-1.));
#5382=DIRECTION('',(1.,0.,0.));
#5383=DIRECTION('',(0.,0.,-1.));
#5384=DIRECTION('center_axis',(-1.,0.,0.));
#5385=DIRECTION('ref_axis',(0.,1.,0.));
#5386=DIRECTION('',(0.,0.,-1.));
#5387=DIRECTION('',(0.,1.,0.));
#5388=DIRECTION('center_axis',(0.,-1.,0.));
#5389=DIRECTION('ref_axis',(-1.,0.,0.));
#5390=DIRECTION('',(0.,0.,-1.));
#5391=DIRECTION('',(-1.,0.,0.));
#5392=DIRECTION('center_axis',(1.,0.,0.));
#5393=DIRECTION('ref_axis',(0.,-1.,0.));
#5394=DIRECTION('',(0.,0.,-1.));
#5395=DIRECTION('',(0.,-1.,0.));
#5396=DIRECTION('center_axis',(0.,1.,0.));
#5397=DIRECTION('ref_axis',(1.,0.,0.));
#5398=DIRECTION('',(0.,0.,-1.));
#5399=DIRECTION('',(1.,0.,0.));
#5400=DIRECTION('center_axis',(1.,0.,0.));
#5401=DIRECTION('ref_axis',(0.,-1.,0.));
#5402=DIRECTION('',(0.,0.,-1.));
#5403=DIRECTION('',(0.,-1.,0.));
#5404=DIRECTION('center_axis',(0.,-1.,0.));
#5405=DIRECTION('ref_axis',(-1.,0.,0.));
#5406=DIRECTION('',(0.,0.,-1.));
#5407=DIRECTION('',(-1.,0.,0.));
#5408=DIRECTION('center_axis',(1.,0.,0.));
#5409=DIRECTION('ref_axis',(0.,-1.,0.));
#5410=DIRECTION('',(0.,0.,-1.));
#5411=DIRECTION('',(0.,-1.,0.));
#5412=DIRECTION('center_axis',(0.,1.,0.));
#5413=DIRECTION('ref_axis',(1.,0.,0.));
#5414=DIRECTION('',(0.,0.,-1.));
#5415=DIRECTION('',(1.,0.,0.));
#5416=DIRECTION('center_axis',(1.,0.,0.));
#5417=DIRECTION('ref_axis',(0.,-1.,0.));
#5418=DIRECTION('',(0.,0.,-1.));
#5419=DIRECTION('',(0.,-1.,0.));
#5420=DIRECTION('center_axis',(0.,-1.,0.));
#5421=DIRECTION('ref_axis',(-1.,0.,0.));
#5422=DIRECTION('',(0.,0.,-1.));
#5423=DIRECTION('',(-1.,0.,0.));
#5424=DIRECTION('center_axis',(1.,0.,0.));
#5425=DIRECTION('ref_axis',(0.,-1.,0.));
#5426=DIRECTION('',(0.,-1.,0.));
#5427=DIRECTION('center_axis',(0.,0.,-1.));
#5428=DIRECTION('ref_axis',(-1.,0.,0.));
#5429=DIRECTION('center_axis',(0.,1.,0.));
#5430=DIRECTION('ref_axis',(1.,0.,0.));
#5431=DIRECTION('',(0.,0.,-1.));
#5432=DIRECTION('',(1.,0.,0.));
#5433=DIRECTION('',(0.,0.,-1.));
#5434=DIRECTION('center_axis',(-1.,0.,0.));
#5435=DIRECTION('ref_axis',(0.,1.,0.));
#5436=DIRECTION('',(0.,0.,-1.));
#5437=DIRECTION('',(0.,1.,0.));
#5438=DIRECTION('center_axis',(0.,-1.,0.));
#5439=DIRECTION('ref_axis',(-1.,0.,0.));
#5440=DIRECTION('',(0.,0.,-1.));
#5441=DIRECTION('',(-1.,0.,0.));
#5442=DIRECTION('center_axis',(1.,0.,0.));
#5443=DIRECTION('ref_axis',(0.,-1.,0.));
#5444=DIRECTION('',(0.,0.,-1.));
#5445=DIRECTION('',(0.,-1.,0.));
#5446=DIRECTION('center_axis',(0.,1.,0.));
#5447=DIRECTION('ref_axis',(1.,0.,0.));
#5448=DIRECTION('',(0.,0.,-1.));
#5449=DIRECTION('',(1.,0.,0.));
#5450=DIRECTION('center_axis',(1.,0.,0.));
#5451=DIRECTION('ref_axis',(0.,-1.,0.));
#5452=DIRECTION('',(0.,0.,-1.));
#5453=DIRECTION('',(0.,-1.,0.));
#5454=DIRECTION('center_axis',(0.,-1.,0.));
#5455=DIRECTION('ref_axis',(-1.,0.,0.));
#5456=DIRECTION('',(0.,0.,-1.));
#5457=DIRECTION('',(-1.,0.,0.));
#5458=DIRECTION('center_axis',(1.,0.,0.));
#5459=DIRECTION('ref_axis',(0.,-1.,0.));
#5460=DIRECTION('',(0.,0.,-1.));
#5461=DIRECTION('',(0.,-1.,0.));
#5462=DIRECTION('center_axis',(0.,1.,0.));
#5463=DIRECTION('ref_axis',(1.,0.,0.));
#5464=DIRECTION('',(0.,0.,-1.));
#5465=DIRECTION('',(1.,0.,0.));
#5466=DIRECTION('center_axis',(1.,0.,0.));
#5467=DIRECTION('ref_axis',(0.,-1.,0.));
#5468=DIRECTION('',(0.,0.,-1.));
#5469=DIRECTION('',(0.,-1.,0.));
#5470=DIRECTION('center_axis',(0.,-1.,0.));
#5471=DIRECTION('ref_axis',(-1.,0.,0.));
#5472=DIRECTION('',(0.,0.,-1.));
#5473=DIRECTION('',(-1.,0.,0.));
#5474=DIRECTION('center_axis',(1.,0.,0.));
#5475=DIRECTION('ref_axis',(0.,-1.,0.));
#5476=DIRECTION('',(0.,-1.,0.));
#5477=DIRECTION('center_axis',(0.,0.,-1.));
#5478=DIRECTION('ref_axis',(-1.,0.,0.));
#5479=DIRECTION('center_axis',(0.,1.,0.));
#5480=DIRECTION('ref_axis',(1.,0.,0.));
#5481=DIRECTION('',(0.,0.,-1.));
#5482=DIRECTION('',(1.,0.,0.));
#5483=DIRECTION('',(0.,0.,-1.));
#5484=DIRECTION('center_axis',(-1.,0.,0.));
#5485=DIRECTION('ref_axis',(0.,1.,0.));
#5486=DIRECTION('',(0.,0.,-1.));
#5487=DIRECTION('',(0.,1.,0.));
#5488=DIRECTION('center_axis',(0.,-1.,0.));
#5489=DIRECTION('ref_axis',(-1.,0.,0.));
#5490=DIRECTION('',(0.,0.,-1.));
#5491=DIRECTION('',(-1.,0.,0.));
#5492=DIRECTION('center_axis',(1.,0.,0.));
#5493=DIRECTION('ref_axis',(0.,-1.,0.));
#5494=DIRECTION('',(0.,0.,-1.));
#5495=DIRECTION('',(0.,-1.,0.));
#5496=DIRECTION('center_axis',(0.,1.,0.));
#5497=DIRECTION('ref_axis',(1.,0.,0.));
#5498=DIRECTION('',(0.,0.,-1.));
#5499=DIRECTION('',(1.,0.,0.));
#5500=DIRECTION('center_axis',(1.,0.,0.));
#5501=DIRECTION('ref_axis',(0.,-1.,0.));
#5502=DIRECTION('',(0.,0.,-1.));
#5503=DIRECTION('',(0.,-1.,0.));
#5504=DIRECTION('center_axis',(0.,-1.,0.));
#5505=DIRECTION('ref_axis',(-1.,0.,0.));
#5506=DIRECTION('',(0.,0.,-1.));
#5507=DIRECTION('',(-1.,0.,0.));
#5508=DIRECTION('center_axis',(1.,0.,0.));
#5509=DIRECTION('ref_axis',(0.,-1.,0.));
#5510=DIRECTION('',(0.,0.,-1.));
#5511=DIRECTION('',(0.,-1.,0.));
#5512=DIRECTION('center_axis',(0.,1.,0.));
#5513=DIRECTION('ref_axis',(1.,0.,0.));
#5514=DIRECTION('',(0.,0.,-1.));
#5515=DIRECTION('',(1.,0.,0.));
#5516=DIRECTION('center_axis',(1.,0.,0.));
#5517=DIRECTION('ref_axis',(0.,-1.,0.));
#5518=DIRECTION('',(0.,0.,-1.));
#5519=DIRECTION('',(0.,-1.,0.));
#5520=DIRECTION('center_axis',(0.,-1.,0.));
#5521=DIRECTION('ref_axis',(-1.,0.,0.));
#5522=DIRECTION('',(0.,0.,-1.));
#5523=DIRECTION('',(-1.,0.,0.));
#5524=DIRECTION('center_axis',(1.,0.,0.));
#5525=DIRECTION('ref_axis',(0.,-1.,0.));
#5526=DIRECTION('',(0.,-1.,0.));
#5527=DIRECTION('center_axis',(0.,0.,-1.));
#5528=DIRECTION('ref_axis',(-1.,0.,0.));
#5529=DIRECTION('center_axis',(-0.925955157596534,-0.377633481196223,0.));
#5530=DIRECTION('ref_axis',(-0.377633481196223,0.925955157596534,0.));
#5531=DIRECTION('',(0.,0.,-1.));
#5532=DIRECTION('',(-0.377633481196223,0.925955157596534,0.));
#5533=DIRECTION('',(0.,0.,-1.));
#5534=DIRECTION('center_axis',(0.922813575137431,-0.385246811202991,0.));
#5535=DIRECTION('ref_axis',(-0.385246811202991,-0.922813575137431,0.));
#5536=DIRECTION('',(0.,0.,-1.));
#5537=DIRECTION('',(-0.385246811202991,-0.922813575137431,0.));
#5538=DIRECTION('center_axis',(0.,1.,0.));
#5539=DIRECTION('ref_axis',(1.,0.,0.));
#5540=DIRECTION('',(0.,0.,-1.));
#5541=DIRECTION('',(1.,0.,0.));
#5542=DIRECTION('center_axis',(-0.926975602134683,0.375121624339416,0.));
#5543=DIRECTION('ref_axis',(0.375121624339416,0.926975602134683,0.));
#5544=DIRECTION('',(0.,0.,-1.));
#5545=DIRECTION('',(0.375121624339416,0.926975602134683,0.));
#5546=DIRECTION('center_axis',(0.928775722975546,0.370642221571225,0.));
#5547=DIRECTION('ref_axis',(0.370642221571225,-0.928775722975545,0.));
#5548=DIRECTION('',(0.,0.,-1.));
#5549=DIRECTION('',(0.370642221571225,-0.928775722975545,0.));
#5550=DIRECTION('center_axis',(0.,1.,0.));
#5551=DIRECTION('ref_axis',(1.,0.,0.));
#5552=DIRECTION('',(1.,0.,0.));
#5553=DIRECTION('center_axis',(0.,0.,-1.));
#5554=DIRECTION('ref_axis',(-1.,0.,0.));
#5555=DIRECTION('center_axis',(-1.,0.,0.));
#5556=DIRECTION('ref_axis',(0.,1.,0.));
#5557=DIRECTION('',(0.,0.,-1.));
#5558=DIRECTION('',(0.,1.,0.));
#5559=DIRECTION('',(0.,0.,-1.));
#5560=DIRECTION('center_axis',(0.,-1.,0.));
#5561=DIRECTION('ref_axis',(-1.,0.,0.));
#5562=DIRECTION('',(0.,0.,-1.));
#5563=DIRECTION('',(-1.,0.,0.));
#5564=DIRECTION('center_axis',(1.,0.,0.));
#5565=DIRECTION('ref_axis',(0.,-1.,0.));
#5566=DIRECTION('',(0.,0.,-1.));
#5567=DIRECTION('',(0.,-1.,0.));
#5568=DIRECTION('center_axis',(0.,1.,0.));
#5569=DIRECTION('ref_axis',(1.,0.,0.));
#5570=DIRECTION('',(1.,0.,0.));
#5571=DIRECTION('center_axis',(0.,0.,-1.));
#5572=DIRECTION('ref_axis',(-1.,0.,0.));
#5573=DIRECTION('center_axis',(-1.,0.,0.));
#5574=DIRECTION('ref_axis',(0.,1.,0.));
#5575=DIRECTION('',(0.,0.,-1.));
#5576=DIRECTION('',(0.,1.,0.));
#5577=DIRECTION('',(0.,0.,-1.));
#5578=DIRECTION('center_axis',(0.,-1.,0.));
#5579=DIRECTION('ref_axis',(-1.,0.,0.));
#5580=DIRECTION('',(0.,0.,-1.));
#5581=DIRECTION('',(-1.,0.,0.));
#5582=DIRECTION('center_axis',(1.,0.,0.));
#5583=DIRECTION('ref_axis',(0.,-1.,0.));
#5584=DIRECTION('',(0.,0.,-1.));
#5585=DIRECTION('',(0.,-1.,0.));
#5586=DIRECTION('center_axis',(0.,1.,0.));
#5587=DIRECTION('ref_axis',(1.,0.,0.));
#5588=DIRECTION('',(0.,0.,-1.));
#5589=DIRECTION('',(1.,0.,0.));
#5590=DIRECTION('center_axis',(1.,0.,0.));
#5591=DIRECTION('ref_axis',(0.,-1.,0.));
#5592=DIRECTION('',(0.,0.,-1.));
#5593=DIRECTION('',(0.,-1.,0.));
#5594=DIRECTION('center_axis',(0.,1.,0.));
#5595=DIRECTION('ref_axis',(1.,0.,0.));
#5596=DIRECTION('',(1.,0.,0.));
#5597=DIRECTION('center_axis',(0.,0.,-1.));
#5598=DIRECTION('ref_axis',(-1.,0.,0.));
#5599=DIRECTION('center_axis',(0.,-1.,0.));
#5600=DIRECTION('ref_axis',(-1.,0.,0.));
#5601=DIRECTION('',(-1.,0.,0.));
#5602=DIRECTION('',(0.,0.,-1.));
#5603=DIRECTION('',(-1.,0.,0.));
#5604=DIRECTION('',(0.,0.,-1.));
#5605=DIRECTION('',(0.,0.,-1.));
#5606=DIRECTION('',(0.,0.,-1.));
#5607=DIRECTION('',(0.,0.,-1.));
#5608=DIRECTION('',(0.,0.,-1.));
#5609=DIRECTION('center_axis',(0.,1.,0.));
#5610=DIRECTION('ref_axis',(1.,0.,0.));
#5611=DIRECTION('',(1.,0.,0.));
#5612=DIRECTION('',(0.,0.,-1.));
#5613=DIRECTION('',(1.,0.,0.));
#5614=DIRECTION('center_axis',(1.,0.,0.));
#5615=DIRECTION('ref_axis',(0.,-1.,0.));
#5616=DIRECTION('',(0.,-1.,0.));
#5617=DIRECTION('',(0.,-1.,0.));
#5618=DIRECTION('center_axis',(0.,-1.,0.));
#5619=DIRECTION('ref_axis',(-1.,0.,0.));
#5620=DIRECTION('',(-1.,0.,0.));
#5621=DIRECTION('',(0.,0.,-1.));
#5622=DIRECTION('',(-1.,0.,0.));
#5623=DIRECTION('',(0.,0.,-1.));
#5624=DIRECTION('',(0.,0.,-1.));
#5625=DIRECTION('',(0.,0.,-1.));
#5626=DIRECTION('',(0.,0.,-1.));
#5627=DIRECTION('',(0.,0.,-1.));
#5628=DIRECTION('center_axis',(0.,1.,0.));
#5629=DIRECTION('ref_axis',(1.,0.,0.));
#5630=DIRECTION('',(1.,0.,0.));
#5631=DIRECTION('',(0.,0.,-1.));
#5632=DIRECTION('',(1.,0.,0.));
#5633=DIRECTION('center_axis',(1.,0.,0.));
#5634=DIRECTION('ref_axis',(0.,-1.,0.));
#5635=DIRECTION('',(0.,-1.,0.));
#5636=DIRECTION('',(0.,-1.,0.));
#5637=DIRECTION('',(0.,0.,-1.));
#5638=DIRECTION('',(0.,0.,-1.));
#5639=DIRECTION('',(0.,0.,-1.));
#5640=DIRECTION('',(0.,0.,-1.));
#5641=DIRECTION('',(0.,0.,-1.));
#5642=DIRECTION('',(0.,0.,-1.));
#5643=DIRECTION('',(0.,0.,-1.));
#5644=DIRECTION('',(0.,0.,-1.));
#5645=DIRECTION('',(0.,0.,-1.));
#5646=DIRECTION('',(0.,0.,-1.));
#5647=DIRECTION('',(0.,0.,-1.));
#5648=DIRECTION('center_axis',(0.,1.,0.));
#5649=DIRECTION('ref_axis',(1.,0.,0.));
#5650=DIRECTION('',(0.,0.,-1.));
#5651=DIRECTION('',(1.,0.,0.));
#5652=DIRECTION('center_axis',(-1.,0.,0.));
#5653=DIRECTION('ref_axis',(0.,1.,0.));
#5654=DIRECTION('',(0.,0.,-1.));
#5655=DIRECTION('',(0.,1.,0.));
#5656=DIRECTION('center_axis',(0.,-1.,0.));
#5657=DIRECTION('ref_axis',(-1.,0.,0.));
#5658=DIRECTION('',(-1.,0.,0.));
#5659=DIRECTION('center_axis',(0.,0.,1.));
#5660=DIRECTION('ref_axis',(-1.,0.,0.));
#5661=DIRECTION('center_axis',(0.,0.,1.));
#5662=DIRECTION('ref_axis',(-1.,0.,0.));
#5663=DIRECTION('',(0.,0.,-1.));
#5664=DIRECTION('',(0.,0.,-1.));
#5665=DIRECTION('',(0.,0.,-1.));
#5666=DIRECTION('',(0.,0.,-1.));
#5667=DIRECTION('',(0.,0.,-1.));
#5668=DIRECTION('',(0.,0.,-1.));
#5669=DIRECTION('',(0.,0.,-1.));
#5670=DIRECTION('',(0.,0.,-1.));
#5671=DIRECTION('',(0.,0.,-1.));
#5672=DIRECTION('',(0.,0.,-1.));
#5673=DIRECTION('',(0.,0.,-1.));
#5674=DIRECTION('center_axis',(-0.0312347523777035,-0.999512076087079,0.));
#5675=DIRECTION('ref_axis',(-0.999512076087079,0.0312347523777035,0.));
#5676=DIRECTION('',(-0.999512076087079,0.0312347523777035,0.));
#5677=DIRECTION('',(-0.999512076087079,0.0312347523777035,0.));
#5678=DIRECTION('',(0.,0.,-1.));
#5679=DIRECTION('',(0.,0.,-1.));
#5680=DIRECTION('',(0.,0.,-1.));
#5681=DIRECTION('',(0.,0.,-1.));
#5682=DIRECTION('',(0.,0.,-1.));
#5683=DIRECTION('',(0.,0.,-1.));
#5684=DIRECTION('',(0.,0.,-1.));
#5685=DIRECTION('',(0.,0.,-1.));
#5686=DIRECTION('',(0.,0.,-1.));
#5687=DIRECTION('',(0.,0.,-1.));
#5688=DIRECTION('',(0.,0.,-1.));
#5689=DIRECTION('',(0.,0.,-1.));
#5690=DIRECTION('',(0.,0.,-1.));
#5691=DIRECTION('',(0.,0.,-1.));
#5692=DIRECTION('',(0.,0.,-1.));
#5693=DIRECTION('',(0.,0.,-1.));
#5694=DIRECTION('',(0.,0.,-1.));
#5695=DIRECTION('',(0.,0.,-1.));
#5696=DIRECTION('',(0.,0.,-1.));
#5697=DIRECTION('',(0.,0.,-1.));
#5698=DIRECTION('',(0.,0.,-1.));
#5699=DIRECTION('',(0.,0.,-1.));
#5700=DIRECTION('',(0.,0.,-1.));
#5701=DIRECTION('',(0.,0.,-1.));
#5702=DIRECTION('',(0.,0.,-1.));
#5703=DIRECTION('',(0.,0.,-1.));
#5704=DIRECTION('',(0.,0.,-1.));
#5705=DIRECTION('center_axis',(0.832050294337879,0.554700196225176,0.));
#5706=DIRECTION('ref_axis',(0.554700196225176,-0.832050294337879,0.));
#5707=DIRECTION('',(0.554700196225176,-0.832050294337879,0.));
#5708=DIRECTION('',(0.554700196225176,-0.832050294337879,0.));
#5709=DIRECTION('',(0.,0.,-1.));
#5710=DIRECTION('',(0.,0.,-1.));
#5711=DIRECTION('',(0.,0.,-1.));
#5712=DIRECTION('',(0.,0.,-1.));
#5713=DIRECTION('',(0.,0.,-1.));
#5714=DIRECTION('',(0.,0.,-1.));
#5715=DIRECTION('',(0.,0.,-1.));
#5716=DIRECTION('',(0.,0.,-1.));
#5717=DIRECTION('',(0.,0.,-1.));
#5718=DIRECTION('',(0.,0.,-1.));
#5719=DIRECTION('',(0.,0.,-1.));
#5720=DIRECTION('',(0.,0.,-1.));
#5721=DIRECTION('',(0.,0.,-1.));
#5722=DIRECTION('',(0.,0.,-1.));
#5723=DIRECTION('center_axis',(0.,0.,1.));
#5724=DIRECTION('ref_axis',(-1.,0.,0.));
#5725=DIRECTION('center_axis',(0.,0.,1.));
#5726=DIRECTION('ref_axis',(-1.,0.,0.));
#5727=DIRECTION('center_axis',(0.,0.,-1.));
#5728=DIRECTION('ref_axis',(0.707106781186547,0.707106781186547,0.));
#5729=DIRECTION('',(0.,0.,-1.));
#5730=DIRECTION('center_axis',(0.,0.,1.));
#5731=DIRECTION('ref_axis',(-0.707106781186547,0.707106781186547,0.));
#5732=DIRECTION('',(0.,0.,1.));
#5733=DIRECTION('center_axis',(-1.,0.,0.));
#5734=DIRECTION('ref_axis',(0.,0.,1.));
#5735=DIRECTION('',(0.,0.,-1.));
#5736=DIRECTION('center_axis',(0.,0.,-1.));
#5737=DIRECTION('ref_axis',(-0.707106781186547,-0.707106781186547,0.));
#5738=DIRECTION('',(0.,0.,1.));
#5739=DIRECTION('center_axis',(0.,-1.,0.));
#5740=DIRECTION('ref_axis',(0.,0.,-1.));
#5741=DIRECTION('',(0.,0.,-1.));
#5742=DIRECTION('center_axis',(0.,0.,1.));
#5743=DIRECTION('ref_axis',(0.707106781186547,-0.707106781186547,0.));
#5744=DIRECTION('',(0.,0.,1.));
#5745=DIRECTION('center_axis',(1.,0.,0.));
#5746=DIRECTION('ref_axis',(0.,0.,-1.));
#5747=DIRECTION('center_axis',(0.,0.,1.));
#5748=DIRECTION('ref_axis',(-1.,0.,0.));
#5749=DIRECTION('center_axis',(-1.,0.,0.));
#5750=DIRECTION('ref_axis',(0.,-1.,0.));
#5751=DIRECTION('center_axis',(0.000725022390526584,-0.999999737171232,
0.));
#5752=DIRECTION('ref_axis',(0.999999737171232,0.000725022390526584,0.));
#5753=DIRECTION('center_axis',(1.26882631385732E-16,1.,0.));
#5754=DIRECTION('ref_axis',(-1.,1.26882631385732E-16,0.));
#5755=DIRECTION('',(0.,0.,1.));
#5756=DIRECTION('center_axis',(-1.,0.,0.));
#5757=DIRECTION('ref_axis',(0.,-1.,0.));
#5758=CARTESIAN_POINT('',(0.,0.,0.));
#5759=CARTESIAN_POINT('Origin',(-133.500001965807,40.,23.0000003126827));
#5760=CARTESIAN_POINT('',(-135.000001997902,40.,26.5000003289718));
#5761=CARTESIAN_POINT('',(-133.500001997902,40.,28.0000003427267));
#5762=CARTESIAN_POINT('Origin',(-133.500001997902,40.,26.5000003427267));
#5763=CARTESIAN_POINT('',(-135.000001965807,36.5,23.0000002998067));
#5764=CARTESIAN_POINT('Origin',(-135.000001965807,40.,23.0000002998067));
#5765=CARTESIAN_POINT('',(-133.500001965807,35.,23.0000003126827));
#5766=CARTESIAN_POINT('Origin',(-133.500001965807,36.5,23.0000003126827));
#5767=CARTESIAN_POINT('Origin',(-133.500001965807,40.,23.0000003126827));
#5768=CARTESIAN_POINT('Origin',(-133.500001942882,36.5,20.5000001109311));
#5769=CARTESIAN_POINT('',(-133.500001919957,35.,17.999999969956));
#5770=CARTESIAN_POINT('',(-135.000001919957,36.5,17.99999995708));
#5771=CARTESIAN_POINT('Origin',(-133.500001919957,36.5,18.));
#5772=CARTESIAN_POINT('',(-133.500001942882,35.,20.5000001109311));
#5773=CARTESIAN_POINT('',(-135.000001942882,36.5,20.5000000971762));
#5774=CARTESIAN_POINT('Origin',(-135.000001965807,40.,23.0000002998067));
#5775=CARTESIAN_POINT('',(-135.000001965807,40.,23.0000002998067));
#5776=CARTESIAN_POINT('',(-135.000001892447,40.,15.));
#5777=CARTESIAN_POINT('',(-135.000001965807,36.25,23.0000002998067));
#5778=CARTESIAN_POINT('Origin',(-113.500001683831,36.5,19.2500002197921));
#5779=CARTESIAN_POINT('',(-112.000001683831,36.5,18.));
#5780=CARTESIAN_POINT('',(-113.500001683831,35.,18.));
#5781=CARTESIAN_POINT('Origin',(-113.500001683831,36.5,18.));
#5782=CARTESIAN_POINT('',(-112.000001683831,36.5,23.0000003427267));
#5783=CARTESIAN_POINT('',(-112.000001683831,36.5,19.2500002197921));
#5784=CARTESIAN_POINT('',(-113.500001683831,35.,23.0000003427267));
#5785=CARTESIAN_POINT('Origin',(-113.500001683831,36.5,23.0000003427267));
#5786=CARTESIAN_POINT('',(-113.500001683831,35.,19.2500002197921));
#5787=CARTESIAN_POINT('Origin',(-113.500001683831,40.,23.0000003427267));
#5788=CARTESIAN_POINT('',(-113.500001655271,40.,28.0000000285606));
#5789=CARTESIAN_POINT('',(-112.000001683831,40.,26.5000000285606));
#5790=CARTESIAN_POINT('Origin',(-113.500001683831,40.,26.5000000285606));
#5791=CARTESIAN_POINT('Origin',(-113.500001683831,40.,23.0000003427267));
#5792=CARTESIAN_POINT('Origin',(-112.000001683831,40.,23.0000003427267));
#5793=CARTESIAN_POINT('Origin',(-120.250001747161,40.,23.0000003427267));
#5794=CARTESIAN_POINT('',(-130.000001937151,40.,28.0000003427267));
#5795=CARTESIAN_POINT('',(-112.000001683831,40.,28.));
#5796=CARTESIAN_POINT('',(-130.000001980071,35.,23.0000003427267));
#5797=CARTESIAN_POINT('Origin',(-130.000001980071,40.,23.0000003427267));
#5798=CARTESIAN_POINT('',(-120.250001747161,35.,23.0000003427267));
#5799=CARTESIAN_POINT('Origin',(-126.750001884551,40.,23.0000003706247));
#5800=CARTESIAN_POINT('',(-126.750001884551,35.,23.0000003706247));
#5801=CARTESIAN_POINT('',(-130.000001937151,40.,28.0000003427267));
#5802=CARTESIAN_POINT('Origin',(-123.500001810491,35.,20.5000001713634));
#5803=CARTESIAN_POINT('',(-145.50000140816,35.,18.));
#5804=CARTESIAN_POINT('Origin',(-151.250001508743,53.,16.));
#5805=CARTESIAN_POINT('',(-109.6,53.,18.));
#5806=CARTESIAN_POINT('',(-109.6,55.,16.));
#5807=CARTESIAN_POINT('Origin',(-109.6,53.,16.));
#5808=CARTESIAN_POINT('',(-112.000001683831,55.,16.));
#5809=CARTESIAN_POINT('',(-151.250001508743,55.,16.));
#5810=CARTESIAN_POINT('',(-112.000001683831,53.,18.));
#5811=CARTESIAN_POINT('Origin',(-112.000001683831,53.,16.));
#5812=CARTESIAN_POINT('',(-151.250001508743,53.,18.));
#5813=CARTESIAN_POINT('Origin',(-109.6,50.,16.));
#5814=CARTESIAN_POINT('',(-106.6,50.,18.));
#5815=CARTESIAN_POINT('',(-104.6,50.,16.));
#5816=CARTESIAN_POINT('Origin',(-106.6,50.,16.));
#5817=CARTESIAN_POINT('Origin',(-109.6,50.,16.));
#5818=CARTESIAN_POINT('Origin',(-109.6,50.,18.));
#5819=CARTESIAN_POINT('Origin',(-106.6,9.80000037252903,16.));
#5820=CARTESIAN_POINT('',(-106.6,-30.4,18.));
#5821=CARTESIAN_POINT('',(-104.6,-30.4,16.));
#5822=CARTESIAN_POINT('Origin',(-106.6,-30.4,16.));
#5823=CARTESIAN_POINT('',(-104.6,9.80000037252903,16.));
#5824=CARTESIAN_POINT('',(-106.6,9.80000037252903,18.));
#5825=CARTESIAN_POINT('Origin',(-109.6,-30.4,16.));
#5826=CARTESIAN_POINT('',(-109.6,-33.4,18.));
#5827=CARTESIAN_POINT('',(-109.6,-35.4,16.));
#5828=CARTESIAN_POINT('Origin',(-109.6,-33.4,16.));
#5829=CARTESIAN_POINT('Origin',(-109.6,-30.4,16.));
#5830=CARTESIAN_POINT('Origin',(-109.6,-30.4,18.));
#5831=CARTESIAN_POINT('Origin',(-183.750000502914,-33.4,16.));
#5832=CARTESIAN_POINT('',(-200.,-33.4,18.));
#5833=CARTESIAN_POINT('',(-200.,-35.4,16.));
#5834=CARTESIAN_POINT('Origin',(-200.,-33.4,16.));
#5835=CARTESIAN_POINT('',(-183.750000502914,-35.4,16.));
#5836=CARTESIAN_POINT('',(-183.750000502914,-33.4,18.));
#5837=CARTESIAN_POINT('Origin',(-200.,-30.4,16.));
#5838=CARTESIAN_POINT('',(-203.,-30.4,18.));
#5839=CARTESIAN_POINT('',(-205.,-30.4,16.));
#5840=CARTESIAN_POINT('Origin',(-203.,-30.4,16.));
#5841=CARTESIAN_POINT('Origin',(-200.,-30.4,16.));
#5842=CARTESIAN_POINT('Origin',(-200.,-30.4,18.));
#5843=CARTESIAN_POINT('Origin',(-203.,29.9000001862645,16.));
#5844=CARTESIAN_POINT('',(-203.,50.,18.));
#5845=CARTESIAN_POINT('',(-205.,50.,16.));
#5846=CARTESIAN_POINT('Origin',(-203.,50.,16.));
#5847=CARTESIAN_POINT('',(-205.,29.9000001862645,16.));
#5848=CARTESIAN_POINT('',(-203.,29.9000001862645,18.));
#5849=CARTESIAN_POINT('Origin',(-200.,50.,16.));
#5850=CARTESIAN_POINT('',(-200.,53.,18.));
#5851=CARTESIAN_POINT('',(-200.,55.,16.));
#5852=CARTESIAN_POINT('Origin',(-200.,53.,16.));
#5853=CARTESIAN_POINT('Origin',(-200.,50.,16.));
#5854=CARTESIAN_POINT('Origin',(-200.,50.,18.));
#5855=CARTESIAN_POINT('Origin',(-151.250001508743,53.,16.));
#5856=CARTESIAN_POINT('',(-135.000001919957,53.,18.));
#5857=CARTESIAN_POINT('',(-135.000001901617,55.,16.));
#5858=CARTESIAN_POINT('Origin',(-135.000001901617,53.,16.));
#5859=CARTESIAN_POINT('',(-151.250001508743,55.,16.));
#5860=CARTESIAN_POINT('',(-151.250001508743,53.,18.));
#5861=CARTESIAN_POINT('Origin',(-167.500001005828,9.80000037252903,18.));
#5862=CARTESIAN_POINT('',(-135.000001919957,32.4000001862645,18.));
#5863=CARTESIAN_POINT('',(-112.000001683831,32.4000001862645,18.));
#5864=CARTESIAN_POINT('',(-153.339003660073,28.4450013206,18.));
#5865=CARTESIAN_POINT('',(-139.349003660073,28.4450013206,18.));
#5866=CARTESIAN_POINT('',(-153.424502332951,28.4450013206,18.));
#5867=CARTESIAN_POINT('',(-139.349003660073,14.4550013206,18.));
#5868=CARTESIAN_POINT('',(-139.349003660073,12.1275008465645,18.));
#5869=CARTESIAN_POINT('',(-153.339003660073,14.4550013206,18.));
#5870=CARTESIAN_POINT('',(-160.419502332951,14.4550013206,18.));
#5871=CARTESIAN_POINT('',(-153.339003660073,19.1225008465645,18.));
#5872=CARTESIAN_POINT('',(-153.339003660073,-23.6049986794,18.));
#5873=CARTESIAN_POINT('',(-153.339003660073,-9.61499867940002,18.));
#5874=CARTESIAN_POINT('',(-153.339003660073,0.092500846564505,18.));
#5875=CARTESIAN_POINT('',(-139.349003660073,-9.61499867940002,18.));
#5876=CARTESIAN_POINT('',(-153.424502332951,-9.61499867940002,18.));
#5877=CARTESIAN_POINT('',(-139.349003660073,-23.6049986794,18.));
#5878=CARTESIAN_POINT('',(-139.349003660073,-6.9024991534355,18.));
#5879=CARTESIAN_POINT('',(-160.419502332951,-23.6049986794,18.));
#5880=CARTESIAN_POINT('',(-172.379503660073,-23.6049986794,18.));
#5881=CARTESIAN_POINT('',(-172.379503660073,-9.61499867940002,18.));
#5882=CARTESIAN_POINT('',(-172.379503660073,0.092500846564505,18.));
#5883=CARTESIAN_POINT('',(-158.389503660073,-9.61499867940002,18.));
#5884=CARTESIAN_POINT('',(-162.944752332951,-9.61499867940002,18.));
#5885=CARTESIAN_POINT('',(-158.389503660073,-23.6049986794,18.));
#5886=CARTESIAN_POINT('',(-158.389503660073,-6.9024991534355,18.));
#5887=CARTESIAN_POINT('',(-169.939752332951,-23.6049986794,18.));
#5888=CARTESIAN_POINT('',(-172.379503660073,28.4450013206,18.));
#5889=CARTESIAN_POINT('',(-158.389503660073,28.4450013206,18.));
#5890=CARTESIAN_POINT('',(-162.944752332951,28.4450013206,18.));
#5891=CARTESIAN_POINT('',(-158.389503660073,14.4550013206,18.));
#5892=CARTESIAN_POINT('',(-158.389503660073,12.1275008465645,18.));
#5893=CARTESIAN_POINT('',(-172.379503660073,14.4550013206,18.));
#5894=CARTESIAN_POINT('',(-169.939752332951,14.4550013206,18.));
#5895=CARTESIAN_POINT('',(-172.379503660073,19.1225008465645,18.));
#5896=CARTESIAN_POINT('',(-191.420003660073,14.4550013206,18.));
#5897=CARTESIAN_POINT('',(-191.420003660073,28.4450013206,18.));
#5898=CARTESIAN_POINT('',(-191.420003660073,19.1225008465645,18.));
#5899=CARTESIAN_POINT('',(-177.430003660073,28.4450013206,18.));
#5900=CARTESIAN_POINT('',(-172.465002332951,28.4450013206,18.));
#5901=CARTESIAN_POINT('',(-177.430003660073,14.4550013206,18.));
#5902=CARTESIAN_POINT('',(-177.430003660073,12.1275008465645,18.));
#5903=CARTESIAN_POINT('',(-179.460002332951,14.4550013206,18.));
#5904=CARTESIAN_POINT('',(-153.339003660073,9.42550132059999,18.));
#5905=CARTESIAN_POINT('',(-139.349003660073,9.42550132059999,18.));
#5906=CARTESIAN_POINT('',(-153.424502332951,9.42550132059999,18.));
#5907=CARTESIAN_POINT('',(-139.349003660073,-4.56449867940001,18.));
#5908=CARTESIAN_POINT('',(-139.349003660073,2.61775084656451,18.));
#5909=CARTESIAN_POINT('',(-153.339003660073,-4.56449867940001,18.));
#5910=CARTESIAN_POINT('',(-160.419502332951,-4.56449867940001,18.));
#5911=CARTESIAN_POINT('',(-153.339003660073,9.61275084656451,18.));
#5912=CARTESIAN_POINT('',(-191.420003660073,-9.61499867940002,18.));
#5913=CARTESIAN_POINT('',(-177.430003660073,-9.61499867940002,18.));
#5914=CARTESIAN_POINT('',(-172.465002332951,-9.61499867940002,18.));
#5915=CARTESIAN_POINT('',(-177.430003660073,-23.6049986794,18.));
#5916=CARTESIAN_POINT('',(-177.430003660073,-6.90249915343549,18.));
#5917=CARTESIAN_POINT('',(-191.420003660073,-23.6049986794,18.));
#5918=CARTESIAN_POINT('',(-179.460002332951,-23.6049986794,18.));
#5919=CARTESIAN_POINT('',(-191.420003660073,0.092500846564505,18.));
#5920=CARTESIAN_POINT('',(-172.379503660073,9.42550132059999,18.));
#5921=CARTESIAN_POINT('',(-158.389503660073,9.42550132059999,18.));
#5922=CARTESIAN_POINT('',(-162.944752332951,9.42550132059999,18.));
#5923=CARTESIAN_POINT('',(-158.389503660073,-4.56449867940001,18.));
#5924=CARTESIAN_POINT('',(-158.389503660073,2.61775084656451,18.));
#5925=CARTESIAN_POINT('',(-172.379503660073,-4.56449867940001,18.));
#5926=CARTESIAN_POINT('',(-169.939752332951,-4.56449867940001,18.));
#5927=CARTESIAN_POINT('',(-172.379503660073,9.61275084656451,18.));
#5928=CARTESIAN_POINT('',(-191.420003660073,-4.56449867940001,18.));
#5929=CARTESIAN_POINT('',(-191.420003660073,9.42550132059999,18.));
#5930=CARTESIAN_POINT('',(-191.420003660073,9.61275084656451,18.));
#5931=CARTESIAN_POINT('',(-177.430003660073,9.42550132059999,18.));
#5932=CARTESIAN_POINT('',(-172.465002332951,9.42550132059999,18.));
#5933=CARTESIAN_POINT('',(-177.430003660073,-4.56449867940005,18.));
#5934=CARTESIAN_POINT('',(-177.430003660073,2.61775084656449,18.));
#5935=CARTESIAN_POINT('',(-179.460002332951,-4.56449867940004,18.));
#5936=CARTESIAN_POINT('',(-124.272585368505,4.91325524377395,18.));
#5937=CARTESIAN_POINT('',(-123.886440742111,3.8924903183492,18.));
#5938=CARTESIAN_POINT('Ctrl Pts',(-124.272585368505,4.91325524377395,18.));
#5939=CARTESIAN_POINT('Ctrl Pts',(-124.097980841788,4.65134845369786,18.));
#5940=CARTESIAN_POINT('Ctrl Pts',(-123.997247460989,4.38272610490187,18.));
#5941=CARTESIAN_POINT('Ctrl Pts',(-123.886440742111,3.8924903183492,18.));
#5942=CARTESIAN_POINT('',(-123.664827304354,2.19681174157452,18.));
#5943=CARTESIAN_POINT('Ctrl Pts',(-123.886440742111,3.8924903183492,18.));
#5944=CARTESIAN_POINT('Ctrl Pts',(-123.742056229633,3.26458557803858,18.));
#5945=CARTESIAN_POINT('Ctrl Pts',(-123.684973980514,2.83143204060505,18.));
#5946=CARTESIAN_POINT('Ctrl Pts',(-123.664827304354,2.19681174157452,18.));
#5947=CARTESIAN_POINT('',(-123.634607290115,1.58569589806365,18.));
#5948=CARTESIAN_POINT('Ctrl Pts',(-123.664827304354,2.19681174157452,18.));
#5949=CARTESIAN_POINT('Ctrl Pts',(-123.654753966274,1.88453826109919,18.));
#5950=CARTESIAN_POINT('Ctrl Pts',(-123.641322848835,1.6092003535833,18.));
#5951=CARTESIAN_POINT('Ctrl Pts',(-123.634607290115,1.58569589806365,18.));
#5952=CARTESIAN_POINT('',(-123.493580556997,1.6696403820624,18.));
#5953=CARTESIAN_POINT('Ctrl Pts',(-123.634607290115,1.58569589806365,18.));
#5954=CARTESIAN_POINT('Ctrl Pts',(-123.627891731395,1.56554922190395,18.));
#5955=CARTESIAN_POINT('Ctrl Pts',(-123.567451702916,1.59912701550345,18.));
#5956=CARTESIAN_POINT('Ctrl Pts',(-123.493580556997,1.6696403820624,18.));
#5957=CARTESIAN_POINT('',(-121.854984229341,2.58295636796876,18.));
#5958=CARTESIAN_POINT('Ctrl Pts',(-123.493580556997,1.6696403820624,18.));
#5959=CARTESIAN_POINT('Ctrl Pts',(-123.198095973321,1.94833606893823,18.));
#5960=CARTESIAN_POINT('Ctrl Pts',(-122.321715560374,2.43521407613096,18.));
#5961=CARTESIAN_POINT('Ctrl Pts',(-121.854984229341,2.58295636796876,18.));
#5962=CARTESIAN_POINT('',(-120.199599004886,2.7206253217267,18.));
#5963=CARTESIAN_POINT('Ctrl Pts',(-121.854984229341,2.58295636796876,18.));
#5964=CARTESIAN_POINT('Ctrl Pts',(-121.425188471268,2.7139097630068,18.));
#5965=CARTESIAN_POINT('Ctrl Pts',(-120.333910179284,2.8079275850854,18.));
#5966=CARTESIAN_POINT('Ctrl Pts',(-120.199599004886,2.7206253217267,18.));
#5967=CARTESIAN_POINT('',(-121.421830691908,1.52861364894451,18.));
#5968=CARTESIAN_POINT('Ctrl Pts',(-120.199599004886,2.7206253217267,18.));
#5969=CARTESIAN_POINT('Ctrl Pts',(-120.145874535127,2.6870475281272,18.));
#5970=CARTESIAN_POINT('Ctrl Pts',(-120.723412585038,2.12294059565563,18.));
#5971=CARTESIAN_POINT('Ctrl Pts',(-121.421830691908,1.52861364894451,18.));
#5972=CARTESIAN_POINT('',(-121.868415346781,0.971222275192829,18.));
#5973=CARTESIAN_POINT('Ctrl Pts',(-121.421830691908,1.52861364894451,18.));
#5974=CARTESIAN_POINT('Ctrl Pts',(-122.096744343258,0.951075599033133,18.));
#5975=CARTESIAN_POINT('Ctrl Pts',(-122.043019873499,1.01823118623213,18.));
#5976=CARTESIAN_POINT('Ctrl Pts',(-121.868415346781,0.971222275192829,18.));
#5977=CARTESIAN_POINT('',(-119.051238463783,-0.402109483026656,18.));
#5978=CARTESIAN_POINT('Ctrl Pts',(-121.868415346781,0.971222275192829,18.));
#5979=CARTESIAN_POINT('Ctrl Pts',(-120.871154876876,0.719388823196592,18.));
#5980=CARTESIAN_POINT('Ctrl Pts',(-119.722794335773,0.15863967008497,18.));
#5981=CARTESIAN_POINT('Ctrl Pts',(-119.051238463783,-0.402109483026656,
18.));
#5982=CARTESIAN_POINT('',(-116.764590719657,-4.45830694984607,18.));
#5983=CARTESIAN_POINT('Ctrl Pts',(-119.051238463783,-0.402109483026656,
18.));
#5984=CARTESIAN_POINT('Ctrl Pts',(-117.795428983162,-1.44637886397106,18.));
#5985=CARTESIAN_POINT('Ctrl Pts',(-117.070148641413,-2.73240835883185,18.));
#5986=CARTESIAN_POINT('Ctrl Pts',(-116.764590719657,-4.45830694984607,18.));
#5987=CARTESIAN_POINT('',(-116.744444043498,-6.75502803205176,18.));
#5988=CARTESIAN_POINT('Ctrl Pts',(-116.764590719657,-4.45830694984607,18.));
#5989=CARTESIAN_POINT('Ctrl Pts',(-116.660499559499,-5.02577166167759,18.));
#5990=CARTESIAN_POINT('Ctrl Pts',(-116.650426221419,-6.20099443766004,18.));
#5991=CARTESIAN_POINT('Ctrl Pts',(-116.744444043498,-6.75502803205176,18.));
#5992=CARTESIAN_POINT('',(-117.832364556121,-9.57220491504969,18.));
#5993=CARTESIAN_POINT('Ctrl Pts',(-116.744444043498,-6.75502803205176,18.));
#5994=CARTESIAN_POINT('Ctrl Pts',(-116.915690790855,-7.77243517811657,18.));
#5995=CARTESIAN_POINT('Ctrl Pts',(-117.28168874109,-8.71932895762242,18.));
#5996=CARTESIAN_POINT('Ctrl Pts',(-117.832364556121,-9.57220491504969,18.));
#5997=CARTESIAN_POINT('',(-120.965172698955,-12.2449972855698,18.));
#5998=CARTESIAN_POINT('Ctrl Pts',(-117.832364556121,-9.57220491504969,18.));
#5999=CARTESIAN_POINT('Ctrl Pts',(-118.561002677231,-10.6970610006329,18.));
#6000=CARTESIAN_POINT('Ctrl Pts',(-119.746298791293,-11.7077525879778,18.));
#6001=CARTESIAN_POINT('Ctrl Pts',(-120.965172698955,-12.2449972855698,18.));
#6002=CARTESIAN_POINT('',(-128.446305112923,-12.0200260684531,18.));
#6003=CARTESIAN_POINT('Ctrl Pts',(-120.965172698955,-12.2449972855698,18.));
#6004=CARTESIAN_POINT('Ctrl Pts',(-123.30554491284,-13.2758355490744,18.));
#6005=CARTESIAN_POINT('Ctrl Pts',(-126.216739617916,-13.1885332857157,18.));
#6006=CARTESIAN_POINT('Ctrl Pts',(-128.446305112923,-12.0200260684531,18.));
#6007=CARTESIAN_POINT('',(-131.448159860718,-9.11890470145646,18.));
#6008=CARTESIAN_POINT('Ctrl Pts',(-128.446305112923,-12.0200260684531,18.));
#6009=CARTESIAN_POINT('Ctrl Pts',(-129.725619049064,-11.3518279758231,18.));
#6010=CARTESIAN_POINT('Ctrl Pts',(-130.790035106168,-10.3209897123185,18.));
#6011=CARTESIAN_POINT('Ctrl Pts',(-131.448159860718,-9.11890470145646,18.));
#6012=CARTESIAN_POINT('',(-132.348044729185,-5.57644747670937,18.));
#6013=CARTESIAN_POINT('Ctrl Pts',(-131.448159860718,-9.11890470145646,18.));
#6014=CARTESIAN_POINT('Ctrl Pts',(-132.079422380389,-7.96047082227376,18.));
#6015=CARTESIAN_POINT('Ctrl Pts',(-132.348044729185,-6.90612810324951,18.));
#6016=CARTESIAN_POINT('Ctrl Pts',(-132.348044729185,-5.57644747670937,18.));
#6017=CARTESIAN_POINT('',(-131.730213326954,-2.67196833035275,18.));
#6018=CARTESIAN_POINT('Ctrl Pts',(-132.348044729185,-5.57644747670937,18.));
#6019=CARTESIAN_POINT('Ctrl Pts',(-132.348044729185,-4.46502250856597,18.));
#6020=CARTESIAN_POINT('Ctrl Pts',(-132.156651305667,-3.56177986073946,18.));
#6021=CARTESIAN_POINT('Ctrl Pts',(-131.730213326954,-2.67196833035275,18.));
#6022=CARTESIAN_POINT('',(-128.335498394045,0.501133164799852,18.));
#6023=CARTESIAN_POINT('Ctrl Pts',(-131.730213326954,-2.67196833035275,18.));
#6024=CARTESIAN_POINT('Ctrl Pts',(-131.031795220084,-1.21133430877457,18.));
#6025=CARTESIAN_POINT('Ctrl Pts',(-129.920370251941,-0.170422707190119,
18.));
#6026=CARTESIAN_POINT('Ctrl Pts',(-128.335498394045,0.501133164799852,18.));
#6027=CARTESIAN_POINT('',(-126.898368827986,0.981295613272681,18.));
#6028=CARTESIAN_POINT('Ctrl Pts',(-128.335498394045,0.501133164799852,18.));
#6029=CARTESIAN_POINT('Ctrl Pts',(-127.97285822317,0.652233235997595,18.));
#6030=CARTESIAN_POINT('Ctrl Pts',(-127.230788984621,0.900708908633885,18.));
#6031=CARTESIAN_POINT('Ctrl Pts',(-126.898368827986,0.981295613272681,18.));
#6032=CARTESIAN_POINT('',(-127.183780073582,1.24320240334877,18.));
#6033=CARTESIAN_POINT('Ctrl Pts',(-126.898368827986,0.981295613272681,18.));
#6034=CARTESIAN_POINT('Ctrl Pts',(-126.884937710546,0.984653392632633,18.));
#6035=CARTESIAN_POINT('Ctrl Pts',(-127.012533326224,1.10217567023088,18.));
#6036=CARTESIAN_POINT('Ctrl Pts',(-127.183780073582,1.24320240334877,18.));
#6037=CARTESIAN_POINT('',(-128.275058365565,2.27739844621332,18.));
#6038=CARTESIAN_POINT('Ctrl Pts',(-127.183780073582,1.24320240334877,18.));
#6039=CARTESIAN_POINT('Ctrl Pts',(-127.606860272935,1.5890536774236,18.));
#6040=CARTESIAN_POINT('Ctrl Pts',(-127.97285822317,1.93490495149844,18.));
#6041=CARTESIAN_POINT('Ctrl Pts',(-128.275058365565,2.27739844621332,18.));
#6042=CARTESIAN_POINT('',(-128.033298251649,2.61317638220831,18.));
#6043=CARTESIAN_POINT('Ctrl Pts',(-128.275058365565,2.27739844621332,18.));
#6044=CARTESIAN_POINT('Ctrl Pts',(-128.577258507961,2.61653416156825,18.));
#6045=CARTESIAN_POINT('Ctrl Pts',(-128.580616287321,2.60981860284836,18.));
#6046=CARTESIAN_POINT('Ctrl Pts',(-128.033298251649,2.61317638220831,18.));
#6047=CARTESIAN_POINT('',(-126.807708785267,2.46207631101056,18.));
#6048=CARTESIAN_POINT('Ctrl Pts',(-128.033298251649,2.61317638220831,18.));
#6049=CARTESIAN_POINT('Ctrl Pts',(-127.630364728455,2.61653416156825,18.));
#6050=CARTESIAN_POINT('Ctrl Pts',(-127.096477810223,2.54937857436926,18.));
#6051=CARTESIAN_POINT('Ctrl Pts',(-126.807708785267,2.46207631101056,18.));
#6052=CARTESIAN_POINT('',(-125.28999251457,1.7367959692614,18.));
#6053=CARTESIAN_POINT('Ctrl Pts',(-126.807708785267,2.46207631101056,18.));
#6054=CARTESIAN_POINT('Ctrl Pts',(-126.330904116154,2.32104957789267,18.));
#6055=CARTESIAN_POINT('Ctrl Pts',(-125.719788272644,2.02892277357703,18.));
#6056=CARTESIAN_POINT('Ctrl Pts',(-125.28999251457,1.7367959692614,18.));
#6057=CARTESIAN_POINT('',(-124.967645696015,1.59912701550345,18.));
#6058=CARTESIAN_POINT('Ctrl Pts',(-125.28999251457,1.7367959692614,18.));
#6059=CARTESIAN_POINT('Ctrl Pts',(-125.028085724494,1.562191442544,18.));
#6060=CARTESIAN_POINT('Ctrl Pts',(-124.991150151534,1.54540254574425,18.));
#6061=CARTESIAN_POINT('Ctrl Pts',(-124.967645696015,1.59912701550345,18.));
#6062=CARTESIAN_POINT('',(-124.947499019855,2.26396732877352,18.));
#6063=CARTESIAN_POINT('Ctrl Pts',(-124.967645696015,1.59912701550345,18.));
#6064=CARTESIAN_POINT('Ctrl Pts',(-124.954214578575,1.63270480910295,18.));
#6065=CARTESIAN_POINT('Ctrl Pts',(-124.944141240495,1.93154717213849,18.));
#6066=CARTESIAN_POINT('Ctrl Pts',(-124.947499019855,2.26396732877352,18.));
#6067=CARTESIAN_POINT('',(-125.28663473521,4.25513048922378,18.));
#6068=CARTESIAN_POINT('Ctrl Pts',(-124.947499019855,2.26396732877352,18.));
#6069=CARTESIAN_POINT('Ctrl Pts',(-124.950856799215,3.11348550684083,18.));
#6070=CARTESIAN_POINT('Ctrl Pts',(-125.018012386414,3.51977680939477,18.));
#6071=CARTESIAN_POINT('Ctrl Pts',(-125.28663473521,4.25513048922378,18.));
#6072=CARTESIAN_POINT('',(-125.377294777929,4.71850404089686,18.));
#6073=CARTESIAN_POINT('Ctrl Pts',(-125.28663473521,4.25513048922378,18.));
#6074=CARTESIAN_POINT('Ctrl Pts',(-125.434377027048,4.65470623305781,18.));
#6075=CARTESIAN_POINT('Ctrl Pts',(-125.437734806408,4.67149512985756,18.));
#6076=CARTESIAN_POINT('Ctrl Pts',(-125.377294777929,4.71850404089686,18.));
#6077=CARTESIAN_POINT('',(-124.729243361458,5.04756641817195,18.));
#6078=CARTESIAN_POINT('Ctrl Pts',(-125.377294777929,4.71850404089686,18.));
#6079=CARTESIAN_POINT('Ctrl Pts',(-125.236268044811,4.82595298041525,18.));
#6080=CARTESIAN_POINT('Ctrl Pts',(-124.900490108816,4.9971997277727,18.));
#6081=CARTESIAN_POINT('Ctrl Pts',(-124.729243361458,5.04756641817195,18.));
#6082=CARTESIAN_POINT('Ctrl Pts',(-124.729243361458,5.04756641817195,18.));
#6083=CARTESIAN_POINT('Ctrl Pts',(-124.440474336503,5.13151090217069,18.));
#6084=CARTESIAN_POINT('Ctrl Pts',(-124.410254322263,5.12479534345079,18.));
#6085=CARTESIAN_POINT('Ctrl Pts',(-124.272585368505,4.91325524377395,18.));
#6086=CARTESIAN_POINT('',(-167.210002980232,47.6300007450581,18.));
#6087=CARTESIAN_POINT('',(-167.210002980232,34.2900007450581,18.));
#6088=CARTESIAN_POINT('',(-167.210002980232,40.9600007450581,18.));
#6089=CARTESIAN_POINT('',(-137.210002980232,47.6300007450581,18.));
#6090=CARTESIAN_POINT('',(-172.210002980232,47.6300007450581,18.));
#6091=CARTESIAN_POINT('',(-137.210002980232,34.2900007450581,18.));
#6092=CARTESIAN_POINT('',(-137.210002980232,47.6300007450581,18.));
#6093=CARTESIAN_POINT('',(-172.210002980232,34.2900007450581,18.));
#6094=CARTESIAN_POINT('',(-191.460002980232,47.0487626322224,18.));
#6095=CARTESIAN_POINT('',(-193.459277957842,47.0473131127179,18.));
#6096=CARTESIAN_POINT('',(-180.493148868992,47.0567138490965,18.));
#6097=CARTESIAN_POINT('',(-193.460002980232,48.0473128498891,18.));
#6098=CARTESIAN_POINT('',(-193.44613108188,28.9142558748303,18.));
#6099=CARTESIAN_POINT('',(-177.960002980232,48.0585506998959,18.));
#6100=CARTESIAN_POINT('',(-175.960002980232,48.0600007450581,18.));
#6101=CARTESIAN_POINT('',(-177.960002980232,48.0600007450581,18.));
#6102=CARTESIAN_POINT('',(-177.960002980232,28.9300005587935,18.));
#6103=CARTESIAN_POINT('',(-175.960002980232,48.0600007450581,18.));
#6104=CARTESIAN_POINT('',(-171.73000199303,48.0600007450581,18.));
#6105=CARTESIAN_POINT('',(-175.960002980232,33.8600007450581,18.));
#6106=CARTESIAN_POINT('',(-175.960002980232,33.8600007450581,18.));
#6107=CARTESIAN_POINT('',(-191.460002980232,33.8600007450581,18.));
#6108=CARTESIAN_POINT('',(-193.460002980232,33.8600007450581,18.));
#6109=CARTESIAN_POINT('',(-191.460002980232,48.0473128498891,18.));
#6110=CARTESIAN_POINT('',(-134.211294495634,20.1982057170418,18.));
#6111=CARTESIAN_POINT('',(-135.012635135226,20.1098448113946,18.));
#6112=CARTESIAN_POINT('Ctrl Pts',(-134.211294495634,20.1982057170418,18.));
#6113=CARTESIAN_POINT('Ctrl Pts',(-134.33097188608,20.1724921532009,18.));
#6114=CARTESIAN_POINT('Ctrl Pts',(-134.594910310094,20.1157830497463,18.));
#6115=CARTESIAN_POINT('Ctrl Pts',(-134.865007758704,20.1119434334929,18.));
#6116=CARTESIAN_POINT('Ctrl Pts',(-135.012635135226,20.1098448113946,18.));
#6117=CARTESIAN_POINT('',(-136.088198715023,20.1098448113946,18.));
#6118=CARTESIAN_POINT('',(-151.256318070527,20.1098448113946,18.));
#6119=CARTESIAN_POINT('',(-136.088198715023,24.8142930941132,18.));
#6120=CARTESIAN_POINT('',(-136.088198715023,14.9549225919618,18.));
#6121=CARTESIAN_POINT('',(-135.381312661938,24.8142930941132,18.));
#6122=CARTESIAN_POINT('',(-151.794099860426,24.8142930941132,18.));
#6123=CARTESIAN_POINT('',(-134.62872281032,24.7411671356705,18.));
#6124=CARTESIAN_POINT('Ctrl Pts',(-135.381312661938,24.8142930941132,18.));
#6125=CARTESIAN_POINT('Ctrl Pts',(-135.239379147954,24.8130290369545,18.));
#6126=CARTESIAN_POINT('Ctrl Pts',(-134.986200452528,24.8107742323392,18.));
#6127=CARTESIAN_POINT('Ctrl Pts',(-134.737847562273,24.7624156174252,18.));
#6128=CARTESIAN_POINT('Ctrl Pts',(-134.62872281032,24.7411671356705,18.));
#6129=CARTESIAN_POINT('',(-134.150355898909,24.4943663553742,18.));
#6130=CARTESIAN_POINT('Ctrl Pts',(-134.62872281032,24.7411671356705,18.));
#6131=CARTESIAN_POINT('Ctrl Pts',(-134.538980423889,24.7135064685669,18.));
#6132=CARTESIAN_POINT('Ctrl Pts',(-134.364670281655,24.6597800745086,18.));
#6133=CARTESIAN_POINT('Ctrl Pts',(-134.220366071745,24.5484021271117,18.));
#6134=CARTESIAN_POINT('Ctrl Pts',(-134.150355898909,24.4943663553742,18.));
#6135=CARTESIAN_POINT('',(-133.836523139052,24.0464687423257,18.));
#6136=CARTESIAN_POINT('Ctrl Pts',(-134.150355898909,24.4943663553742,18.));
#6137=CARTESIAN_POINT('Ctrl Pts',(-134.087351396529,24.4297873306237,18.));
#6138=CARTESIAN_POINT('Ctrl Pts',(-133.958410937014,24.2976245674575,18.));
#6139=CARTESIAN_POINT('Ctrl Pts',(-133.877763576247,24.1314466991502,18.));
#6140=CARTESIAN_POINT('Ctrl Pts',(-133.836523139052,24.0464687423257,18.));
#6141=CARTESIAN_POINT('',(-133.717692935042,23.4980225638894,18.));
#6142=CARTESIAN_POINT('Ctrl Pts',(-133.836523139052,24.0464687423257,18.));
#6143=CARTESIAN_POINT('Ctrl Pts',(-133.801867216013,23.9566318519788,18.));
#6144=CARTESIAN_POINT('Ctrl Pts',(-133.733709142605,23.7799489409484,18.));
#6145=CARTESIAN_POINT('Ctrl Pts',(-133.722971079966,23.5909314669615,18.));
#6146=CARTESIAN_POINT('Ctrl Pts',(-133.717692935042,23.4980225638894,18.));
#6147=CARTESIAN_POINT('',(-134.104652249388,22.6418373064545,18.));
#6148=CARTESIAN_POINT('Ctrl Pts',(-133.717692935042,23.4980225638894,18.));
#6149=CARTESIAN_POINT('Ctrl Pts',(-133.734389643577,23.3353851529163,18.));
#6150=CARTESIAN_POINT('Ctrl Pts',(-133.768086726705,23.0071524149607,18.));
#6151=CARTESIAN_POINT('Ctrl Pts',(-133.991791758588,22.7643383936544,18.));
#6152=CARTESIAN_POINT('Ctrl Pts',(-134.104652249388,22.6418373064545,18.));
#6153=CARTESIAN_POINT('',(-133.513549112849,22.193939693406,18.));
#6154=CARTESIAN_POINT('Ctrl Pts',(-134.104652249388,22.6418373064545,18.));
#6155=CARTESIAN_POINT('Ctrl Pts',(-133.986578736062,22.5915484239315,18.));
#6156=CARTESIAN_POINT('Ctrl Pts',(-133.75202408202,22.4916488688992,18.));
#6157=CARTESIAN_POINT('Ctrl Pts',(-133.592680178273,22.292725927975,18.));
#6158=CARTESIAN_POINT('Ctrl Pts',(-133.513549112849,22.193939693406,18.));
#6159=CARTESIAN_POINT('',(-133.294170939497,21.4565843419579,18.));
#6160=CARTESIAN_POINT('Ctrl Pts',(-133.513549112849,22.193939693406,18.));
#6161=CARTESIAN_POINT('Ctrl Pts',(-133.449573555667,22.082433011189,18.));
#6162=CARTESIAN_POINT('Ctrl Pts',(-133.318568785016,21.8540972533873,18.));
#6163=CARTESIAN_POINT('Ctrl Pts',(-133.302428958457,21.5911318435665,18.));
#6164=CARTESIAN_POINT('Ctrl Pts',(-133.294170939497,21.4565843419579,18.));
#6165=CARTESIAN_POINT('',(-133.684176945261,20.5242264346627,18.));
#6166=CARTESIAN_POINT('Ctrl Pts',(-133.294170939497,21.4565843419579,18.));
#6167=CARTESIAN_POINT('Ctrl Pts',(-133.310207458768,21.2800721301669,18.));
#6168=CARTESIAN_POINT('Ctrl Pts',(-133.342175878256,20.9281992370603,18.));
#6169=CARTESIAN_POINT('Ctrl Pts',(-133.570425577689,20.6585899298916,18.));
#6170=CARTESIAN_POINT('Ctrl Pts',(-133.684176945261,20.5242264346627,18.));
#6171=CARTESIAN_POINT('Ctrl Pts',(-133.684176945261,20.5242264346627,18.));
#6172=CARTESIAN_POINT('Ctrl Pts',(-133.763741714842,20.4523234185314,18.));
#6173=CARTESIAN_POINT('Ctrl Pts',(-133.919638461191,20.3114388746979,18.));
#6174=CARTESIAN_POINT('Ctrl Pts',(-134.11542917223,20.2354246736102,18.));
#6175=CARTESIAN_POINT('Ctrl Pts',(-134.211294495634,20.1982057170418,18.));
#6176=CARTESIAN_POINT('',(-128.83521302896,20.1098448113946,18.));
#6177=CARTESIAN_POINT('',(-128.83521302896,24.8142930941132,18.));
#6178=CARTESIAN_POINT('',(-128.83521302896,14.9549225919618,18.));
#6179=CARTESIAN_POINT('',(-128.125279986433,24.8142930941132,18.));
#6180=CARTESIAN_POINT('',(-148.167607017394,24.8142930941132,18.));
#6181=CARTESIAN_POINT('',(-128.125279986433,20.7771205977944,18.));
#6182=CARTESIAN_POINT('',(-128.125279986433,17.3071467333211,18.));
#6183=CARTESIAN_POINT('',(-126.741977178626,20.7771205977944,18.));
#6184=CARTESIAN_POINT('',(-147.812640496131,20.7771205977944,18.));
#6185=CARTESIAN_POINT('',(-126.741977178626,20.1098448113946,18.));
#6186=CARTESIAN_POINT('',(-126.741977178626,15.2885604851617,18.));
#6187=CARTESIAN_POINT('',(-147.120989092227,20.1098448113946,18.));
#6188=CARTESIAN_POINT('',(-126.051194512419,20.1098448113946,18.));
#6189=CARTESIAN_POINT('',(-126.051194512419,24.8142930941132,18.));
#6190=CARTESIAN_POINT('',(-126.051194512419,14.9549225919618,18.));
#6191=CARTESIAN_POINT('',(-125.341261469893,24.8142930941132,18.));
#6192=CARTESIAN_POINT('',(-146.775597759124,24.8142930941132,18.));
#6193=CARTESIAN_POINT('',(-125.341261469893,20.1098448113946,18.));
#6194=CARTESIAN_POINT('',(-125.341261469893,17.3071467333211,18.));
#6195=CARTESIAN_POINT('',(-146.420631237861,20.1098448113946,18.));
#6196=CARTESIAN_POINT('',(-119.124228798918,19.7564017848519,18.));
#6197=CARTESIAN_POINT('',(-121.18699535089,24.8142936901597,18.));
#6198=CARTESIAN_POINT('',(-120.832856035527,23.945946094154,18.));
#6199=CARTESIAN_POINT('',(-120.410029732756,24.8142936901597,18.));
#6200=CARTESIAN_POINT('',(-144.343498178359,24.8142936901597,18.));
#6201=CARTESIAN_POINT('',(-119.108993851714,21.554086215928,18.));
#6202=CARTESIAN_POINT('',(-121.060251169156,26.4436544308936,18.));
#6203=CARTESIAN_POINT('',(-117.789677226118,24.8142936901597,18.));
#6204=CARTESIAN_POINT('',(-124.557309841418,8.09057020543421,18.));
#6205=CARTESIAN_POINT('',(-117.012711607985,24.8142936901597,18.));
#6206=CARTESIAN_POINT('',(-142.644839115973,24.8142936901597,18.));
#6207=CARTESIAN_POINT('',(-123.428122919646,9.44692794868996,18.));
#6208=CARTESIAN_POINT('',(-124.193440520338,24.8142930941132,18.));
#6209=CARTESIAN_POINT('',(-121.597462737135,24.8142930941132,18.));
#6210=CARTESIAN_POINT('',(-145.846720763083,24.8142930941132,18.));
#6211=CARTESIAN_POINT('',(-121.597462737135,24.1470170096902,18.));
#6212=CARTESIAN_POINT('',(-121.597462737135,17.3071467333211,18.));
#6213=CARTESIAN_POINT('',(-123.483507477812,24.1470170096902,18.));
#6214=CARTESIAN_POINT('',(-144.548731871482,24.1470170096902,18.));
#6215=CARTESIAN_POINT('',(-123.483507477812,23.0166089610604,18.));
#6216=CARTESIAN_POINT('',(-123.483507477812,16.9735086911096,18.));
#6217=CARTESIAN_POINT('',(-121.652306162886,23.0166089610604,18.));
#6218=CARTESIAN_POINT('',(-145.49175424182,23.0166089610604,18.));
#6219=CARTESIAN_POINT('',(-121.652306162886,22.3493328766373,18.));
#6220=CARTESIAN_POINT('',(-121.652306162886,16.4083046667947,18.));
#6221=CARTESIAN_POINT('',(-123.483507477812,22.3493328766373,18.));
#6222=CARTESIAN_POINT('',(-144.576153584357,22.3493328766373,18.));
#6223=CARTESIAN_POINT('',(-123.483507477812,20.7771205977944,18.));
#6224=CARTESIAN_POINT('',(-123.483507477812,16.0746666245832,18.));
#6225=CARTESIAN_POINT('',(-121.597462737135,20.7771205977944,18.));
#6226=CARTESIAN_POINT('',(-145.49175424182,20.7771205977944,18.));
#6227=CARTESIAN_POINT('',(-121.597462737135,20.1098448113946,18.));
#6228=CARTESIAN_POINT('',(-121.597462737135,15.2885604851617,18.));
#6229=CARTESIAN_POINT('',(-124.193440520338,20.1098448113946,18.));
#6230=CARTESIAN_POINT('',(-144.548731871482,20.1098448113946,18.));
#6231=CARTESIAN_POINT('',(-124.193440520338,14.9549225919618,18.));
#6232=CARTESIAN_POINT('',(-116.410289847426,24.8142930941132,18.));
#6233=CARTESIAN_POINT('',(-113.814312064223,24.8142930941132,18.));
#6234=CARTESIAN_POINT('',(-141.955145426627,24.8142930941132,18.));
#6235=CARTESIAN_POINT('',(-113.814312064223,24.1470170096902,18.));
#6236=CARTESIAN_POINT('',(-113.814312064223,17.3071467333211,18.));
#6237=CARTESIAN_POINT('',(-115.700355612807,24.1470170096902,18.));
#6238=CARTESIAN_POINT('',(-140.657156535026,24.1470170096902,18.));
#6239=CARTESIAN_POINT('',(-115.700355612807,23.0166089610604,18.));
#6240=CARTESIAN_POINT('',(-115.700355612807,16.9735086911096,18.));
#6241=CARTESIAN_POINT('',(-113.869155489973,23.0166089610604,18.));
#6242=CARTESIAN_POINT('',(-141.600178309318,23.0166089610604,18.));
#6243=CARTESIAN_POINT('',(-113.869155489973,22.3493328766373,18.));
#6244=CARTESIAN_POINT('',(-113.869155489973,16.4083046667947,18.));
#6245=CARTESIAN_POINT('',(-115.700355612807,22.3493328766373,18.));
#6246=CARTESIAN_POINT('',(-140.684578247901,22.3493328766373,18.));
#6247=CARTESIAN_POINT('',(-115.700355612807,20.7771205977944,18.));
#6248=CARTESIAN_POINT('',(-115.700355612807,16.0746666245832,18.));
#6249=CARTESIAN_POINT('',(-113.814312064223,20.7771205977944,18.));
#6250=CARTESIAN_POINT('',(-141.600178309318,20.7771205977944,18.));
#6251=CARTESIAN_POINT('',(-113.814312064223,20.1098448113946,18.));
#6252=CARTESIAN_POINT('',(-113.814312064223,15.2885604851617,18.));
#6253=CARTESIAN_POINT('',(-116.410289847426,20.1098448113946,18.));
#6254=CARTESIAN_POINT('',(-140.657156535026,20.1098448113946,18.));
#6255=CARTESIAN_POINT('',(-116.410289847426,14.9549225919618,18.));
#6256=CARTESIAN_POINT('',(-132.380962514452,24.8142930941132,18.));
#6257=CARTESIAN_POINT('',(-129.784984433226,24.8142930941132,18.));
#6258=CARTESIAN_POINT('',(-149.94048176014,24.8142930941132,18.));
#6259=CARTESIAN_POINT('',(-129.784984433226,24.1470170096902,18.));
#6260=CARTESIAN_POINT('',(-129.784984433226,17.3071467333211,18.));
#6261=CARTESIAN_POINT('',(-131.671029471926,24.1470170096902,18.));
#6262=CARTESIAN_POINT('',(-148.642492719527,24.1470170096902,18.));
#6263=CARTESIAN_POINT('',(-131.671029471926,23.0166089610604,18.));
#6264=CARTESIAN_POINT('',(-131.671029471926,16.9735086911096,18.));
#6265=CARTESIAN_POINT('',(-129.83982905107,23.0166089610604,18.));
#6266=CARTESIAN_POINT('',(-149.585515238877,23.0166089610604,18.));
#6267=CARTESIAN_POINT('',(-129.83982905107,22.3493328766373,18.));
#6268=CARTESIAN_POINT('',(-129.83982905107,16.4083046667947,18.));
#6269=CARTESIAN_POINT('',(-131.671029471926,22.3493328766373,18.));
#6270=CARTESIAN_POINT('',(-148.669915028449,22.3493328766373,18.));
#6271=CARTESIAN_POINT('',(-131.671029471926,20.7771205977944,18.));
#6272=CARTESIAN_POINT('',(-131.671029471926,16.0746666245832,18.));
#6273=CARTESIAN_POINT('',(-129.784984433226,20.7771205977944,18.));
#6274=CARTESIAN_POINT('',(-149.585515238877,20.7771205977944,18.));
#6275=CARTESIAN_POINT('',(-129.784984433226,20.1098448113946,18.));
#6276=CARTESIAN_POINT('',(-129.784984433226,15.2885604851617,18.));
#6277=CARTESIAN_POINT('',(-132.380962514452,20.1098448113946,18.));
#6278=CARTESIAN_POINT('',(-148.642492719527,20.1098448113946,18.));
#6279=CARTESIAN_POINT('',(-132.380962514452,14.9549225919618,18.));
#6280=CARTESIAN_POINT('',(-195.360002980232,-22.9999994039536,18.));
#6281=CARTESIAN_POINT('Origin',(-196.960002980232,-22.9999994039536,18.));
#6282=CARTESIAN_POINT('',(-113.400002980232,-22.9999994039536,18.));
#6283=CARTESIAN_POINT('Origin',(-115.000002980232,-22.9999994039536,18.));
#6284=CARTESIAN_POINT('',(-195.360002980232,43.0000006407499,18.));
#6285=CARTESIAN_POINT('Origin',(-196.960002980232,43.0000006407499,18.));
#6286=CARTESIAN_POINT('',(-113.400002980232,14.0000005960465,18.));
#6287=CARTESIAN_POINT('Origin',(-115.000002980232,14.0000005960465,18.));
#6288=CARTESIAN_POINT('Origin',(-114.500001683831,52.5,15.));
#6289=CARTESIAN_POINT('',(-114.500001683831,55.,25.5000003427267));
#6290=CARTESIAN_POINT('',(-114.500001683831,55.0000007450581,15.));
#6291=CARTESIAN_POINT('',(-114.500001683831,55.,15.));
#6292=CARTESIAN_POINT('',(-117.000001683831,52.5,15.));
#6293=CARTESIAN_POINT('Origin',(-114.500001683831,52.5,15.));
#6294=CARTESIAN_POINT('',(-117.000001683831,52.5,23.0000003427267));
#6295=CARTESIAN_POINT('',(-117.000001683831,52.5,15.));
#6296=CARTESIAN_POINT('Origin',(-114.500001683831,52.5,25.5000003427267));
#6297=CARTESIAN_POINT('Origin',(-132.500001974404,52.5,25.5000003427267));
#6298=CARTESIAN_POINT('',(-130.000001937151,52.5,23.0000003427267));
#6299=CARTESIAN_POINT('',(-132.500001974404,52.5,23.0000003427267));
#6300=CARTESIAN_POINT('',(-132.500001958611,55.,25.5000003427267));
#6301=CARTESIAN_POINT('Origin',(-132.500001958611,52.5,25.5000003427267));
#6302=CARTESIAN_POINT('',(-132.500001974404,55.,25.5000003427267));
#6303=CARTESIAN_POINT('Origin',(-132.500001902815,52.5,19.0000001713634));
#6304=CARTESIAN_POINT('',(-130.000001892447,52.5,17.7922326200495));
#6305=CARTESIAN_POINT('',(-130.000001902815,52.5,19.0000001928234));
#6306=CARTESIAN_POINT('',(-132.500001892447,55.,17.7922325985895));
#6307=CARTESIAN_POINT('Origin',(-132.500001892447,52.5,17.7922325985895));
#6308=CARTESIAN_POINT('',(-132.500001902815,55.,19.0000001713634));
#6309=CARTESIAN_POINT('Origin',(-132.500001892447,52.5,16.3961163100247));
#6310=CARTESIAN_POINT('',(-130.000001892447,52.5,15.));
#6311=CARTESIAN_POINT('',(-130.000001892447,52.5,16.3961163100247));
#6312=CARTESIAN_POINT('',(-132.500001892447,55.0000007450581,15.));
#6313=CARTESIAN_POINT('Origin',(-132.500001892447,52.5,15.));
#6314=CARTESIAN_POINT('',(-132.500001892447,55.,16.3961163100247));
#6315=CARTESIAN_POINT('Origin',(-130.000001937151,55.,23.0000003427267));
#6316=CARTESIAN_POINT('',(-130.000001937151,40.,23.0000003427267));
#6317=CARTESIAN_POINT('',(-130.000001937151,55.,23.0000003427267));
#6318=CARTESIAN_POINT('',(-130.000001892447,40.,17.7922326200495));
#6319=CARTESIAN_POINT('',(-130.000001937151,40.,23.0000003427267));
#6320=CARTESIAN_POINT('',(-130.000001892447,55.,17.7922326200495));
#6321=CARTESIAN_POINT('Origin',(-130.000001937151,55.,23.0000003427267));
#6322=CARTESIAN_POINT('',(-117.000001683831,40.,23.0000003427267));
#6323=CARTESIAN_POINT('',(-117.000001683831,55.,23.0000003427267));
#6324=CARTESIAN_POINT('',(-117.000001683831,40.,23.0000003427267));
#6325=CARTESIAN_POINT('Origin',(-117.000001683831,55.,15.));
#6326=CARTESIAN_POINT('',(-117.000001683831,40.,15.));
#6327=CARTESIAN_POINT('',(-117.000001683831,32.4000001862645,15.));
#6328=CARTESIAN_POINT('',(-117.000001683831,40.,15.));
#6329=CARTESIAN_POINT('Origin',(-133.500001997902,55.,26.5000003427267));
#6330=CARTESIAN_POINT('',(-133.500001997902,55.,28.0000003427267));
#6331=CARTESIAN_POINT('',(-133.500001997902,55.,28.0000003427267));
#6332=CARTESIAN_POINT('',(-135.000001997902,55.,26.5000003289718));
#6333=CARTESIAN_POINT('Origin',(-133.500001997902,55.,26.5000003427267));
#6334=CARTESIAN_POINT('',(-135.000001997902,55.,26.5000003289718));
#6335=CARTESIAN_POINT('Origin',(-135.000002011657,55.,28.0000003427267));
#6336=CARTESIAN_POINT('',(-135.000001892447,55.,15.));
#6337=CARTESIAN_POINT('Origin',(-135.000002011657,55.,15.));
#6338=CARTESIAN_POINT('',(-130.000001937151,55.,28.0000003427267));
#6339=CARTESIAN_POINT('',(-130.000001937151,55.,28.0000003427267));
#6340=CARTESIAN_POINT('',(-113.500001655271,55.,28.0000000285606));
#6341=CARTESIAN_POINT('',(-112.000001683831,55.,28.));
#6342=CARTESIAN_POINT('',(-112.000001683831,55.,26.5000000285606));
#6343=CARTESIAN_POINT('Origin',(-113.500001683831,55.,26.5000000285606));
#6344=CARTESIAN_POINT('',(-112.000001683831,55.,15.));
#6345=CARTESIAN_POINT('',(-109.6,55.0000007450581,15.));
#6346=CARTESIAN_POINT('',(-109.6,55.,15.75));
#6347=CARTESIAN_POINT('',(-135.000002011657,55.0000007450581,15.));
#6348=CARTESIAN_POINT('',(-200.,55.0000007450581,15.));
#6349=CARTESIAN_POINT('',(-135.000002011657,55.0000007450581,15.));
#6350=CARTESIAN_POINT('',(-200.,55.,15.));
#6351=CARTESIAN_POINT('Origin',(-113.500001683831,55.,26.5000000285606));
#6352=CARTESIAN_POINT('',(-112.000001683831,55.,26.5000000285606));
#6353=CARTESIAN_POINT('',(-113.500001655271,55.,28.0000000285606));
#6354=CARTESIAN_POINT('Origin',(-112.000001683831,55.,15.));
#6355=CARTESIAN_POINT('Origin',(-193.460002980232,48.0473128498891,18.));
#6356=CARTESIAN_POINT('',(-193.460002980232,48.0473128498891,15.));
#6357=CARTESIAN_POINT('',(-193.460002980232,48.0473128498891,15.));
#6358=CARTESIAN_POINT('',(-193.459277957842,47.0473131127179,15.));
#6359=CARTESIAN_POINT('',(-193.459277957842,47.0473131127179,15.));
#6360=CARTESIAN_POINT('',(-193.44613108188,28.9142558748303,15.));
#6361=CARTESIAN_POINT('Origin',(-193.459277957842,47.0473131127178,15.));
#6362=CARTESIAN_POINT('',(-191.460002980232,47.0487626322224,15.));
#6363=CARTESIAN_POINT('',(-191.460002980232,47.0487626322224,15.));
#6364=CARTESIAN_POINT('',(-180.493148868992,47.0567138490965,15.));
#6365=CARTESIAN_POINT('Origin',(-191.460002980232,33.8600007450581,15.));
#6366=CARTESIAN_POINT('',(-191.460002980232,33.8600007450581,15.));
#6367=CARTESIAN_POINT('',(-191.460002980232,33.8600007450581,15.));
#6368=CARTESIAN_POINT('',(-191.460002980232,48.0473128498891,15.));
#6369=CARTESIAN_POINT('Origin',(-175.960002980232,48.0600007450581,18.));
#6370=CARTESIAN_POINT('',(-175.960002980232,48.0600007450581,15.));
#6371=CARTESIAN_POINT('',(-175.960002980232,48.0600007450581,15.));
#6372=CARTESIAN_POINT('',(-177.960002980232,48.0600007450581,15.));
#6373=CARTESIAN_POINT('',(-177.960002980232,48.0600007450581,15.));
#6374=CARTESIAN_POINT('',(-171.73000199303,48.0600007450581,15.));
#6375=CARTESIAN_POINT('Origin',(-177.960002980232,48.0600007450581,15.));
#6376=CARTESIAN_POINT('',(-177.960002980232,48.0585506998959,15.));
#6377=CARTESIAN_POINT('',(-177.960002980232,48.0585506998959,15.));
#6378=CARTESIAN_POINT('',(-177.960002980232,28.9300005587935,15.));
#6379=CARTESIAN_POINT('Origin',(-175.960002980232,33.8600007450581,15.));
#6380=CARTESIAN_POINT('',(-175.960002980232,33.8600007450581,15.));
#6381=CARTESIAN_POINT('',(-175.960002980232,33.8600007450581,15.));
#6382=CARTESIAN_POINT('',(-193.460002980232,33.8600007450581,15.));
#6383=CARTESIAN_POINT('Origin',(-130.000001937151,55.,28.0000003427267));
#6384=CARTESIAN_POINT('',(-130.000001937151,55.,28.0000003427267));
#6385=CARTESIAN_POINT('Origin',(-112.000001683831,55.,28.));
#6386=CARTESIAN_POINT('Origin',(-167.500001005828,9.80000037252903,15.));
#6387=CARTESIAN_POINT('',(-130.000001892447,40.,15.));
#6388=CARTESIAN_POINT('',(-130.000001892447,32.4000001862645,15.));
#6389=CARTESIAN_POINT('',(-145.50000140816,40.,15.));
#6390=CARTESIAN_POINT('',(-104.6,50.,15.));
#6391=CARTESIAN_POINT('Origin',(-109.6,50.,15.));
#6392=CARTESIAN_POINT('',(-104.6,-30.4,15.));
#6393=CARTESIAN_POINT('',(-104.6,-12.7999998137355,15.));
#6394=CARTESIAN_POINT('',(-109.6,-35.4,15.));
#6395=CARTESIAN_POINT('Origin',(-109.6,-30.4,15.));
#6396=CARTESIAN_POINT('',(-200.,-35.4,15.));
#6397=CARTESIAN_POINT('',(-200.,-35.4,15.));
#6398=CARTESIAN_POINT('',(-205.,-30.4,15.));
#6399=CARTESIAN_POINT('Origin',(-200.,-30.4,15.));
#6400=CARTESIAN_POINT('',(-205.,50.,15.));
#6401=CARTESIAN_POINT('',(-205.,50.,15.));
#6402=CARTESIAN_POINT('Origin',(-200.,50.,15.));
#6403=CARTESIAN_POINT('',(-139.349003660073,28.4450013206,15.));
#6404=CARTESIAN_POINT('',(-153.339003660073,28.4450013206,15.));
#6405=CARTESIAN_POINT('',(-153.424502332951,28.4450013206,15.));
#6406=CARTESIAN_POINT('',(-153.339003660073,14.4550013206,15.));
#6407=CARTESIAN_POINT('',(-153.339003660073,19.1225008465645,15.));
#6408=CARTESIAN_POINT('',(-139.349003660073,14.4550013206,15.));
#6409=CARTESIAN_POINT('',(-160.419502332951,14.4550013206,15.));
#6410=CARTESIAN_POINT('',(-139.349003660073,12.1275008465645,15.));
#6411=CARTESIAN_POINT('',(-153.339003660073,-9.61499867940002,15.));
#6412=CARTESIAN_POINT('',(-153.339003660073,-23.6049986794,15.));
#6413=CARTESIAN_POINT('',(-153.339003660073,0.092500846564505,15.));
#6414=CARTESIAN_POINT('',(-139.349003660073,-23.6049986794,15.));
#6415=CARTESIAN_POINT('',(-160.419502332951,-23.6049986794,15.));
#6416=CARTESIAN_POINT('',(-139.349003660073,-9.61499867940002,15.));
#6417=CARTESIAN_POINT('',(-139.349003660073,-6.9024991534355,15.));
#6418=CARTESIAN_POINT('',(-153.424502332951,-9.61499867940002,15.));
#6419=CARTESIAN_POINT('',(-172.379503660073,-9.61499867940002,15.));
#6420=CARTESIAN_POINT('',(-172.379503660073,-23.6049986794,15.));
#6421=CARTESIAN_POINT('',(-172.379503660073,0.092500846564505,15.));
#6422=CARTESIAN_POINT('',(-158.389503660073,-23.6049986794,15.));
#6423=CARTESIAN_POINT('',(-169.939752332951,-23.6049986794,15.));
#6424=CARTESIAN_POINT('',(-158.389503660073,-9.61499867940002,15.));
#6425=CARTESIAN_POINT('',(-158.389503660073,-6.9024991534355,15.));
#6426=CARTESIAN_POINT('',(-162.944752332951,-9.61499867940002,15.));
#6427=CARTESIAN_POINT('',(-158.389503660073,28.4450013206,15.));
#6428=CARTESIAN_POINT('',(-172.379503660073,28.4450013206,15.));
#6429=CARTESIAN_POINT('',(-162.944752332951,28.4450013206,15.));
#6430=CARTESIAN_POINT('',(-172.379503660073,14.4550013206,15.));
#6431=CARTESIAN_POINT('',(-172.379503660073,19.1225008465645,15.));
#6432=CARTESIAN_POINT('',(-158.389503660073,14.4550013206,15.));
#6433=CARTESIAN_POINT('',(-169.939752332951,14.4550013206,15.));
#6434=CARTESIAN_POINT('',(-158.389503660073,12.1275008465645,15.));
#6435=CARTESIAN_POINT('',(-191.420003660073,28.4450013206,15.));
#6436=CARTESIAN_POINT('',(-191.420003660073,14.4550013206,15.));
#6437=CARTESIAN_POINT('',(-191.420003660073,19.1225008465645,15.));
#6438=CARTESIAN_POINT('',(-177.430003660073,14.4550013206,15.));
#6439=CARTESIAN_POINT('',(-179.460002332951,14.4550013206,15.));
#6440=CARTESIAN_POINT('',(-177.430003660073,28.4450013206,15.));
#6441=CARTESIAN_POINT('',(-177.430003660073,12.1275008465645,15.));
#6442=CARTESIAN_POINT('',(-172.465002332951,28.4450013206,15.));
#6443=CARTESIAN_POINT('',(-139.349003660073,9.42550132059999,15.));
#6444=CARTESIAN_POINT('',(-153.339003660073,9.42550132059999,15.));
#6445=CARTESIAN_POINT('',(-153.424502332951,9.42550132059999,15.));
#6446=CARTESIAN_POINT('',(-153.339003660073,-4.56449867940001,15.));
#6447=CARTESIAN_POINT('',(-153.339003660073,9.61275084656451,15.));
#6448=CARTESIAN_POINT('',(-139.349003660073,-4.56449867940001,15.));
#6449=CARTESIAN_POINT('',(-160.419502332951,-4.56449867940001,15.));
#6450=CARTESIAN_POINT('',(-139.349003660073,2.61775084656451,15.));
#6451=CARTESIAN_POINT('',(-177.430003660073,-9.61499867940002,15.));
#6452=CARTESIAN_POINT('',(-191.420003660073,-9.61499867940002,15.));
#6453=CARTESIAN_POINT('',(-172.465002332951,-9.61499867940002,15.));
#6454=CARTESIAN_POINT('',(-191.420003660073,-23.6049986794,15.));
#6455=CARTESIAN_POINT('',(-191.420003660073,0.092500846564505,15.));
#6456=CARTESIAN_POINT('',(-177.430003660073,-23.6049986794,15.));
#6457=CARTESIAN_POINT('',(-179.460002332951,-23.6049986794,15.));
#6458=CARTESIAN_POINT('',(-177.430003660073,-6.90249915343549,15.));
#6459=CARTESIAN_POINT('',(-158.389503660073,9.42550132059999,15.));
#6460=CARTESIAN_POINT('',(-172.379503660073,9.42550132059999,15.));
#6461=CARTESIAN_POINT('',(-162.944752332951,9.42550132059999,15.));
#6462=CARTESIAN_POINT('',(-172.379503660073,-4.56449867940001,15.));
#6463=CARTESIAN_POINT('',(-172.379503660073,9.61275084656451,15.));
#6464=CARTESIAN_POINT('',(-158.389503660073,-4.56449867940001,15.));
#6465=CARTESIAN_POINT('',(-169.939752332951,-4.56449867940001,15.));
#6466=CARTESIAN_POINT('',(-158.389503660073,2.61775084656451,15.));
#6467=CARTESIAN_POINT('',(-191.420003660073,9.42550132059999,15.));
#6468=CARTESIAN_POINT('',(-191.420003660073,-4.56449867940001,15.));
#6469=CARTESIAN_POINT('',(-191.420003660073,9.61275084656451,15.));
#6470=CARTESIAN_POINT('',(-177.430003660073,-4.56449867940005,15.));
#6471=CARTESIAN_POINT('',(-179.460002332951,-4.56449867940004,15.));
#6472=CARTESIAN_POINT('',(-177.430003660073,9.42550132059999,15.));
#6473=CARTESIAN_POINT('',(-177.430003660073,2.61775084656449,15.));
#6474=CARTESIAN_POINT('',(-172.465002332951,9.42550132059999,15.));
#6475=CARTESIAN_POINT('',(-137.210002980232,34.2900007450581,15.));
#6476=CARTESIAN_POINT('',(-167.210002980232,34.2900007450581,15.));
#6477=CARTESIAN_POINT('',(-172.210002980232,34.2900007450581,15.));
#6478=CARTESIAN_POINT('',(-137.210002980232,47.6300007450581,15.));
#6479=CARTESIAN_POINT('',(-137.210002980232,47.6300007450581,15.));
#6480=CARTESIAN_POINT('',(-167.210002980232,47.6300007450581,15.));
#6481=CARTESIAN_POINT('',(-172.210002980232,47.6300007450581,15.));
#6482=CARTESIAN_POINT('',(-167.210002980232,40.9600007450581,15.));
#6483=CARTESIAN_POINT('',(-195.360002980232,-22.9999994039536,15.));
#6484=CARTESIAN_POINT('Origin',(-196.960002980232,-22.9999994039536,15.));
#6485=CARTESIAN_POINT('',(-113.400002980232,-22.9999994039536,15.));
#6486=CARTESIAN_POINT('Origin',(-115.000002980232,-22.9999994039536,15.));
#6487=CARTESIAN_POINT('',(-195.360002980232,43.0000006407499,15.));
#6488=CARTESIAN_POINT('Origin',(-196.960002980232,43.0000006407499,15.));
#6489=CARTESIAN_POINT('',(-113.400002980232,14.0000005960465,15.));
#6490=CARTESIAN_POINT('Origin',(-115.000002980232,14.0000005960465,15.));
#6491=CARTESIAN_POINT('',(-175.960002980232,33.8600007450581,15.));
#6492=CARTESIAN_POINT('',(-175.960002980232,48.0600007450581,15.));
#6493=CARTESIAN_POINT('Origin',(-123.500001810491,40.,19.0000001713634));
#6494=CARTESIAN_POINT('',(-130.000001892447,40.,15.));
#6495=CARTESIAN_POINT('Origin',(-130.000001892447,55.,17.7922326200495));
#6496=CARTESIAN_POINT('Origin',(-167.210002980232,34.2900007450581,15.));
#6497=CARTESIAN_POINT('',(-167.210002980232,47.6300007450581,15.));
#6498=CARTESIAN_POINT('',(-167.210002980232,34.2900007450581,15.));
#6499=CARTESIAN_POINT('Origin',(-172.210002980232,47.6300007450581,15.));
#6500=CARTESIAN_POINT('',(-137.210002980232,47.6300007450581,15.));
#6501=CARTESIAN_POINT('Origin',(-153.339003660073,14.4550013206,10.075));
#6502=CARTESIAN_POINT('',(-153.339003660073,14.4550013206,10.075));
#6503=CARTESIAN_POINT('',(-139.349003660073,14.4550013206,10.075));
#6504=CARTESIAN_POINT('Origin',(-139.349003660073,14.4550013206,10.075));
#6505=CARTESIAN_POINT('',(-139.349003660073,28.4450013206,10.075));
#6506=CARTESIAN_POINT('Origin',(-139.349003660073,28.4450013206,10.075));
#6507=CARTESIAN_POINT('',(-153.339003660073,28.4450013206,10.075));
#6508=CARTESIAN_POINT('Origin',(-153.339003660073,28.4450013206,10.075));
#6509=CARTESIAN_POINT('Origin',(-139.349003660073,-23.6049986794,10.075));
#6510=CARTESIAN_POINT('',(-139.349003660073,-23.6049986794,10.075));
#6511=CARTESIAN_POINT('',(-139.349003660073,-9.61499867940002,10.075));
#6512=CARTESIAN_POINT('Origin',(-139.349003660073,-9.61499867940002,10.075));
#6513=CARTESIAN_POINT('',(-153.339003660073,-9.61499867940002,10.075));
#6514=CARTESIAN_POINT('Origin',(-153.339003660073,-9.61499867940002,10.075));
#6515=CARTESIAN_POINT('',(-153.339003660073,-23.6049986794,10.075));
#6516=CARTESIAN_POINT('Origin',(-153.339003660073,-23.6049986794,10.075));
#6517=CARTESIAN_POINT('Origin',(-158.389503660073,-23.6049986794,10.075));
#6518=CARTESIAN_POINT('',(-158.389503660073,-23.6049986794,10.075));
#6519=CARTESIAN_POINT('',(-158.389503660073,-9.61499867940002,10.075));
#6520=CARTESIAN_POINT('Origin',(-158.389503660073,-9.61499867940002,10.075));
#6521=CARTESIAN_POINT('',(-172.379503660073,-9.61499867940002,10.075));
#6522=CARTESIAN_POINT('Origin',(-172.379503660073,-9.61499867940002,10.075));
#6523=CARTESIAN_POINT('',(-172.379503660073,-23.6049986794,10.075));
#6524=CARTESIAN_POINT('Origin',(-172.379503660073,-23.6049986794,10.075));
#6525=CARTESIAN_POINT('Origin',(-172.379503660073,14.4550013206,10.075));
#6526=CARTESIAN_POINT('',(-172.379503660073,14.4550013206,10.075));
#6527=CARTESIAN_POINT('',(-158.389503660073,14.4550013206,10.075));
#6528=CARTESIAN_POINT('Origin',(-158.389503660073,14.4550013206,10.075));
#6529=CARTESIAN_POINT('',(-158.389503660073,28.4450013206,10.075));
#6530=CARTESIAN_POINT('Origin',(-158.389503660073,28.4450013206,10.075));
#6531=CARTESIAN_POINT('',(-172.379503660073,28.4450013206,10.075));
#6532=CARTESIAN_POINT('Origin',(-172.379503660073,28.4450013206,10.075));
#6533=CARTESIAN_POINT('Origin',(-177.430003660073,14.4550013206,10.075));
#6534=CARTESIAN_POINT('',(-177.430003660073,14.4550013206,10.075));
#6535=CARTESIAN_POINT('',(-177.430003660073,28.4450013206,10.075));
#6536=CARTESIAN_POINT('Origin',(-177.430003660073,28.4450013206,10.075));
#6537=CARTESIAN_POINT('',(-191.420003660073,28.4450013206,10.075));
#6538=CARTESIAN_POINT('Origin',(-191.420003660073,28.4450013206,10.075));
#6539=CARTESIAN_POINT('',(-191.420003660073,14.4550013206,10.075));
#6540=CARTESIAN_POINT('Origin',(-191.420003660073,14.4550013206,10.075));
#6541=CARTESIAN_POINT('Origin',(-153.339003660073,-4.56449867940001,10.075));
#6542=CARTESIAN_POINT('',(-153.339003660073,-4.56449867940001,10.075));
#6543=CARTESIAN_POINT('',(-139.349003660073,-4.56449867940001,10.075));
#6544=CARTESIAN_POINT('Origin',(-139.349003660073,-4.56449867940001,10.075));
#6545=CARTESIAN_POINT('',(-139.349003660073,9.42550132059999,10.075));
#6546=CARTESIAN_POINT('Origin',(-139.349003660073,9.42550132059999,10.075));
#6547=CARTESIAN_POINT('',(-153.339003660073,9.42550132059999,10.075));
#6548=CARTESIAN_POINT('Origin',(-153.339003660073,9.42550132059999,10.075));
#6549=CARTESIAN_POINT('Origin',(-191.420003660073,-23.6049986794,10.075));
#6550=CARTESIAN_POINT('',(-191.420003660073,-23.6049986794,10.075));
#6551=CARTESIAN_POINT('',(-177.430003660073,-23.6049986794,10.075));
#6552=CARTESIAN_POINT('Origin',(-177.430003660073,-23.6049986794,10.075));
#6553=CARTESIAN_POINT('',(-177.430003660073,-9.61499867940002,10.075));
#6554=CARTESIAN_POINT('Origin',(-177.430003660073,-9.61499867940002,10.075));
#6555=CARTESIAN_POINT('',(-191.420003660073,-9.61499867940002,10.075));
#6556=CARTESIAN_POINT('Origin',(-191.420003660073,-9.61499867940002,10.075));
#6557=CARTESIAN_POINT('Origin',(-172.379503660073,-4.56449867940001,10.075));
#6558=CARTESIAN_POINT('',(-172.379503660073,-4.56449867940001,10.075));
#6559=CARTESIAN_POINT('',(-158.389503660073,-4.56449867940001,10.075));
#6560=CARTESIAN_POINT('Origin',(-158.389503660073,-4.56449867940001,10.075));
#6561=CARTESIAN_POINT('',(-158.389503660073,9.42550132059999,10.075));
#6562=CARTESIAN_POINT('Origin',(-158.389503660073,9.42550132059999,10.075));
#6563=CARTESIAN_POINT('',(-172.379503660073,9.42550132059999,10.075));
#6564=CARTESIAN_POINT('Origin',(-172.379503660073,9.42550132059999,10.075));
#6565=CARTESIAN_POINT('Origin',(-177.430003660073,-4.56449867940005,10.075));
#6566=CARTESIAN_POINT('',(-177.430003660073,-4.56449867940005,10.075));
#6567=CARTESIAN_POINT('',(-177.430003660073,9.42550132059999,10.075));
#6568=CARTESIAN_POINT('Origin',(-177.430003660073,9.42550132059999,10.075));
#6569=CARTESIAN_POINT('',(-191.420003660073,9.42550132059999,10.075));
#6570=CARTESIAN_POINT('Origin',(-191.420003660073,9.42550132059999,10.075));
#6571=CARTESIAN_POINT('',(-191.420003660073,-4.56449867940001,10.075));
#6572=CARTESIAN_POINT('Origin',(-191.420003660073,-4.56449867940001,10.075));
#6573=CARTESIAN_POINT('Origin',(-115.000002980232,14.0000005960465,18.));
#6574=CARTESIAN_POINT('',(-113.400002980232,14.0000005960465,18.));
#6575=CARTESIAN_POINT('Origin',(-196.960002980232,43.0000006407499,18.));
#6576=CARTESIAN_POINT('',(-195.360002980232,43.0000006407499,18.));
#6577=CARTESIAN_POINT('Origin',(-115.000002980232,-22.9999994039536,18.));
#6578=CARTESIAN_POINT('',(-113.400002980232,-22.9999994039536,18.));
#6579=CARTESIAN_POINT('Origin',(-196.960002980232,-22.9999994039536,18.));
#6580=CARTESIAN_POINT('',(-195.360002980232,-22.9999994039536,18.));
#6581=CARTESIAN_POINT('Origin',(-132.380962514452,24.8142930941132,18.));
#6582=CARTESIAN_POINT('',(-132.380962514452,24.8142930941132,16.));
#6583=CARTESIAN_POINT('',(-132.380962514452,24.8142930941132,18.));
#6584=CARTESIAN_POINT('',(-129.784984433226,24.8142930941132,16.));
#6585=CARTESIAN_POINT('',(-132.380962514452,24.8142930941132,16.));
#6586=CARTESIAN_POINT('',(-129.784984433226,24.8142930941132,18.));
#6587=CARTESIAN_POINT('Origin',(-132.380962514452,20.1098448113946,18.));
#6588=CARTESIAN_POINT('',(-132.380962514452,20.1098448113946,16.));
#6589=CARTESIAN_POINT('',(-132.380962514452,20.1098448113946,18.));
#6590=CARTESIAN_POINT('',(-132.380962514452,20.1098448113946,16.));
#6591=CARTESIAN_POINT('Origin',(-129.784984433226,20.1098448113946,18.));
#6592=CARTESIAN_POINT('',(-129.784984433226,20.1098448113946,16.));
#6593=CARTESIAN_POINT('',(-129.784984433226,20.1098448113946,18.));
#6594=CARTESIAN_POINT('',(-129.784984433226,20.1098448113946,16.));
#6595=CARTESIAN_POINT('Origin',(-129.784984433226,20.7771205977944,18.));
#6596=CARTESIAN_POINT('',(-129.784984433226,20.7771205977944,16.));
#6597=CARTESIAN_POINT('',(-129.784984433226,20.7771205977944,18.));
#6598=CARTESIAN_POINT('',(-129.784984433226,20.7771205977944,16.));
#6599=CARTESIAN_POINT('Origin',(-131.671029471926,20.7771205977944,18.));
#6600=CARTESIAN_POINT('',(-131.671029471926,20.7771205977944,16.));
#6601=CARTESIAN_POINT('',(-131.671029471926,20.7771205977944,18.));
#6602=CARTESIAN_POINT('',(-131.671029471926,20.7771205977944,16.));
#6603=CARTESIAN_POINT('Origin',(-131.671029471926,22.3493328766373,18.));
#6604=CARTESIAN_POINT('',(-131.671029471926,22.3493328766373,16.));
#6605=CARTESIAN_POINT('',(-131.671029471926,22.3493328766373,18.));
#6606=CARTESIAN_POINT('',(-131.671029471926,22.3493328766373,16.));
#6607=CARTESIAN_POINT('Origin',(-129.83982905107,22.3493328766373,18.));
#6608=CARTESIAN_POINT('',(-129.83982905107,22.3493328766373,16.));
#6609=CARTESIAN_POINT('',(-129.83982905107,22.3493328766373,18.));
#6610=CARTESIAN_POINT('',(-129.83982905107,22.3493328766373,16.));
#6611=CARTESIAN_POINT('Origin',(-129.83982905107,23.0166089610604,18.));
#6612=CARTESIAN_POINT('',(-129.83982905107,23.0166089610604,16.));
#6613=CARTESIAN_POINT('',(-129.83982905107,23.0166089610604,18.));
#6614=CARTESIAN_POINT('',(-129.83982905107,23.0166089610604,16.));
#6615=CARTESIAN_POINT('Origin',(-131.671029471926,23.0166089610604,18.));
#6616=CARTESIAN_POINT('',(-131.671029471926,23.0166089610604,16.));
#6617=CARTESIAN_POINT('',(-131.671029471926,23.0166089610604,18.));
#6618=CARTESIAN_POINT('',(-131.671029471926,23.0166089610604,16.));
#6619=CARTESIAN_POINT('Origin',(-131.671029471926,24.1470170096902,18.));
#6620=CARTESIAN_POINT('',(-131.671029471926,24.1470170096902,16.));
#6621=CARTESIAN_POINT('',(-131.671029471926,24.1470170096902,18.));
#6622=CARTESIAN_POINT('',(-131.671029471926,24.1470170096902,16.));
#6623=CARTESIAN_POINT('Origin',(-129.784984433226,24.1470170096902,18.));
#6624=CARTESIAN_POINT('',(-129.784984433226,24.1470170096902,16.));
#6625=CARTESIAN_POINT('',(-129.784984433226,24.1470170096902,18.));
#6626=CARTESIAN_POINT('',(-129.784984433226,24.1470170096902,16.));
#6627=CARTESIAN_POINT('Origin',(-129.784984433226,24.8142930941132,18.));
#6628=CARTESIAN_POINT('',(-129.784984433226,24.8142930941132,16.));
#6629=CARTESIAN_POINT('Origin',(-124.951255389623,22.2853477375058,16.));
#6630=CARTESIAN_POINT('Origin',(-116.410289847426,24.8142930941132,18.));
#6631=CARTESIAN_POINT('',(-116.410289847426,24.8142930941132,16.));
#6632=CARTESIAN_POINT('',(-116.410289847426,24.8142930941132,18.));
#6633=CARTESIAN_POINT('',(-113.814312064223,24.8142930941132,16.));
#6634=CARTESIAN_POINT('',(-116.410289847426,24.8142930941132,16.));
#6635=CARTESIAN_POINT('',(-113.814312064223,24.8142930941132,18.));
#6636=CARTESIAN_POINT('Origin',(-116.410289847426,20.1098448113946,18.));
#6637=CARTESIAN_POINT('',(-116.410289847426,20.1098448113946,16.));
#6638=CARTESIAN_POINT('',(-116.410289847426,20.1098448113946,18.));
#6639=CARTESIAN_POINT('',(-116.410289847426,20.1098448113946,16.));
#6640=CARTESIAN_POINT('Origin',(-113.814312064223,20.1098448113946,18.));
#6641=CARTESIAN_POINT('',(-113.814312064223,20.1098448113946,16.));
#6642=CARTESIAN_POINT('',(-113.814312064223,20.1098448113946,18.));
#6643=CARTESIAN_POINT('',(-113.814312064223,20.1098448113946,16.));
#6644=CARTESIAN_POINT('Origin',(-113.814312064223,20.7771205977944,18.));
#6645=CARTESIAN_POINT('',(-113.814312064223,20.7771205977944,16.));
#6646=CARTESIAN_POINT('',(-113.814312064223,20.7771205977944,18.));
#6647=CARTESIAN_POINT('',(-113.814312064223,20.7771205977944,16.));
#6648=CARTESIAN_POINT('Origin',(-115.700355612807,20.7771205977944,18.));
#6649=CARTESIAN_POINT('',(-115.700355612807,20.7771205977944,16.));
#6650=CARTESIAN_POINT('',(-115.700355612807,20.7771205977944,18.));
#6651=CARTESIAN_POINT('',(-115.700355612807,20.7771205977944,16.));
#6652=CARTESIAN_POINT('Origin',(-115.700355612807,22.3493328766373,18.));
#6653=CARTESIAN_POINT('',(-115.700355612807,22.3493328766373,16.));
#6654=CARTESIAN_POINT('',(-115.700355612807,22.3493328766373,18.));
#6655=CARTESIAN_POINT('',(-115.700355612807,22.3493328766373,16.));
#6656=CARTESIAN_POINT('Origin',(-113.869155489973,22.3493328766373,18.));
#6657=CARTESIAN_POINT('',(-113.869155489973,22.3493328766373,16.));
#6658=CARTESIAN_POINT('',(-113.869155489973,22.3493328766373,18.));
#6659=CARTESIAN_POINT('',(-113.869155489973,22.3493328766373,16.));
#6660=CARTESIAN_POINT('Origin',(-113.869155489973,23.0166089610604,18.));
#6661=CARTESIAN_POINT('',(-113.869155489973,23.0166089610604,16.));
#6662=CARTESIAN_POINT('',(-113.869155489973,23.0166089610604,18.));
#6663=CARTESIAN_POINT('',(-113.869155489973,23.0166089610604,16.));
#6664=CARTESIAN_POINT('Origin',(-115.700355612807,23.0166089610604,18.));
#6665=CARTESIAN_POINT('',(-115.700355612807,23.0166089610604,16.));
#6666=CARTESIAN_POINT('',(-115.700355612807,23.0166089610604,18.));
#6667=CARTESIAN_POINT('',(-115.700355612807,23.0166089610604,16.));
#6668=CARTESIAN_POINT('Origin',(-115.700355612807,24.1470170096902,18.));
#6669=CARTESIAN_POINT('',(-115.700355612807,24.1470170096902,16.));
#6670=CARTESIAN_POINT('',(-115.700355612807,24.1470170096902,18.));
#6671=CARTESIAN_POINT('',(-115.700355612807,24.1470170096902,16.));
#6672=CARTESIAN_POINT('Origin',(-113.814312064223,24.1470170096902,18.));
#6673=CARTESIAN_POINT('',(-113.814312064223,24.1470170096902,16.));
#6674=CARTESIAN_POINT('',(-113.814312064223,24.1470170096902,18.));
#6675=CARTESIAN_POINT('',(-113.814312064223,24.1470170096902,16.));
#6676=CARTESIAN_POINT('Origin',(-113.814312064223,24.8142930941132,18.));
#6677=CARTESIAN_POINT('',(-113.814312064223,24.8142930941132,16.));
#6678=CARTESIAN_POINT('Origin',(-124.951255389623,22.2853477375058,16.));
#6679=CARTESIAN_POINT('Origin',(-124.193440520338,24.8142930941132,18.));
#6680=CARTESIAN_POINT('',(-124.193440520338,24.8142930941132,16.));
#6681=CARTESIAN_POINT('',(-124.193440520338,24.8142930941132,18.));
#6682=CARTESIAN_POINT('',(-121.597462737135,24.8142930941132,16.));
#6683=CARTESIAN_POINT('',(-124.193440520338,24.8142930941132,16.));
#6684=CARTESIAN_POINT('',(-121.597462737135,24.8142930941132,18.));
#6685=CARTESIAN_POINT('Origin',(-124.193440520338,20.1098448113946,18.));
#6686=CARTESIAN_POINT('',(-124.193440520338,20.1098448113946,16.));
#6687=CARTESIAN_POINT('',(-124.193440520338,20.1098448113946,18.));
#6688=CARTESIAN_POINT('',(-124.193440520338,20.1098448113946,16.));
#6689=CARTESIAN_POINT('Origin',(-121.597462737135,20.1098448113946,18.));
#6690=CARTESIAN_POINT('',(-121.597462737135,20.1098448113946,16.));
#6691=CARTESIAN_POINT('',(-121.597462737135,20.1098448113946,18.));
#6692=CARTESIAN_POINT('',(-121.597462737135,20.1098448113946,16.));
#6693=CARTESIAN_POINT('Origin',(-121.597462737135,20.7771205977944,18.));
#6694=CARTESIAN_POINT('',(-121.597462737135,20.7771205977944,16.));
#6695=CARTESIAN_POINT('',(-121.597462737135,20.7771205977944,18.));
#6696=CARTESIAN_POINT('',(-121.597462737135,20.7771205977944,16.));
#6697=CARTESIAN_POINT('Origin',(-123.483507477812,20.7771205977944,18.));
#6698=CARTESIAN_POINT('',(-123.483507477812,20.7771205977944,16.));
#6699=CARTESIAN_POINT('',(-123.483507477812,20.7771205977944,18.));
#6700=CARTESIAN_POINT('',(-123.483507477812,20.7771205977944,16.));
#6701=CARTESIAN_POINT('Origin',(-123.483507477812,22.3493328766373,18.));
#6702=CARTESIAN_POINT('',(-123.483507477812,22.3493328766373,16.));
#6703=CARTESIAN_POINT('',(-123.483507477812,22.3493328766373,18.));
#6704=CARTESIAN_POINT('',(-123.483507477812,22.3493328766373,16.));
#6705=CARTESIAN_POINT('Origin',(-121.652306162886,22.3493328766373,18.));
#6706=CARTESIAN_POINT('',(-121.652306162886,22.3493328766373,16.));
#6707=CARTESIAN_POINT('',(-121.652306162886,22.3493328766373,18.));
#6708=CARTESIAN_POINT('',(-121.652306162886,22.3493328766373,16.));
#6709=CARTESIAN_POINT('Origin',(-121.652306162886,23.0166089610604,18.));
#6710=CARTESIAN_POINT('',(-121.652306162886,23.0166089610604,16.));
#6711=CARTESIAN_POINT('',(-121.652306162886,23.0166089610604,18.));
#6712=CARTESIAN_POINT('',(-121.652306162886,23.0166089610604,16.));
#6713=CARTESIAN_POINT('Origin',(-123.483507477812,23.0166089610604,18.));
#6714=CARTESIAN_POINT('',(-123.483507477812,23.0166089610604,16.));
#6715=CARTESIAN_POINT('',(-123.483507477812,23.0166089610604,18.));
#6716=CARTESIAN_POINT('',(-123.483507477812,23.0166089610604,16.));
#6717=CARTESIAN_POINT('Origin',(-123.483507477812,24.1470170096902,18.));
#6718=CARTESIAN_POINT('',(-123.483507477812,24.1470170096902,16.));
#6719=CARTESIAN_POINT('',(-123.483507477812,24.1470170096902,18.));
#6720=CARTESIAN_POINT('',(-123.483507477812,24.1470170096902,16.));
#6721=CARTESIAN_POINT('Origin',(-121.597462737135,24.1470170096902,18.));
#6722=CARTESIAN_POINT('',(-121.597462737135,24.1470170096902,16.));
#6723=CARTESIAN_POINT('',(-121.597462737135,24.1470170096902,18.));
#6724=CARTESIAN_POINT('',(-121.597462737135,24.1470170096902,16.));
#6725=CARTESIAN_POINT('Origin',(-121.597462737135,24.8142930941132,18.));
#6726=CARTESIAN_POINT('',(-121.597462737135,24.8142930941132,16.));
#6727=CARTESIAN_POINT('Origin',(-124.951255389623,22.2853477375058,16.));
#6728=CARTESIAN_POINT('Origin',(-119.124228798918,19.7564017848519,18.));
#6729=CARTESIAN_POINT('',(-119.124228798918,19.7564017848519,16.));
#6730=CARTESIAN_POINT('',(-119.124228798918,19.7564017848519,18.));
#6731=CARTESIAN_POINT('',(-121.18699535089,24.8142936901597,16.));
#6732=CARTESIAN_POINT('',(-119.124228798918,19.7564017848519,16.));
#6733=CARTESIAN_POINT('',(-121.18699535089,24.8142936901597,18.));
#6734=CARTESIAN_POINT('Origin',(-117.012711607985,24.8142936901597,18.));
#6735=CARTESIAN_POINT('',(-117.012711607985,24.8142936901597,16.));
#6736=CARTESIAN_POINT('',(-117.012711607985,24.8142936901597,18.));
#6737=CARTESIAN_POINT('',(-117.012711607985,24.8142936901597,16.));
#6738=CARTESIAN_POINT('Origin',(-117.789677226118,24.8142936901597,18.));
#6739=CARTESIAN_POINT('',(-117.789677226118,24.8142936901597,16.));
#6740=CARTESIAN_POINT('',(-117.789677226118,24.8142936901597,18.));
#6741=CARTESIAN_POINT('',(-117.789677226118,24.8142936901597,16.));
#6742=CARTESIAN_POINT('Origin',(-119.108993851714,21.554086215928,18.));
#6743=CARTESIAN_POINT('',(-119.108993851714,21.554086215928,16.));
#6744=CARTESIAN_POINT('',(-119.108993851714,21.554086215928,18.));
#6745=CARTESIAN_POINT('',(-119.108993851714,21.554086215928,16.));
#6746=CARTESIAN_POINT('Origin',(-120.410029732756,24.8142936901597,18.));
#6747=CARTESIAN_POINT('',(-120.410029732756,24.8142936901597,16.));
#6748=CARTESIAN_POINT('',(-120.410029732756,24.8142936901597,18.));
#6749=CARTESIAN_POINT('',(-120.410029732756,24.8142936901597,16.));
#6750=CARTESIAN_POINT('Origin',(-121.18699535089,24.8142936901597,18.));
#6751=CARTESIAN_POINT('',(-121.18699535089,24.8142936901597,16.));
#6752=CARTESIAN_POINT('Origin',(-124.951255389623,22.2853477375058,16.));
#6753=CARTESIAN_POINT('Origin',(-126.051194512419,20.1098448113946,18.));
#6754=CARTESIAN_POINT('',(-126.051194512419,20.1098448113946,16.));
#6755=CARTESIAN_POINT('',(-126.051194512419,20.1098448113946,18.));
#6756=CARTESIAN_POINT('',(-126.051194512419,24.8142930941132,16.));
#6757=CARTESIAN_POINT('',(-126.051194512419,20.1098448113946,16.));
#6758=CARTESIAN_POINT('',(-126.051194512419,24.8142930941132,18.));
#6759=CARTESIAN_POINT('Origin',(-125.341261469893,20.1098448113946,18.));
#6760=CARTESIAN_POINT('',(-125.341261469893,20.1098448113946,16.));
#6761=CARTESIAN_POINT('',(-125.341261469893,20.1098448113946,18.));
#6762=CARTESIAN_POINT('',(-125.341261469893,20.1098448113946,16.));
#6763=CARTESIAN_POINT('Origin',(-125.341261469893,24.8142930941132,18.));
#6764=CARTESIAN_POINT('',(-125.341261469893,24.8142930941132,16.));
#6765=CARTESIAN_POINT('',(-125.341261469893,24.8142930941132,18.));
#6766=CARTESIAN_POINT('',(-125.341261469893,24.8142930941132,16.));
#6767=CARTESIAN_POINT('Origin',(-126.051194512419,24.8142930941132,18.));
#6768=CARTESIAN_POINT('',(-126.051194512419,24.8142930941132,16.));
#6769=CARTESIAN_POINT('Origin',(-124.951255389623,22.2853477375058,16.));
#6770=CARTESIAN_POINT('Origin',(-128.83521302896,20.1098448113946,18.));
#6771=CARTESIAN_POINT('',(-128.83521302896,20.1098448113946,16.));
#6772=CARTESIAN_POINT('',(-128.83521302896,20.1098448113946,18.));
#6773=CARTESIAN_POINT('',(-128.83521302896,24.8142930941132,16.));
#6774=CARTESIAN_POINT('',(-128.83521302896,20.1098448113946,16.));
#6775=CARTESIAN_POINT('',(-128.83521302896,24.8142930941132,18.));
#6776=CARTESIAN_POINT('Origin',(-126.741977178626,20.1098448113946,18.));
#6777=CARTESIAN_POINT('',(-126.741977178626,20.1098448113946,16.));
#6778=CARTESIAN_POINT('',(-126.741977178626,20.1098448113946,18.));
#6779=CARTESIAN_POINT('',(-126.741977178626,20.1098448113946,16.));
#6780=CARTESIAN_POINT('Origin',(-126.741977178626,20.7771205977944,18.));
#6781=CARTESIAN_POINT('',(-126.741977178626,20.7771205977944,16.));
#6782=CARTESIAN_POINT('',(-126.741977178626,20.7771205977944,18.));
#6783=CARTESIAN_POINT('',(-126.741977178626,20.7771205977944,16.));
#6784=CARTESIAN_POINT('Origin',(-128.125279986433,20.7771205977944,18.));
#6785=CARTESIAN_POINT('',(-128.125279986433,20.7771205977944,16.));
#6786=CARTESIAN_POINT('',(-128.125279986433,20.7771205977944,18.));
#6787=CARTESIAN_POINT('',(-128.125279986433,20.7771205977944,16.));
#6788=CARTESIAN_POINT('Origin',(-128.125279986433,24.8142930941132,18.));
#6789=CARTESIAN_POINT('',(-128.125279986433,24.8142930941132,16.));
#6790=CARTESIAN_POINT('',(-128.125279986433,24.8142930941132,18.));
#6791=CARTESIAN_POINT('',(-128.125279986433,24.8142930941132,16.));
#6792=CARTESIAN_POINT('Origin',(-128.83521302896,24.8142930941132,18.));
#6793=CARTESIAN_POINT('',(-128.83521302896,24.8142930941132,16.));
#6794=CARTESIAN_POINT('Origin',(-124.951255389623,22.2853477375058,16.));
#6795=CARTESIAN_POINT('Origin',(-135.128418200783,24.1622516588715,18.));
#6796=CARTESIAN_POINT('',(-135.128418200783,24.1622516588715,18.));
#6797=CARTESIAN_POINT('',(-135.378265821509,24.1622516588715,18.));
#6798=CARTESIAN_POINT('',(-151.314209603306,24.1622516588715,18.));
#6799=CARTESIAN_POINT('',(-135.128418200783,24.1622516588715,16.));
#6800=CARTESIAN_POINT('',(-135.128418200783,24.1622516588715,18.));
#6801=CARTESIAN_POINT('',(-135.378265821509,24.1622516588715,16.));
#6802=CARTESIAN_POINT('',(-135.128418200783,24.1622516588715,16.));
#6803=CARTESIAN_POINT('',(-135.378265821509,24.1622516588715,18.));
#6804=CARTESIAN_POINT('Ctrl Pts',(-134.579972022347,23.9885771350411,18.));
#6805=CARTESIAN_POINT('Ctrl Pts',(-134.579972022347,23.9885771350411,16.));
#6806=CARTESIAN_POINT('Ctrl Pts',(-134.654766325048,24.0391188495586,18.));
#6807=CARTESIAN_POINT('Ctrl Pts',(-134.654766325048,24.0391188495586,16.));
#6808=CARTESIAN_POINT('Ctrl Pts',(-134.819600008837,24.1505040311566,18.));
#6809=CARTESIAN_POINT('Ctrl Pts',(-134.819600008837,24.1505040311566,16.));
#6810=CARTESIAN_POINT('Ctrl Pts',(-135.019321545612,24.1581015572152,18.));
#6811=CARTESIAN_POINT('Ctrl Pts',(-135.019321545612,24.1581015572152,16.));
#6812=CARTESIAN_POINT('Ctrl Pts',(-135.128418200783,24.1622516588715,18.));
#6813=CARTESIAN_POINT('Ctrl Pts',(-135.128418200783,24.1622516588715,16.));
#6814=CARTESIAN_POINT('',(-134.579972022347,23.9885771350411,18.));
#6815=CARTESIAN_POINT('Ctrl Pts',(-134.579972022347,23.9885771350411,18.));
#6816=CARTESIAN_POINT('Ctrl Pts',(-134.654766325048,24.0391188495586,18.));
#6817=CARTESIAN_POINT('Ctrl Pts',(-134.819600008837,24.1505040311566,18.));
#6818=CARTESIAN_POINT('Ctrl Pts',(-135.019321545612,24.1581015572152,18.));
#6819=CARTESIAN_POINT('Ctrl Pts',(-135.128418200783,24.1622516588715,18.));
#6820=CARTESIAN_POINT('',(-134.579972022347,23.9885771350411,16.));
#6821=CARTESIAN_POINT('',(-134.579972022347,23.9885771350411,18.));
#6822=CARTESIAN_POINT('Ctrl Pts',(-134.579972022347,23.9885771350411,16.));
#6823=CARTESIAN_POINT('Ctrl Pts',(-134.654766325048,24.0391188495586,16.));
#6824=CARTESIAN_POINT('Ctrl Pts',(-134.819600008837,24.1505040311566,16.));
#6825=CARTESIAN_POINT('Ctrl Pts',(-135.019321545612,24.1581015572152,16.));
#6826=CARTESIAN_POINT('Ctrl Pts',(-135.128418200783,24.1622516588715,16.));
#6827=CARTESIAN_POINT('Ctrl Pts',(-134.391062849335,23.4858349041489,18.));
#6828=CARTESIAN_POINT('Ctrl Pts',(-134.391062849335,23.4858349041489,16.));
#6829=CARTESIAN_POINT('Ctrl Pts',(-134.396274066208,23.5872389746137,18.));
#6830=CARTESIAN_POINT('Ctrl Pts',(-134.396274066208,23.5872389746137,16.));
#6831=CARTESIAN_POINT('Ctrl Pts',(-134.40596673993,23.7758468550728,18.));
#6832=CARTESIAN_POINT('Ctrl Pts',(-134.40596673993,23.7758468550728,16.));
#6833=CARTESIAN_POINT('Ctrl Pts',(-134.524956502298,23.9213178724482,18.));
#6834=CARTESIAN_POINT('Ctrl Pts',(-134.524956502298,23.9213178724482,16.));
#6835=CARTESIAN_POINT('Ctrl Pts',(-134.579972022347,23.9885771350411,18.));
#6836=CARTESIAN_POINT('Ctrl Pts',(-134.579972022347,23.9885771350411,16.));
#6837=CARTESIAN_POINT('',(-134.391062849335,23.4858349041489,18.));
#6838=CARTESIAN_POINT('Ctrl Pts',(-134.391062849335,23.4858349041489,18.));
#6839=CARTESIAN_POINT('Ctrl Pts',(-134.396274066208,23.5872389746137,18.));
#6840=CARTESIAN_POINT('Ctrl Pts',(-134.40596673993,23.7758468550728,18.));
#6841=CARTESIAN_POINT('Ctrl Pts',(-134.524956502298,23.9213178724482,18.));
#6842=CARTESIAN_POINT('Ctrl Pts',(-134.579972022347,23.9885771350411,18.));
#6843=CARTESIAN_POINT('',(-134.391062849335,23.4858349041489,16.));
#6844=CARTESIAN_POINT('',(-134.391062849335,23.4858349041489,18.));
#6845=CARTESIAN_POINT('Ctrl Pts',(-134.391062849335,23.4858349041489,16.));
#6846=CARTESIAN_POINT('Ctrl Pts',(-134.396274066208,23.5872389746137,16.));
#6847=CARTESIAN_POINT('Ctrl Pts',(-134.40596673993,23.7758468550728,16.));
#6848=CARTESIAN_POINT('Ctrl Pts',(-134.524956502298,23.9213178724482,16.));
#6849=CARTESIAN_POINT('Ctrl Pts',(-134.579972022347,23.9885771350411,16.));
#6850=CARTESIAN_POINT('Ctrl Pts',(-134.576925181918,22.9678580240754,18.));
#6851=CARTESIAN_POINT('Ctrl Pts',(-134.576925181918,22.9678580240754,16.));
#6852=CARTESIAN_POINT('Ctrl Pts',(-134.522807398157,23.037583732915,18.));
#6853=CARTESIAN_POINT('Ctrl Pts',(-134.522807398157,23.037583732915,16.));
#6854=CARTESIAN_POINT('Ctrl Pts',(-134.405142859479,23.189183499102,18.));
#6855=CARTESIAN_POINT('Ctrl Pts',(-134.405142859479,23.189183499102,16.));
#6856=CARTESIAN_POINT('Ctrl Pts',(-134.39600039454,23.3818058794757,18.));
#6857=CARTESIAN_POINT('Ctrl Pts',(-134.39600039454,23.3818058794757,16.));
#6858=CARTESIAN_POINT('Ctrl Pts',(-134.391062849335,23.4858349041489,18.));
#6859=CARTESIAN_POINT('Ctrl Pts',(-134.391062849335,23.4858349041489,16.));
#6860=CARTESIAN_POINT('',(-134.576925181918,22.9678580240754,18.));
#6861=CARTESIAN_POINT('Ctrl Pts',(-134.576925181918,22.9678580240754,18.));
#6862=CARTESIAN_POINT('Ctrl Pts',(-134.522807398157,23.037583732915,18.));
#6863=CARTESIAN_POINT('Ctrl Pts',(-134.405142859479,23.189183499102,18.));
#6864=CARTESIAN_POINT('Ctrl Pts',(-134.39600039454,23.3818058794757,18.));
#6865=CARTESIAN_POINT('Ctrl Pts',(-134.391062849335,23.4858349041489,18.));
#6866=CARTESIAN_POINT('',(-134.576925181918,22.9678580240754,16.));
#6867=CARTESIAN_POINT('',(-134.576925181918,22.9678580240754,18.));
#6868=CARTESIAN_POINT('Ctrl Pts',(-134.576925181918,22.9678580240754,16.));
#6869=CARTESIAN_POINT('Ctrl Pts',(-134.522807398157,23.037583732915,16.));
#6870=CARTESIAN_POINT('Ctrl Pts',(-134.405142859479,23.189183499102,16.));
#6871=CARTESIAN_POINT('Ctrl Pts',(-134.39600039454,23.3818058794757,16.));
#6872=CARTESIAN_POINT('Ctrl Pts',(-134.391062849335,23.4858349041489,16.));
#6873=CARTESIAN_POINT('Ctrl Pts',(-135.155840509705,22.794183500245,18.));
#6874=CARTESIAN_POINT('Ctrl Pts',(-135.155840509705,22.794183500245,16.));
#6875=CARTESIAN_POINT('Ctrl Pts',(-135.037814519814,22.797099121291,18.));
#6876=CARTESIAN_POINT('Ctrl Pts',(-135.037814519814,22.797099121291,16.));
#6877=CARTESIAN_POINT('Ctrl Pts',(-134.827668192911,22.8022904105487,18.));
#6878=CARTESIAN_POINT('Ctrl Pts',(-134.827668192911,22.8022904105487,16.));
#6879=CARTESIAN_POINT('Ctrl Pts',(-134.653342906509,22.9173987899711,18.));
#6880=CARTESIAN_POINT('Ctrl Pts',(-134.653342906509,22.9173987899711,16.));
#6881=CARTESIAN_POINT('Ctrl Pts',(-134.576925181918,22.9678580240754,18.));
#6882=CARTESIAN_POINT('Ctrl Pts',(-134.576925181918,22.9678580240754,16.));
#6883=CARTESIAN_POINT('',(-135.155840509705,22.794183500245,18.));
#6884=CARTESIAN_POINT('Ctrl Pts',(-135.155840509705,22.794183500245,18.));
#6885=CARTESIAN_POINT('Ctrl Pts',(-135.037814519814,22.797099121291,18.));
#6886=CARTESIAN_POINT('Ctrl Pts',(-134.827668192911,22.8022904105487,18.));
#6887=CARTESIAN_POINT('Ctrl Pts',(-134.653342906509,22.9173987899711,18.));
#6888=CARTESIAN_POINT('Ctrl Pts',(-134.576925181918,22.9678580240754,18.));
#6889=CARTESIAN_POINT('',(-135.155840509705,22.794183500245,16.));
#6890=CARTESIAN_POINT('',(-135.155840509705,22.794183500245,18.));
#6891=CARTESIAN_POINT('Ctrl Pts',(-135.155840509705,22.794183500245,16.));
#6892=CARTESIAN_POINT('Ctrl Pts',(-135.037814519814,22.797099121291,16.));
#6893=CARTESIAN_POINT('Ctrl Pts',(-134.827668192911,22.8022904105487,16.));
#6894=CARTESIAN_POINT('Ctrl Pts',(-134.653342906509,22.9173987899711,16.));
#6895=CARTESIAN_POINT('Ctrl Pts',(-134.576925181918,22.9678580240754,16.));
#6896=CARTESIAN_POINT('Origin',(-135.378265821509,22.794183500245,18.));
#6897=CARTESIAN_POINT('',(-135.378265821509,22.794183500245,18.));
#6898=CARTESIAN_POINT('',(-151.439133413669,22.794183500245,18.));
#6899=CARTESIAN_POINT('',(-135.378265821509,22.794183500245,16.));
#6900=CARTESIAN_POINT('',(-135.378265821509,22.794183500245,18.));
#6901=CARTESIAN_POINT('',(-135.378265821509,22.794183500245,16.));
#6902=CARTESIAN_POINT('Origin',(-135.378265821509,24.1622516588715,18.));
#6903=CARTESIAN_POINT('',(-135.378265821509,16.9811260157003,18.));
#6904=CARTESIAN_POINT('',(-135.378265821509,24.1622516588715,16.));
#6905=CARTESIAN_POINT('Origin',(-135.018728965096,22.2000336722878,18.));
#6906=CARTESIAN_POINT('',(-135.018728965096,22.2000336722878,18.));
#6907=CARTESIAN_POINT('',(-135.378265821509,22.2000336722878,18.));
#6908=CARTESIAN_POINT('',(-151.259364985462,22.2000336722878,18.));
#6909=CARTESIAN_POINT('',(-135.018728965096,22.2000336722878,16.));
#6910=CARTESIAN_POINT('',(-135.018728965096,22.2000336722878,18.));
#6911=CARTESIAN_POINT('',(-135.378265821509,22.2000336722878,16.));
#6912=CARTESIAN_POINT('',(-135.018728965096,22.2000336722878,16.));
#6913=CARTESIAN_POINT('',(-135.378265821509,22.2000336722878,18.));
#6914=CARTESIAN_POINT('Ctrl Pts',(-134.223482155375,21.9958898500947,18.));
#6915=CARTESIAN_POINT('Ctrl Pts',(-134.223482155375,21.9958898500947,16.));
#6916=CARTESIAN_POINT('Ctrl Pts',(-134.324483735101,22.0550093918392,18.));
#6917=CARTESIAN_POINT('Ctrl Pts',(-134.324483735101,22.0550093918392,16.));
#6918=CARTESIAN_POINT('Ctrl Pts',(-134.56800355538,22.1975495404159,18.));
#6919=CARTESIAN_POINT('Ctrl Pts',(-134.56800355538,22.1975495404159,16.));
#6920=CARTESIAN_POINT('Ctrl Pts',(-134.852329330234,22.1991165759193,18.));
#6921=CARTESIAN_POINT('Ctrl Pts',(-134.852329330234,22.1991165759193,16.));
#6922=CARTESIAN_POINT('Ctrl Pts',(-135.018728965096,22.2000336722878,18.));
#6923=CARTESIAN_POINT('Ctrl Pts',(-135.018728965096,22.2000336722878,16.));
#6924=CARTESIAN_POINT('',(-134.223482155375,21.9958898500947,18.));
#6925=CARTESIAN_POINT('Ctrl Pts',(-134.223482155375,21.9958898500947,18.));
#6926=CARTESIAN_POINT('Ctrl Pts',(-134.324483735101,22.0550093918392,18.));
#6927=CARTESIAN_POINT('Ctrl Pts',(-134.56800355538,22.1975495404159,18.));
#6928=CARTESIAN_POINT('Ctrl Pts',(-134.852329330234,22.1991165759193,18.));
#6929=CARTESIAN_POINT('Ctrl Pts',(-135.018728965096,22.2000336722878,18.));
#6930=CARTESIAN_POINT('',(-134.223482155375,21.9958898500947,16.));
#6931=CARTESIAN_POINT('',(-134.223482155375,21.9958898500947,18.));
#6932=CARTESIAN_POINT('Ctrl Pts',(-134.223482155375,21.9958898500947,16.));
#6933=CARTESIAN_POINT('Ctrl Pts',(-134.324483735101,22.0550093918392,16.));
#6934=CARTESIAN_POINT('Ctrl Pts',(-134.56800355538,22.1975495404159,16.));
#6935=CARTESIAN_POINT('Ctrl Pts',(-134.852329330234,22.1991165759193,16.));
#6936=CARTESIAN_POINT('Ctrl Pts',(-135.018728965096,22.2000336722878,16.));
#6937=CARTESIAN_POINT('Ctrl Pts',(-133.994963013701,21.4840066508797,18.));
#6938=CARTESIAN_POINT('Ctrl Pts',(-133.994963013701,21.4840066508797,16.));
#6939=CARTESIAN_POINT('Ctrl Pts',(-134.004617495624,21.5816283586072,18.));
#6940=CARTESIAN_POINT('Ctrl Pts',(-134.004617495624,21.5816283586072,16.));
#6941=CARTESIAN_POINT('Ctrl Pts',(-134.023994385742,21.7775586134674,18.));
#6942=CARTESIAN_POINT('Ctrl Pts',(-134.023994385742,21.7775586134674,16.));
#6943=CARTESIAN_POINT('Ctrl Pts',(-134.156831011235,21.9229428882353,18.));
#6944=CARTESIAN_POINT('Ctrl Pts',(-134.156831011235,21.9229428882353,16.));
#6945=CARTESIAN_POINT('Ctrl Pts',(-134.223482155375,21.9958898500947,18.));
#6946=CARTESIAN_POINT('Ctrl Pts',(-134.223482155375,21.9958898500947,16.));
#6947=CARTESIAN_POINT('',(-133.994963013701,21.4840066508797,18.));
#6948=CARTESIAN_POINT('Ctrl Pts',(-133.994963013701,21.4840066508797,18.));
#6949=CARTESIAN_POINT('Ctrl Pts',(-134.004617495624,21.5816283586072,18.));
#6950=CARTESIAN_POINT('Ctrl Pts',(-134.023994385742,21.7775586134674,18.));
#6951=CARTESIAN_POINT('Ctrl Pts',(-134.156831011235,21.9229428882353,18.));
#6952=CARTESIAN_POINT('Ctrl Pts',(-134.223482155375,21.9958898500947,18.));
#6953=CARTESIAN_POINT('',(-133.994963013701,21.4840066508797,16.));
#6954=CARTESIAN_POINT('',(-133.994963013701,21.4840066508797,18.));
#6955=CARTESIAN_POINT('Ctrl Pts',(-133.994963013701,21.4840066508797,16.));
#6956=CARTESIAN_POINT('Ctrl Pts',(-134.004617495624,21.5816283586072,16.));
#6957=CARTESIAN_POINT('Ctrl Pts',(-134.023994385742,21.7775586134674,16.));
#6958=CARTESIAN_POINT('Ctrl Pts',(-134.156831011235,21.9229428882353,16.));
#6959=CARTESIAN_POINT('Ctrl Pts',(-134.223482155375,21.9958898500947,16.));
#6960=CARTESIAN_POINT('Ctrl Pts',(-134.232622974686,20.9660303668526,18.));
#6961=CARTESIAN_POINT('Ctrl Pts',(-134.232622974686,20.9660303668526,16.));
#6962=CARTESIAN_POINT('Ctrl Pts',(-134.163305546657,21.0386741387472,18.));
#6963=CARTESIAN_POINT('Ctrl Pts',(-134.163305546657,21.0386741387472,16.));
#6964=CARTESIAN_POINT('Ctrl Pts',(-134.024602888556,21.1840327382032,18.));
#6965=CARTESIAN_POINT('Ctrl Pts',(-134.024602888556,21.1840327382032,16.));
#6966=CARTESIAN_POINT('Ctrl Pts',(-134.004846191209,21.3839827661197,18.));
#6967=CARTESIAN_POINT('Ctrl Pts',(-134.004846191209,21.3839827661197,16.));
#6968=CARTESIAN_POINT('Ctrl Pts',(-133.994963013701,21.4840066508797,18.));
#6969=CARTESIAN_POINT('Ctrl Pts',(-133.994963013701,21.4840066508797,16.));
#6970=CARTESIAN_POINT('',(-134.232622974686,20.9660303668526,18.));
#6971=CARTESIAN_POINT('Ctrl Pts',(-134.232622974686,20.9660303668526,18.));
#6972=CARTESIAN_POINT('Ctrl Pts',(-134.163305546657,21.0386741387472,18.));
#6973=CARTESIAN_POINT('Ctrl Pts',(-134.024602888556,21.1840327382032,18.));
#6974=CARTESIAN_POINT('Ctrl Pts',(-134.004846191209,21.3839827661197,18.));
#6975=CARTESIAN_POINT('Ctrl Pts',(-133.994963013701,21.4840066508797,18.));
#6976=CARTESIAN_POINT('',(-134.232622974686,20.9660303668526,16.));
#6977=CARTESIAN_POINT('',(-134.232622974686,20.9660303668526,18.));
#6978=CARTESIAN_POINT('Ctrl Pts',(-134.232622974686,20.9660303668526,16.));
#6979=CARTESIAN_POINT('Ctrl Pts',(-134.163305546657,21.0386741387472,16.));
#6980=CARTESIAN_POINT('Ctrl Pts',(-134.024602888556,21.1840327382032,16.));
#6981=CARTESIAN_POINT('Ctrl Pts',(-134.004846191209,21.3839827661197,16.));
#6982=CARTESIAN_POINT('Ctrl Pts',(-133.994963013701,21.4840066508797,16.));
#6983=CARTESIAN_POINT('Ctrl Pts',(-134.93950887876,20.7771205977944,18.));
#6984=CARTESIAN_POINT('Ctrl Pts',(-134.93950887876,20.7771205977944,16.));
#6985=CARTESIAN_POINT('Ctrl Pts',(-134.796582909513,20.7798985639567,18.));
#6986=CARTESIAN_POINT('Ctrl Pts',(-134.796582909513,20.7798985639567,16.));
#6987=CARTESIAN_POINT('Ctrl Pts',(-134.544011530704,20.784807642045,18.));
#6988=CARTESIAN_POINT('Ctrl Pts',(-134.544011530704,20.784807642045,16.));
#6989=CARTESIAN_POINT('Ctrl Pts',(-134.326882343256,20.9111730534389,18.));
#6990=CARTESIAN_POINT('Ctrl Pts',(-134.326882343256,20.9111730534389,16.));
#6991=CARTESIAN_POINT('Ctrl Pts',(-134.232622974686,20.9660303668526,18.));
#6992=CARTESIAN_POINT('Ctrl Pts',(-134.232622974686,20.9660303668526,16.));
#6993=CARTESIAN_POINT('',(-134.93950887876,20.7771205977944,18.));
#6994=CARTESIAN_POINT('Ctrl Pts',(-134.93950887876,20.7771205977944,18.));
#6995=CARTESIAN_POINT('Ctrl Pts',(-134.796582909513,20.7798985639567,18.));
#6996=CARTESIAN_POINT('Ctrl Pts',(-134.544011530704,20.784807642045,18.));
#6997=CARTESIAN_POINT('Ctrl Pts',(-134.326882343256,20.9111730534389,18.));
#6998=CARTESIAN_POINT('Ctrl Pts',(-134.232622974686,20.9660303668526,18.));
#6999=CARTESIAN_POINT('',(-134.93950887876,20.7771205977944,16.));
#7000=CARTESIAN_POINT('',(-134.93950887876,20.7771205977944,18.));
#7001=CARTESIAN_POINT('Ctrl Pts',(-134.93950887876,20.7771205977944,16.));
#7002=CARTESIAN_POINT('Ctrl Pts',(-134.796582909513,20.7798985639567,16.));
#7003=CARTESIAN_POINT('Ctrl Pts',(-134.544011530704,20.784807642045,16.));
#7004=CARTESIAN_POINT('Ctrl Pts',(-134.326882343256,20.9111730534389,16.));
#7005=CARTESIAN_POINT('Ctrl Pts',(-134.232622974686,20.9660303668526,16.));
#7006=CARTESIAN_POINT('Origin',(-135.378265821509,20.7771205977944,18.));
#7007=CARTESIAN_POINT('',(-135.378265821509,20.7771205977944,18.));
#7008=CARTESIAN_POINT('',(-151.439133413669,20.7771205977944,18.));
#7009=CARTESIAN_POINT('',(-135.378265821509,20.7771205977944,16.));
#7010=CARTESIAN_POINT('',(-135.378265821509,20.7771205977944,18.));
#7011=CARTESIAN_POINT('',(-135.378265821509,20.7771205977944,16.));
#7012=CARTESIAN_POINT('Origin',(-135.378265821509,22.2000336722878,18.));
#7013=CARTESIAN_POINT('',(-135.378265821509,16.0000170224084,18.));
#7014=CARTESIAN_POINT('',(-135.378265821509,22.2000336722878,16.));
#7015=CARTESIAN_POINT('Ctrl Pts',(-134.211294495634,20.1982057170418,18.));
#7016=CARTESIAN_POINT('Ctrl Pts',(-134.211294495634,20.1982057170418,16.));
#7017=CARTESIAN_POINT('Ctrl Pts',(-134.33097188608,20.1724921532009,18.));
#7018=CARTESIAN_POINT('Ctrl Pts',(-134.33097188608,20.1724921532009,16.));
#7019=CARTESIAN_POINT('Ctrl Pts',(-134.594910310094,20.1157830497463,18.));
#7020=CARTESIAN_POINT('Ctrl Pts',(-134.594910310094,20.1157830497463,16.));
#7021=CARTESIAN_POINT('Ctrl Pts',(-134.865007758704,20.1119434334929,18.));
#7022=CARTESIAN_POINT('Ctrl Pts',(-134.865007758704,20.1119434334929,16.));
#7023=CARTESIAN_POINT('Ctrl Pts',(-135.012635135226,20.1098448113946,18.));
#7024=CARTESIAN_POINT('Ctrl Pts',(-135.012635135226,20.1098448113946,16.));
#7025=CARTESIAN_POINT('',(-134.211294495634,20.1982057170418,16.));
#7026=CARTESIAN_POINT('',(-134.211294495634,20.1982057170418,18.));
#7027=CARTESIAN_POINT('',(-135.012635135226,20.1098448113946,16.));
#7028=CARTESIAN_POINT('Ctrl Pts',(-134.211294495634,20.1982057170418,16.));
#7029=CARTESIAN_POINT('Ctrl Pts',(-134.33097188608,20.1724921532009,16.));
#7030=CARTESIAN_POINT('Ctrl Pts',(-134.594910310094,20.1157830497463,16.));
#7031=CARTESIAN_POINT('Ctrl Pts',(-134.865007758704,20.1119434334929,16.));
#7032=CARTESIAN_POINT('Ctrl Pts',(-135.012635135226,20.1098448113946,16.));
#7033=CARTESIAN_POINT('',(-135.012635135226,20.1098448113946,18.));
#7034=CARTESIAN_POINT('Ctrl Pts',(-133.684176945261,20.5242264346627,18.));
#7035=CARTESIAN_POINT('Ctrl Pts',(-133.684176945261,20.5242264346627,16.));
#7036=CARTESIAN_POINT('Ctrl Pts',(-133.763741714842,20.4523234185314,18.));
#7037=CARTESIAN_POINT('Ctrl Pts',(-133.763741714842,20.4523234185314,16.));
#7038=CARTESIAN_POINT('Ctrl Pts',(-133.919638461191,20.3114388746979,18.));
#7039=CARTESIAN_POINT('Ctrl Pts',(-133.919638461191,20.3114388746979,16.));
#7040=CARTESIAN_POINT('Ctrl Pts',(-134.11542917223,20.2354246736102,18.));
#7041=CARTESIAN_POINT('Ctrl Pts',(-134.11542917223,20.2354246736102,16.));
#7042=CARTESIAN_POINT('Ctrl Pts',(-134.211294495634,20.1982057170418,18.));
#7043=CARTESIAN_POINT('Ctrl Pts',(-134.211294495634,20.1982057170418,16.));
#7044=CARTESIAN_POINT('',(-133.684176945261,20.5242264346627,16.));
#7045=CARTESIAN_POINT('',(-133.684176945261,20.5242264346627,18.));
#7046=CARTESIAN_POINT('Ctrl Pts',(-133.684176945261,20.5242264346627,16.));
#7047=CARTESIAN_POINT('Ctrl Pts',(-133.763741714842,20.4523234185314,16.));
#7048=CARTESIAN_POINT('Ctrl Pts',(-133.919638461191,20.3114388746979,16.));
#7049=CARTESIAN_POINT('Ctrl Pts',(-134.11542917223,20.2354246736102,16.));
#7050=CARTESIAN_POINT('Ctrl Pts',(-134.211294495634,20.1982057170418,16.));
#7051=CARTESIAN_POINT('Ctrl Pts',(-133.294170939497,21.4565843419579,18.));
#7052=CARTESIAN_POINT('Ctrl Pts',(-133.294170939497,21.4565843419579,16.));
#7053=CARTESIAN_POINT('Ctrl Pts',(-133.310207458768,21.2800721301669,18.));
#7054=CARTESIAN_POINT('Ctrl Pts',(-133.310207458768,21.2800721301669,16.));
#7055=CARTESIAN_POINT('Ctrl Pts',(-133.342175878256,20.9281992370603,18.));
#7056=CARTESIAN_POINT('Ctrl Pts',(-133.342175878256,20.9281992370603,16.));
#7057=CARTESIAN_POINT('Ctrl Pts',(-133.570425577689,20.6585899298916,18.));
#7058=CARTESIAN_POINT('Ctrl Pts',(-133.570425577689,20.6585899298916,16.));
#7059=CARTESIAN_POINT('Ctrl Pts',(-133.684176945261,20.5242264346627,18.));
#7060=CARTESIAN_POINT('Ctrl Pts',(-133.684176945261,20.5242264346627,16.));
#7061=CARTESIAN_POINT('',(-133.294170939497,21.4565843419579,16.));
#7062=CARTESIAN_POINT('',(-133.294170939497,21.4565843419579,18.));
#7063=CARTESIAN_POINT('Ctrl Pts',(-133.294170939497,21.4565843419579,16.));
#7064=CARTESIAN_POINT('Ctrl Pts',(-133.310207458768,21.2800721301669,16.));
#7065=CARTESIAN_POINT('Ctrl Pts',(-133.342175878256,20.9281992370603,16.));
#7066=CARTESIAN_POINT('Ctrl Pts',(-133.570425577689,20.6585899298916,16.));
#7067=CARTESIAN_POINT('Ctrl Pts',(-133.684176945261,20.5242264346627,16.));
#7068=CARTESIAN_POINT('Ctrl Pts',(-133.513549112849,22.193939693406,18.));
#7069=CARTESIAN_POINT('Ctrl Pts',(-133.513549112849,22.193939693406,16.));
#7070=CARTESIAN_POINT('Ctrl Pts',(-133.449573555667,22.082433011189,18.));
#7071=CARTESIAN_POINT('Ctrl Pts',(-133.449573555667,22.082433011189,16.));
#7072=CARTESIAN_POINT('Ctrl Pts',(-133.318568785016,21.8540972533873,18.));
#7073=CARTESIAN_POINT('Ctrl Pts',(-133.318568785016,21.8540972533873,16.));
#7074=CARTESIAN_POINT('Ctrl Pts',(-133.302428958457,21.5911318435665,18.));
#7075=CARTESIAN_POINT('Ctrl Pts',(-133.302428958457,21.5911318435665,16.));
#7076=CARTESIAN_POINT('Ctrl Pts',(-133.294170939497,21.4565843419579,18.));
#7077=CARTESIAN_POINT('Ctrl Pts',(-133.294170939497,21.4565843419579,16.));
#7078=CARTESIAN_POINT('',(-133.513549112849,22.193939693406,16.));
#7079=CARTESIAN_POINT('',(-133.513549112849,22.193939693406,18.));
#7080=CARTESIAN_POINT('Ctrl Pts',(-133.513549112849,22.193939693406,16.));
#7081=CARTESIAN_POINT('Ctrl Pts',(-133.449573555667,22.082433011189,16.));
#7082=CARTESIAN_POINT('Ctrl Pts',(-133.318568785016,21.8540972533873,16.));
#7083=CARTESIAN_POINT('Ctrl Pts',(-133.302428958457,21.5911318435665,16.));
#7084=CARTESIAN_POINT('Ctrl Pts',(-133.294170939497,21.4565843419579,16.));
#7085=CARTESIAN_POINT('Ctrl Pts',(-134.104652249388,22.6418373064545,18.));
#7086=CARTESIAN_POINT('Ctrl Pts',(-134.104652249388,22.6418373064545,16.));
#7087=CARTESIAN_POINT('Ctrl Pts',(-133.986578736062,22.5915484239315,18.));
#7088=CARTESIAN_POINT('Ctrl Pts',(-133.986578736062,22.5915484239315,16.));
#7089=CARTESIAN_POINT('Ctrl Pts',(-133.75202408202,22.4916488688992,18.));
#7090=CARTESIAN_POINT('Ctrl Pts',(-133.75202408202,22.4916488688992,16.));
#7091=CARTESIAN_POINT('Ctrl Pts',(-133.592680178273,22.292725927975,18.));
#7092=CARTESIAN_POINT('Ctrl Pts',(-133.592680178273,22.292725927975,16.));
#7093=CARTESIAN_POINT('Ctrl Pts',(-133.513549112849,22.193939693406,18.));
#7094=CARTESIAN_POINT('Ctrl Pts',(-133.513549112849,22.193939693406,16.));
#7095=CARTESIAN_POINT('',(-134.104652249388,22.6418373064545,16.));
#7096=CARTESIAN_POINT('',(-134.104652249388,22.6418373064545,18.));
#7097=CARTESIAN_POINT('Ctrl Pts',(-134.104652249388,22.6418373064545,16.));
#7098=CARTESIAN_POINT('Ctrl Pts',(-133.986578736062,22.5915484239315,16.));
#7099=CARTESIAN_POINT('Ctrl Pts',(-133.75202408202,22.4916488688992,16.));
#7100=CARTESIAN_POINT('Ctrl Pts',(-133.592680178273,22.292725927975,16.));
#7101=CARTESIAN_POINT('Ctrl Pts',(-133.513549112849,22.193939693406,16.));
#7102=CARTESIAN_POINT('Ctrl Pts',(-133.717692935042,23.4980225638894,18.));
#7103=CARTESIAN_POINT('Ctrl Pts',(-133.717692935042,23.4980225638894,16.));
#7104=CARTESIAN_POINT('Ctrl Pts',(-133.734389643577,23.3353851529163,18.));
#7105=CARTESIAN_POINT('Ctrl Pts',(-133.734389643577,23.3353851529163,16.));
#7106=CARTESIAN_POINT('Ctrl Pts',(-133.768086726705,23.0071524149607,18.));
#7107=CARTESIAN_POINT('Ctrl Pts',(-133.768086726705,23.0071524149607,16.));
#7108=CARTESIAN_POINT('Ctrl Pts',(-133.991791758588,22.7643383936544,18.));
#7109=CARTESIAN_POINT('Ctrl Pts',(-133.991791758588,22.7643383936544,16.));
#7110=CARTESIAN_POINT('Ctrl Pts',(-134.104652249388,22.6418373064545,18.));
#7111=CARTESIAN_POINT('Ctrl Pts',(-134.104652249388,22.6418373064545,16.));
#7112=CARTESIAN_POINT('',(-133.717692935042,23.4980225638894,16.));
#7113=CARTESIAN_POINT('',(-133.717692935042,23.4980225638894,18.));
#7114=CARTESIAN_POINT('Ctrl Pts',(-133.717692935042,23.4980225638894,16.));
#7115=CARTESIAN_POINT('Ctrl Pts',(-133.734389643577,23.3353851529163,16.));
#7116=CARTESIAN_POINT('Ctrl Pts',(-133.768086726705,23.0071524149607,16.));
#7117=CARTESIAN_POINT('Ctrl Pts',(-133.991791758588,22.7643383936544,16.));
#7118=CARTESIAN_POINT('Ctrl Pts',(-134.104652249388,22.6418373064545,16.));
#7119=CARTESIAN_POINT('Ctrl Pts',(-133.836523139052,24.0464687423257,18.));
#7120=CARTESIAN_POINT('Ctrl Pts',(-133.836523139052,24.0464687423257,16.));
#7121=CARTESIAN_POINT('Ctrl Pts',(-133.801867216013,23.9566318519788,18.));
#7122=CARTESIAN_POINT('Ctrl Pts',(-133.801867216013,23.9566318519788,16.));
#7123=CARTESIAN_POINT('Ctrl Pts',(-133.733709142605,23.7799489409484,18.));
#7124=CARTESIAN_POINT('Ctrl Pts',(-133.733709142605,23.7799489409484,16.));
#7125=CARTESIAN_POINT('Ctrl Pts',(-133.722971079966,23.5909314669615,18.));
#7126=CARTESIAN_POINT('Ctrl Pts',(-133.722971079966,23.5909314669615,16.));
#7127=CARTESIAN_POINT('Ctrl Pts',(-133.717692935042,23.4980225638894,18.));
#7128=CARTESIAN_POINT('Ctrl Pts',(-133.717692935042,23.4980225638894,16.));
#7129=CARTESIAN_POINT('',(-133.836523139052,24.0464687423257,16.));
#7130=CARTESIAN_POINT('',(-133.836523139052,24.0464687423257,18.));
#7131=CARTESIAN_POINT('Ctrl Pts',(-133.836523139052,24.0464687423257,16.));
#7132=CARTESIAN_POINT('Ctrl Pts',(-133.801867216013,23.9566318519788,16.));
#7133=CARTESIAN_POINT('Ctrl Pts',(-133.733709142605,23.7799489409484,16.));
#7134=CARTESIAN_POINT('Ctrl Pts',(-133.722971079966,23.5909314669615,16.));
#7135=CARTESIAN_POINT('Ctrl Pts',(-133.717692935042,23.4980225638894,16.));
#7136=CARTESIAN_POINT('Ctrl Pts',(-134.150355898909,24.4943663553742,18.));
#7137=CARTESIAN_POINT('Ctrl Pts',(-134.150355898909,24.4943663553742,16.));
#7138=CARTESIAN_POINT('Ctrl Pts',(-134.087351396529,24.4297873306237,18.));
#7139=CARTESIAN_POINT('Ctrl Pts',(-134.087351396529,24.4297873306237,16.));
#7140=CARTESIAN_POINT('Ctrl Pts',(-133.958410937014,24.2976245674575,18.));
#7141=CARTESIAN_POINT('Ctrl Pts',(-133.958410937014,24.2976245674575,16.));
#7142=CARTESIAN_POINT('Ctrl Pts',(-133.877763576247,24.1314466991502,18.));
#7143=CARTESIAN_POINT('Ctrl Pts',(-133.877763576247,24.1314466991502,16.));
#7144=CARTESIAN_POINT('Ctrl Pts',(-133.836523139052,24.0464687423257,18.));
#7145=CARTESIAN_POINT('Ctrl Pts',(-133.836523139052,24.0464687423257,16.));
#7146=CARTESIAN_POINT('',(-134.150355898909,24.4943663553742,16.));
#7147=CARTESIAN_POINT('',(-134.150355898909,24.4943663553742,18.));
#7148=CARTESIAN_POINT('Ctrl Pts',(-134.150355898909,24.4943663553742,16.));
#7149=CARTESIAN_POINT('Ctrl Pts',(-134.087351396529,24.4297873306237,16.));
#7150=CARTESIAN_POINT('Ctrl Pts',(-133.958410937014,24.2976245674575,16.));
#7151=CARTESIAN_POINT('Ctrl Pts',(-133.877763576247,24.1314466991502,16.));
#7152=CARTESIAN_POINT('Ctrl Pts',(-133.836523139052,24.0464687423257,16.));
#7153=CARTESIAN_POINT('Ctrl Pts',(-134.62872281032,24.7411671356705,18.));
#7154=CARTESIAN_POINT('Ctrl Pts',(-134.62872281032,24.7411671356705,16.));
#7155=CARTESIAN_POINT('Ctrl Pts',(-134.538980423889,24.7135064685669,18.));
#7156=CARTESIAN_POINT('Ctrl Pts',(-134.538980423889,24.7135064685669,16.));
#7157=CARTESIAN_POINT('Ctrl Pts',(-134.364670281655,24.6597800745086,18.));
#7158=CARTESIAN_POINT('Ctrl Pts',(-134.364670281655,24.6597800745086,16.));
#7159=CARTESIAN_POINT('Ctrl Pts',(-134.220366071745,24.5484021271117,18.));
#7160=CARTESIAN_POINT('Ctrl Pts',(-134.220366071745,24.5484021271117,16.));
#7161=CARTESIAN_POINT('Ctrl Pts',(-134.150355898909,24.4943663553742,18.));
#7162=CARTESIAN_POINT('Ctrl Pts',(-134.150355898909,24.4943663553742,16.));
#7163=CARTESIAN_POINT('',(-134.62872281032,24.7411671356705,16.));
#7164=CARTESIAN_POINT('',(-134.62872281032,24.7411671356705,18.));
#7165=CARTESIAN_POINT('Ctrl Pts',(-134.62872281032,24.7411671356705,16.));
#7166=CARTESIAN_POINT('Ctrl Pts',(-134.538980423889,24.7135064685669,16.));
#7167=CARTESIAN_POINT('Ctrl Pts',(-134.364670281655,24.6597800745086,16.));
#7168=CARTESIAN_POINT('Ctrl Pts',(-134.220366071745,24.5484021271117,16.));
#7169=CARTESIAN_POINT('Ctrl Pts',(-134.150355898909,24.4943663553742,16.));
#7170=CARTESIAN_POINT('Ctrl Pts',(-135.381312661938,24.8142930941132,18.));
#7171=CARTESIAN_POINT('Ctrl Pts',(-135.381312661938,24.8142930941132,16.));
#7172=CARTESIAN_POINT('Ctrl Pts',(-135.239379147954,24.8130290369545,18.));
#7173=CARTESIAN_POINT('Ctrl Pts',(-135.239379147954,24.8130290369545,16.));
#7174=CARTESIAN_POINT('Ctrl Pts',(-134.986200452528,24.8107742323392,18.));
#7175=CARTESIAN_POINT('Ctrl Pts',(-134.986200452528,24.8107742323392,16.));
#7176=CARTESIAN_POINT('Ctrl Pts',(-134.737847562273,24.7624156174252,18.));
#7177=CARTESIAN_POINT('Ctrl Pts',(-134.737847562273,24.7624156174252,16.));
#7178=CARTESIAN_POINT('Ctrl Pts',(-134.62872281032,24.7411671356705,18.));
#7179=CARTESIAN_POINT('Ctrl Pts',(-134.62872281032,24.7411671356705,16.));
#7180=CARTESIAN_POINT('',(-135.381312661938,24.8142930941132,16.));
#7181=CARTESIAN_POINT('',(-135.381312661938,24.8142930941132,18.));
#7182=CARTESIAN_POINT('Ctrl Pts',(-135.381312661938,24.8142930941132,16.));
#7183=CARTESIAN_POINT('Ctrl Pts',(-135.239379147954,24.8130290369545,16.));
#7184=CARTESIAN_POINT('Ctrl Pts',(-134.986200452528,24.8107742323392,16.));
#7185=CARTESIAN_POINT('Ctrl Pts',(-134.737847562273,24.7624156174252,16.));
#7186=CARTESIAN_POINT('Ctrl Pts',(-134.62872281032,24.7411671356705,16.));
#7187=CARTESIAN_POINT('Origin',(-136.088198715023,24.8142930941132,18.));
#7188=CARTESIAN_POINT('',(-136.088198715023,24.8142930941132,16.));
#7189=CARTESIAN_POINT('',(-136.088198715023,24.8142930941132,18.));
#7190=CARTESIAN_POINT('',(-136.088198715023,24.8142930941132,16.));
#7191=CARTESIAN_POINT('Origin',(-136.088198715023,20.1098448113946,18.));
#7192=CARTESIAN_POINT('',(-136.088198715023,20.1098448113946,16.));
#7193=CARTESIAN_POINT('',(-136.088198715023,20.1098448113946,18.));
#7194=CARTESIAN_POINT('',(-136.088198715023,20.1098448113946,16.));
#7195=CARTESIAN_POINT('Origin',(-135.012635135226,20.1098448113946,18.));
#7196=CARTESIAN_POINT('',(-135.012635135226,20.1098448113946,16.));
#7197=CARTESIAN_POINT('Origin',(-124.951255389623,22.2853477375058,16.));
#7198=CARTESIAN_POINT('Origin',(-167.500001005828,9.80000037252903,18.));
#7199=CARTESIAN_POINT('Ctrl Pts',(-130.561706109691,-3.00774626634774,31.));
#7200=CARTESIAN_POINT('Ctrl Pts',(-130.561706109691,-3.00774626634774,16.));
#7201=CARTESIAN_POINT('Ctrl Pts',(-130.749741753848,-3.38381755466212,31.));
#7202=CARTESIAN_POINT('Ctrl Pts',(-130.749741753848,-3.38381755466212,16.));
#7203=CARTESIAN_POINT('Ctrl Pts',(-130.957924074165,-4.02179563305259,31.));
#7204=CARTESIAN_POINT('Ctrl Pts',(-130.957924074165,-4.02179563305259,16.));
#7205=CARTESIAN_POINT('Ctrl Pts',(-131.021721882004,-4.40122470072692,31.));
#7206=CARTESIAN_POINT('Ctrl Pts',(-131.021721882004,-4.40122470072692,16.));
#7207=CARTESIAN_POINT('',(-130.561706109691,-3.00774626634774,18.));
#7208=CARTESIAN_POINT('',(-131.021721882004,-4.40122470072692,18.));
#7209=CARTESIAN_POINT('Ctrl Pts',(-130.561706109691,-3.00774626634774,18.));
#7210=CARTESIAN_POINT('Ctrl Pts',(-130.749741753848,-3.38381755466212,18.));
#7211=CARTESIAN_POINT('Ctrl Pts',(-130.957924074165,-4.02179563305259,18.));
#7212=CARTESIAN_POINT('Ctrl Pts',(-131.021721882004,-4.40122470072692,18.));
#7213=CARTESIAN_POINT('',(-130.561706109691,-3.00774626634774,16.));
#7214=CARTESIAN_POINT('',(-130.561706109691,-3.00774626634774,31.));
#7215=CARTESIAN_POINT('',(-131.021721882004,-4.40122470072692,16.));
#7216=CARTESIAN_POINT('Ctrl Pts',(-130.561706109691,-3.00774626634774,16.));
#7217=CARTESIAN_POINT('Ctrl Pts',(-130.749741753848,-3.38381755466212,16.));
#7218=CARTESIAN_POINT('Ctrl Pts',(-130.957924074165,-4.02179563305259,16.));
#7219=CARTESIAN_POINT('Ctrl Pts',(-131.021721882004,-4.40122470072692,16.));
#7220=CARTESIAN_POINT('',(-131.021721882004,-4.40122470072692,31.));
#7221=CARTESIAN_POINT('Ctrl Pts',(-131.021721882004,-4.40122470072692,31.));
#7222=CARTESIAN_POINT('Ctrl Pts',(-131.021721882004,-4.40122470072692,16.));
#7223=CARTESIAN_POINT('Ctrl Pts',(-131.33735314184,-6.36552562629758,31.));
#7224=CARTESIAN_POINT('Ctrl Pts',(-131.33735314184,-6.36552562629758,16.));
#7225=CARTESIAN_POINT('Ctrl Pts',(-130.890768486966,-8.11492867283145,31.));
#7226=CARTESIAN_POINT('Ctrl Pts',(-130.890768486966,-8.11492867283145,16.));
#7227=CARTESIAN_POINT('Ctrl Pts',(-129.715545710984,-9.50169154849074,31.));
#7228=CARTESIAN_POINT('Ctrl Pts',(-129.715545710984,-9.50169154849074,16.));
#7229=CARTESIAN_POINT('',(-129.715545710984,-9.50169154849074,18.));
#7230=CARTESIAN_POINT('Ctrl Pts',(-131.021721882004,-4.40122470072692,18.));
#7231=CARTESIAN_POINT('Ctrl Pts',(-131.33735314184,-6.36552562629758,18.));
#7232=CARTESIAN_POINT('Ctrl Pts',(-130.890768486966,-8.11492867283145,18.));
#7233=CARTESIAN_POINT('Ctrl Pts',(-129.715545710984,-9.50169154849074,18.));
#7234=CARTESIAN_POINT('',(-129.715545710984,-9.50169154849074,16.));
#7235=CARTESIAN_POINT('Ctrl Pts',(-131.021721882004,-4.40122470072692,16.));
#7236=CARTESIAN_POINT('Ctrl Pts',(-131.33735314184,-6.36552562629758,16.));
#7237=CARTESIAN_POINT('Ctrl Pts',(-130.890768486966,-8.11492867283145,16.));
#7238=CARTESIAN_POINT('Ctrl Pts',(-129.715545710984,-9.50169154849074,16.));
#7239=CARTESIAN_POINT('',(-129.715545710984,-9.50169154849074,31.));
#7240=CARTESIAN_POINT('Ctrl Pts',(-129.715545710984,-9.50169154849074,31.));
#7241=CARTESIAN_POINT('Ctrl Pts',(-129.715545710984,-9.50169154849074,16.));
#7242=CARTESIAN_POINT('Ctrl Pts',(-129.161512116592,-10.153100744321,31.));
#7243=CARTESIAN_POINT('Ctrl Pts',(-129.161512116592,-10.153100744321,16.));
#7244=CARTESIAN_POINT('Ctrl Pts',(-128.590689625401,-10.5929698404744,31.));
#7245=CARTESIAN_POINT('Ctrl Pts',(-128.590689625401,-10.5929698404744,16.));
#7246=CARTESIAN_POINT('Ctrl Pts',(-127.737813667973,-11.0194078191881,31.));
#7247=CARTESIAN_POINT('Ctrl Pts',(-127.737813667973,-11.0194078191881,16.));
#7248=CARTESIAN_POINT('',(-127.737813667973,-11.0194078191881,18.));
#7249=CARTESIAN_POINT('Ctrl Pts',(-129.715545710984,-9.50169154849074,18.));
#7250=CARTESIAN_POINT('Ctrl Pts',(-129.161512116592,-10.153100744321,18.));
#7251=CARTESIAN_POINT('Ctrl Pts',(-128.590689625401,-10.5929698404744,18.));
#7252=CARTESIAN_POINT('Ctrl Pts',(-127.737813667973,-11.0194078191881,18.));
#7253=CARTESIAN_POINT('',(-127.737813667973,-11.0194078191881,16.));
#7254=CARTESIAN_POINT('Ctrl Pts',(-129.715545710984,-9.50169154849074,16.));
#7255=CARTESIAN_POINT('Ctrl Pts',(-129.161512116592,-10.153100744321,16.));
#7256=CARTESIAN_POINT('Ctrl Pts',(-128.590689625401,-10.5929698404744,16.));
#7257=CARTESIAN_POINT('Ctrl Pts',(-127.737813667973,-11.0194078191881,16.));
#7258=CARTESIAN_POINT('',(-127.737813667973,-11.0194078191881,31.));
#7259=CARTESIAN_POINT('Ctrl Pts',(-127.737813667973,-11.0194078191881,31.));
#7260=CARTESIAN_POINT('Ctrl Pts',(-127.737813667973,-11.0194078191881,16.));
#7261=CARTESIAN_POINT('Ctrl Pts',(-125.98841062144,-11.8991460114949,31.));
#7262=CARTESIAN_POINT('Ctrl Pts',(-125.98841062144,-11.8991460114949,16.));
#7263=CARTESIAN_POINT('Ctrl Pts',(-123.778991802593,-11.9998793922934,31.));
#7264=CARTESIAN_POINT('Ctrl Pts',(-123.778991802593,-11.9998793922934,16.));
#7265=CARTESIAN_POINT('Ctrl Pts',(-121.92885537526,-11.2846723886241,31.));
#7266=CARTESIAN_POINT('Ctrl Pts',(-121.92885537526,-11.2846723886241,16.));
#7267=CARTESIAN_POINT('',(-121.92885537526,-11.2846723886241,18.));
#7268=CARTESIAN_POINT('Ctrl Pts',(-127.737813667973,-11.0194078191881,18.));
#7269=CARTESIAN_POINT('Ctrl Pts',(-125.98841062144,-11.8991460114949,18.));
#7270=CARTESIAN_POINT('Ctrl Pts',(-123.778991802593,-11.9998793922934,18.));
#7271=CARTESIAN_POINT('Ctrl Pts',(-121.92885537526,-11.2846723886241,18.));
#7272=CARTESIAN_POINT('',(-121.92885537526,-11.2846723886241,16.));
#7273=CARTESIAN_POINT('Ctrl Pts',(-127.737813667973,-11.0194078191881,16.));
#7274=CARTESIAN_POINT('Ctrl Pts',(-125.98841062144,-11.8991460114949,16.));
#7275=CARTESIAN_POINT('Ctrl Pts',(-123.778991802593,-11.9998793922934,16.));
#7276=CARTESIAN_POINT('Ctrl Pts',(-121.92885537526,-11.2846723886241,16.));
#7277=CARTESIAN_POINT('',(-121.92885537526,-11.2846723886241,31.));
#7278=CARTESIAN_POINT('Ctrl Pts',(-121.92885537526,-11.2846723886241,31.));
#7279=CARTESIAN_POINT('Ctrl Pts',(-121.92885537526,-11.2846723886241,16.));
#7280=CARTESIAN_POINT('Ctrl Pts',(-121.022254948074,-10.9354633351893,31.));
#7281=CARTESIAN_POINT('Ctrl Pts',(-121.022254948074,-10.9354633351893,16.));
#7282=CARTESIAN_POINT('Ctrl Pts',(-120.273470150805,-10.4653742247963,31.));
#7283=CARTESIAN_POINT('Ctrl Pts',(-120.273470150805,-10.4653742247963,16.));
#7284=CARTESIAN_POINT('Ctrl Pts',(-119.615345396255,-9.84754282256557,31.));
#7285=CARTESIAN_POINT('Ctrl Pts',(-119.615345396255,-9.84754282256557,16.));
#7286=CARTESIAN_POINT('',(-119.615345396255,-9.84754282256557,18.));
#7287=CARTESIAN_POINT('Ctrl Pts',(-121.92885537526,-11.2846723886241,18.));
#7288=CARTESIAN_POINT('Ctrl Pts',(-121.022254948074,-10.9354633351893,18.));
#7289=CARTESIAN_POINT('Ctrl Pts',(-120.273470150805,-10.4653742247963,18.));
#7290=CARTESIAN_POINT('Ctrl Pts',(-119.615345396255,-9.84754282256557,18.));
#7291=CARTESIAN_POINT('',(-119.615345396255,-9.84754282256557,16.));
#7292=CARTESIAN_POINT('Ctrl Pts',(-121.92885537526,-11.2846723886241,16.));
#7293=CARTESIAN_POINT('Ctrl Pts',(-121.022254948074,-10.9354633351893,16.));
#7294=CARTESIAN_POINT('Ctrl Pts',(-120.273470150805,-10.4653742247963,16.));
#7295=CARTESIAN_POINT('Ctrl Pts',(-119.615345396255,-9.84754282256557,16.));
#7296=CARTESIAN_POINT('',(-119.615345396255,-9.84754282256557,31.));
#7297=CARTESIAN_POINT('Ctrl Pts',(-119.615345396255,-9.84754282256557,31.));
#7298=CARTESIAN_POINT('Ctrl Pts',(-119.615345396255,-9.84754282256557,16.));
#7299=CARTESIAN_POINT('Ctrl Pts',(-118.540856001071,-8.82677789714082,31.));
#7300=CARTESIAN_POINT('Ctrl Pts',(-118.540856001071,-8.82677789714082,16.));
#7301=CARTESIAN_POINT('Ctrl Pts',(-117.805502321242,-6.95985257300871,31.));
#7302=CARTESIAN_POINT('Ctrl Pts',(-117.805502321242,-6.95985257300871,16.));
#7303=CARTESIAN_POINT('Ctrl Pts',(-117.889446805241,-5.45892519911113,31.));
#7304=CARTESIAN_POINT('Ctrl Pts',(-117.889446805241,-5.45892519911113,16.));
#7305=CARTESIAN_POINT('',(-117.889446805241,-5.45892519911113,18.));
#7306=CARTESIAN_POINT('Ctrl Pts',(-119.615345396255,-9.84754282256557,18.));
#7307=CARTESIAN_POINT('Ctrl Pts',(-118.540856001071,-8.82677789714082,18.));
#7308=CARTESIAN_POINT('Ctrl Pts',(-117.805502321242,-6.95985257300871,18.));
#7309=CARTESIAN_POINT('Ctrl Pts',(-117.889446805241,-5.45892519911113,18.));
#7310=CARTESIAN_POINT('',(-117.889446805241,-5.45892519911113,16.));
#7311=CARTESIAN_POINT('Ctrl Pts',(-119.615345396255,-9.84754282256557,16.));
#7312=CARTESIAN_POINT('Ctrl Pts',(-118.540856001071,-8.82677789714082,16.));
#7313=CARTESIAN_POINT('Ctrl Pts',(-117.805502321242,-6.95985257300871,16.));
#7314=CARTESIAN_POINT('Ctrl Pts',(-117.889446805241,-5.45892519911113,16.));
#7315=CARTESIAN_POINT('',(-117.889446805241,-5.45892519911113,31.));
#7316=CARTESIAN_POINT('Ctrl Pts',(-117.889446805241,-5.45892519911113,31.));
#7317=CARTESIAN_POINT('Ctrl Pts',(-117.889446805241,-5.45892519911113,16.));
#7318=CARTESIAN_POINT('Ctrl Pts',(-117.943171275,-4.50195808152542,31.));
#7319=CARTESIAN_POINT('Ctrl Pts',(-117.943171275,-4.50195808152542,16.));
#7320=CARTESIAN_POINT('Ctrl Pts',(-118.154711374677,-3.64236656537826,31.));
#7321=CARTESIAN_POINT('Ctrl Pts',(-118.154711374677,-3.64236656537826,16.));
#7322=CARTESIAN_POINT('Ctrl Pts',(-118.517351545551,-2.91372844426914,31.));
#7323=CARTESIAN_POINT('Ctrl Pts',(-118.517351545551,-2.91372844426914,16.));
#7324=CARTESIAN_POINT('',(-118.517351545551,-2.91372844426914,18.));
#7325=CARTESIAN_POINT('Ctrl Pts',(-117.889446805241,-5.45892519911113,18.));
#7326=CARTESIAN_POINT('Ctrl Pts',(-117.943171275,-4.50195808152542,18.));
#7327=CARTESIAN_POINT('Ctrl Pts',(-118.154711374677,-3.64236656537826,18.));
#7328=CARTESIAN_POINT('Ctrl Pts',(-118.517351545551,-2.91372844426914,18.));
#7329=CARTESIAN_POINT('',(-118.517351545551,-2.91372844426914,16.));
#7330=CARTESIAN_POINT('Ctrl Pts',(-117.889446805241,-5.45892519911113,16.));
#7331=CARTESIAN_POINT('Ctrl Pts',(-117.943171275,-4.50195808152542,16.));
#7332=CARTESIAN_POINT('Ctrl Pts',(-118.154711374677,-3.64236656537826,16.));
#7333=CARTESIAN_POINT('Ctrl Pts',(-118.517351545551,-2.91372844426914,16.));
#7334=CARTESIAN_POINT('',(-118.517351545551,-2.91372844426914,31.));
#7335=CARTESIAN_POINT('Ctrl Pts',(-118.517351545551,-2.91372844426914,31.));
#7336=CARTESIAN_POINT('Ctrl Pts',(-118.517351545551,-2.91372844426914,16.));
#7337=CARTESIAN_POINT('Ctrl Pts',(-118.893422833866,-2.15822808828043,31.));
#7338=CARTESIAN_POINT('Ctrl Pts',(-118.893422833866,-2.15822808828043,16.));
#7339=CARTESIAN_POINT('Ctrl Pts',(-119.323218591939,-1.68142341916755,31.));
#7340=CARTESIAN_POINT('Ctrl Pts',(-119.323218591939,-1.68142341916755,16.));
#7341=CARTESIAN_POINT('Ctrl Pts',(-120.108938962167,-1.15425205965542,31.));
#7342=CARTESIAN_POINT('Ctrl Pts',(-120.108938962167,-1.15425205965542,16.));
#7343=CARTESIAN_POINT('',(-120.108938962167,-1.15425205965542,18.));
#7344=CARTESIAN_POINT('Ctrl Pts',(-118.517351545551,-2.91372844426914,18.));
#7345=CARTESIAN_POINT('Ctrl Pts',(-118.893422833866,-2.15822808828043,18.));
#7346=CARTESIAN_POINT('Ctrl Pts',(-119.323218591939,-1.68142341916755,18.));
#7347=CARTESIAN_POINT('Ctrl Pts',(-120.108938962167,-1.15425205965542,18.));
#7348=CARTESIAN_POINT('',(-120.108938962167,-1.15425205965542,16.));
#7349=CARTESIAN_POINT('Ctrl Pts',(-118.517351545551,-2.91372844426914,16.));
#7350=CARTESIAN_POINT('Ctrl Pts',(-118.893422833866,-2.15822808828043,16.));
#7351=CARTESIAN_POINT('Ctrl Pts',(-119.323218591939,-1.68142341916755,16.));
#7352=CARTESIAN_POINT('Ctrl Pts',(-120.108938962167,-1.15425205965542,16.));
#7353=CARTESIAN_POINT('',(-120.108938962167,-1.15425205965542,31.));
#7354=CARTESIAN_POINT('Ctrl Pts',(-120.108938962167,-1.15425205965542,31.));
#7355=CARTESIAN_POINT('Ctrl Pts',(-120.108938962167,-1.15425205965542,16.));
#7356=CARTESIAN_POINT('Ctrl Pts',(-120.817430407117,-0.680805169902492,
31.));
#7357=CARTESIAN_POINT('Ctrl Pts',(-120.817430407117,-0.680805169902492,
16.));
#7358=CARTESIAN_POINT('Ctrl Pts',(-121.421830691908,-0.439045055986105,
31.));
#7359=CARTESIAN_POINT('Ctrl Pts',(-121.421830691908,-0.439045055986105,
16.));
#7360=CARTESIAN_POINT('Ctrl Pts',(-122.526540101331,-0.193927162709764,
31.));
#7361=CARTESIAN_POINT('Ctrl Pts',(-122.526540101331,-0.193927162709764,
16.));
#7362=CARTESIAN_POINT('',(-122.526540101331,-0.193927162709764,18.));
#7363=CARTESIAN_POINT('Ctrl Pts',(-120.108938962167,-1.15425205965542,18.));
#7364=CARTESIAN_POINT('Ctrl Pts',(-120.817430407117,-0.680805169902492,
18.));
#7365=CARTESIAN_POINT('Ctrl Pts',(-121.421830691908,-0.439045055986105,
18.));
#7366=CARTESIAN_POINT('Ctrl Pts',(-122.526540101331,-0.193927162709764,
18.));
#7367=CARTESIAN_POINT('',(-122.526540101331,-0.193927162709764,16.));
#7368=CARTESIAN_POINT('Ctrl Pts',(-120.108938962167,-1.15425205965542,16.));
#7369=CARTESIAN_POINT('Ctrl Pts',(-120.817430407117,-0.680805169902492,
16.));
#7370=CARTESIAN_POINT('Ctrl Pts',(-121.421830691908,-0.439045055986105,
16.));
#7371=CARTESIAN_POINT('Ctrl Pts',(-122.526540101331,-0.193927162709764,
16.));
#7372=CARTESIAN_POINT('',(-122.526540101331,-0.193927162709764,31.));
#7373=CARTESIAN_POINT('Ctrl Pts',(-122.526540101331,-0.193927162709764,
31.));
#7374=CARTESIAN_POINT('Ctrl Pts',(-122.526540101331,-0.193927162709764,
16.));
#7375=CARTESIAN_POINT('Ctrl Pts',(-122.563475674291,-0.183853824629916,
31.));
#7376=CARTESIAN_POINT('Ctrl Pts',(-122.563475674291,-0.183853824629916,
16.));
#7377=CARTESIAN_POINT('Ctrl Pts',(-122.64070459957,-0.177138265910015,31.));
#7378=CARTESIAN_POINT('Ctrl Pts',(-122.64070459957,-0.177138265910015,16.));
#7379=CARTESIAN_POINT('Ctrl Pts',(-122.701144628049,-0.173780486550066,
31.));
#7380=CARTESIAN_POINT('Ctrl Pts',(-122.701144628049,-0.173780486550066,
16.));
#7381=CARTESIAN_POINT('',(-122.701144628049,-0.173780486550066,18.));
#7382=CARTESIAN_POINT('Ctrl Pts',(-122.526540101331,-0.193927162709764,
18.));
#7383=CARTESIAN_POINT('Ctrl Pts',(-122.563475674291,-0.183853824629916,
18.));
#7384=CARTESIAN_POINT('Ctrl Pts',(-122.64070459957,-0.177138265910015,18.));
#7385=CARTESIAN_POINT('Ctrl Pts',(-122.701144628049,-0.173780486550066,
18.));
#7386=CARTESIAN_POINT('',(-122.701144628049,-0.173780486550066,16.));
#7387=CARTESIAN_POINT('Ctrl Pts',(-122.526540101331,-0.193927162709764,
16.));
#7388=CARTESIAN_POINT('Ctrl Pts',(-122.563475674291,-0.183853824629916,
16.));
#7389=CARTESIAN_POINT('Ctrl Pts',(-122.64070459957,-0.177138265910015,16.));
#7390=CARTESIAN_POINT('Ctrl Pts',(-122.701144628049,-0.173780486550066,
16.));
#7391=CARTESIAN_POINT('',(-122.701144628049,-0.173780486550066,31.));
#7392=CARTESIAN_POINT('Origin',(-122.701144628049,-0.173780486550066,31.));
#7393=CARTESIAN_POINT('',(-122.808593567567,-0.170422707190118,18.));
#7394=CARTESIAN_POINT('',(-145.288132472606,0.532062883591959,18.));
#7395=CARTESIAN_POINT('',(-122.808593567567,-0.170422707190118,16.));
#7396=CARTESIAN_POINT('',(-122.808593567567,-0.170422707190118,16.));
#7397=CARTESIAN_POINT('',(-122.808593567567,-0.170422707190118,31.));
#7398=CARTESIAN_POINT('Ctrl Pts',(-131.448159860718,-9.11890470145646,31.));
#7399=CARTESIAN_POINT('Ctrl Pts',(-131.448159860718,-9.11890470145646,16.));
#7400=CARTESIAN_POINT('Ctrl Pts',(-132.079422380389,-7.96047082227376,31.));
#7401=CARTESIAN_POINT('Ctrl Pts',(-132.079422380389,-7.96047082227376,16.));
#7402=CARTESIAN_POINT('Ctrl Pts',(-132.348044729185,-6.90612810324951,31.));
#7403=CARTESIAN_POINT('Ctrl Pts',(-132.348044729185,-6.90612810324951,16.));
#7404=CARTESIAN_POINT('Ctrl Pts',(-132.348044729185,-5.57644747670937,31.));
#7405=CARTESIAN_POINT('Ctrl Pts',(-132.348044729185,-5.57644747670937,16.));
#7406=CARTESIAN_POINT('',(-131.448159860718,-9.11890470145646,16.));
#7407=CARTESIAN_POINT('',(-131.448159860718,-9.11890470145646,31.));
#7408=CARTESIAN_POINT('',(-132.348044729185,-5.57644747670937,16.));
#7409=CARTESIAN_POINT('Ctrl Pts',(-131.448159860718,-9.11890470145646,16.));
#7410=CARTESIAN_POINT('Ctrl Pts',(-132.079422380389,-7.96047082227376,16.));
#7411=CARTESIAN_POINT('Ctrl Pts',(-132.348044729185,-6.90612810324951,16.));
#7412=CARTESIAN_POINT('Ctrl Pts',(-132.348044729185,-5.57644747670937,16.));
#7413=CARTESIAN_POINT('',(-132.348044729185,-5.57644747670937,31.));
#7414=CARTESIAN_POINT('Ctrl Pts',(-132.348044729185,-5.57644747670937,31.));
#7415=CARTESIAN_POINT('Ctrl Pts',(-132.348044729185,-5.57644747670937,16.));
#7416=CARTESIAN_POINT('Ctrl Pts',(-132.348044729185,-4.46502250856597,31.));
#7417=CARTESIAN_POINT('Ctrl Pts',(-132.348044729185,-4.46502250856597,16.));
#7418=CARTESIAN_POINT('Ctrl Pts',(-132.156651305667,-3.56177986073946,31.));
#7419=CARTESIAN_POINT('Ctrl Pts',(-132.156651305667,-3.56177986073946,16.));
#7420=CARTESIAN_POINT('Ctrl Pts',(-131.730213326954,-2.67196833035275,31.));
#7421=CARTESIAN_POINT('Ctrl Pts',(-131.730213326954,-2.67196833035275,16.));
#7422=CARTESIAN_POINT('',(-131.730213326954,-2.67196833035275,16.));
#7423=CARTESIAN_POINT('Ctrl Pts',(-132.348044729185,-5.57644747670937,16.));
#7424=CARTESIAN_POINT('Ctrl Pts',(-132.348044729185,-4.46502250856597,16.));
#7425=CARTESIAN_POINT('Ctrl Pts',(-132.156651305667,-3.56177986073946,16.));
#7426=CARTESIAN_POINT('Ctrl Pts',(-131.730213326954,-2.67196833035275,16.));
#7427=CARTESIAN_POINT('',(-131.730213326954,-2.67196833035275,31.));
#7428=CARTESIAN_POINT('Ctrl Pts',(-131.730213326954,-2.67196833035275,31.));
#7429=CARTESIAN_POINT('Ctrl Pts',(-131.730213326954,-2.67196833035275,16.));
#7430=CARTESIAN_POINT('Ctrl Pts',(-131.031795220084,-1.21133430877457,31.));
#7431=CARTESIAN_POINT('Ctrl Pts',(-131.031795220084,-1.21133430877457,16.));
#7432=CARTESIAN_POINT('Ctrl Pts',(-129.920370251941,-0.170422707190119,
31.));
#7433=CARTESIAN_POINT('Ctrl Pts',(-129.920370251941,-0.170422707190119,
16.));
#7434=CARTESIAN_POINT('Ctrl Pts',(-128.335498394045,0.501133164799852,31.));
#7435=CARTESIAN_POINT('Ctrl Pts',(-128.335498394045,0.501133164799852,16.));
#7436=CARTESIAN_POINT('',(-128.335498394045,0.501133164799852,16.));
#7437=CARTESIAN_POINT('Ctrl Pts',(-131.730213326954,-2.67196833035275,16.));
#7438=CARTESIAN_POINT('Ctrl Pts',(-131.031795220084,-1.21133430877457,16.));
#7439=CARTESIAN_POINT('Ctrl Pts',(-129.920370251941,-0.170422707190119,
16.));
#7440=CARTESIAN_POINT('Ctrl Pts',(-128.335498394045,0.501133164799852,16.));
#7441=CARTESIAN_POINT('',(-128.335498394045,0.501133164799852,31.));
#7442=CARTESIAN_POINT('Ctrl Pts',(-128.335498394045,0.501133164799852,31.));
#7443=CARTESIAN_POINT('Ctrl Pts',(-128.335498394045,0.501133164799852,16.));
#7444=CARTESIAN_POINT('Ctrl Pts',(-127.97285822317,0.652233235997595,31.));
#7445=CARTESIAN_POINT('Ctrl Pts',(-127.97285822317,0.652233235997595,16.));
#7446=CARTESIAN_POINT('Ctrl Pts',(-127.230788984621,0.900708908633885,31.));
#7447=CARTESIAN_POINT('Ctrl Pts',(-127.230788984621,0.900708908633885,16.));
#7448=CARTESIAN_POINT('Ctrl Pts',(-126.898368827986,0.981295613272681,31.));
#7449=CARTESIAN_POINT('Ctrl Pts',(-126.898368827986,0.981295613272681,16.));
#7450=CARTESIAN_POINT('',(-126.898368827986,0.981295613272681,16.));
#7451=CARTESIAN_POINT('Ctrl Pts',(-128.335498394045,0.501133164799852,16.));
#7452=CARTESIAN_POINT('Ctrl Pts',(-127.97285822317,0.652233235997595,16.));
#7453=CARTESIAN_POINT('Ctrl Pts',(-127.230788984621,0.900708908633885,16.));
#7454=CARTESIAN_POINT('Ctrl Pts',(-126.898368827986,0.981295613272681,16.));
#7455=CARTESIAN_POINT('',(-126.898368827986,0.981295613272681,31.));
#7456=CARTESIAN_POINT('Ctrl Pts',(-126.898368827986,0.981295613272681,31.));
#7457=CARTESIAN_POINT('Ctrl Pts',(-126.898368827986,0.981295613272681,16.));
#7458=CARTESIAN_POINT('Ctrl Pts',(-126.884937710546,0.984653392632633,31.));
#7459=CARTESIAN_POINT('Ctrl Pts',(-126.884937710546,0.984653392632633,16.));
#7460=CARTESIAN_POINT('Ctrl Pts',(-127.012533326224,1.10217567023088,31.));
#7461=CARTESIAN_POINT('Ctrl Pts',(-127.012533326224,1.10217567023088,16.));
#7462=CARTESIAN_POINT('Ctrl Pts',(-127.183780073582,1.24320240334877,31.));
#7463=CARTESIAN_POINT('Ctrl Pts',(-127.183780073582,1.24320240334877,16.));
#7464=CARTESIAN_POINT('',(-127.183780073582,1.24320240334877,16.));
#7465=CARTESIAN_POINT('Ctrl Pts',(-126.898368827986,0.981295613272681,16.));
#7466=CARTESIAN_POINT('Ctrl Pts',(-126.884937710546,0.984653392632633,16.));
#7467=CARTESIAN_POINT('Ctrl Pts',(-127.012533326224,1.10217567023088,16.));
#7468=CARTESIAN_POINT('Ctrl Pts',(-127.183780073582,1.24320240334877,16.));
#7469=CARTESIAN_POINT('',(-127.183780073582,1.24320240334877,31.));
#7470=CARTESIAN_POINT('Ctrl Pts',(-127.183780073582,1.24320240334877,31.));
#7471=CARTESIAN_POINT('Ctrl Pts',(-127.183780073582,1.24320240334877,16.));
#7472=CARTESIAN_POINT('Ctrl Pts',(-127.606860272935,1.5890536774236,31.));
#7473=CARTESIAN_POINT('Ctrl Pts',(-127.606860272935,1.5890536774236,16.));
#7474=CARTESIAN_POINT('Ctrl Pts',(-127.97285822317,1.93490495149844,31.));
#7475=CARTESIAN_POINT('Ctrl Pts',(-127.97285822317,1.93490495149844,16.));
#7476=CARTESIAN_POINT('Ctrl Pts',(-128.275058365565,2.27739844621332,31.));
#7477=CARTESIAN_POINT('Ctrl Pts',(-128.275058365565,2.27739844621332,16.));
#7478=CARTESIAN_POINT('',(-128.275058365565,2.27739844621332,16.));
#7479=CARTESIAN_POINT('Ctrl Pts',(-127.183780073582,1.24320240334877,16.));
#7480=CARTESIAN_POINT('Ctrl Pts',(-127.606860272935,1.5890536774236,16.));
#7481=CARTESIAN_POINT('Ctrl Pts',(-127.97285822317,1.93490495149844,16.));
#7482=CARTESIAN_POINT('Ctrl Pts',(-128.275058365565,2.27739844621332,16.));
#7483=CARTESIAN_POINT('',(-128.275058365565,2.27739844621332,31.));
#7484=CARTESIAN_POINT('Ctrl Pts',(-128.275058365565,2.27739844621332,31.));
#7485=CARTESIAN_POINT('Ctrl Pts',(-128.275058365565,2.27739844621332,16.));
#7486=CARTESIAN_POINT('Ctrl Pts',(-128.577258507961,2.61653416156825,31.));
#7487=CARTESIAN_POINT('Ctrl Pts',(-128.577258507961,2.61653416156825,16.));
#7488=CARTESIAN_POINT('Ctrl Pts',(-128.580616287321,2.60981860284836,31.));
#7489=CARTESIAN_POINT('Ctrl Pts',(-128.580616287321,2.60981860284836,16.));
#7490=CARTESIAN_POINT('Ctrl Pts',(-128.033298251649,2.61317638220831,31.));
#7491=CARTESIAN_POINT('Ctrl Pts',(-128.033298251649,2.61317638220831,16.));
#7492=CARTESIAN_POINT('',(-128.033298251649,2.61317638220831,16.));
#7493=CARTESIAN_POINT('Ctrl Pts',(-128.275058365565,2.27739844621332,16.));
#7494=CARTESIAN_POINT('Ctrl Pts',(-128.577258507961,2.61653416156825,16.));
#7495=CARTESIAN_POINT('Ctrl Pts',(-128.580616287321,2.60981860284836,16.));
#7496=CARTESIAN_POINT('Ctrl Pts',(-128.033298251649,2.61317638220831,16.));
#7497=CARTESIAN_POINT('',(-128.033298251649,2.61317638220831,31.));
#7498=CARTESIAN_POINT('Ctrl Pts',(-128.033298251649,2.61317638220831,31.));
#7499=CARTESIAN_POINT('Ctrl Pts',(-128.033298251649,2.61317638220831,16.));
#7500=CARTESIAN_POINT('Ctrl Pts',(-127.630364728455,2.61653416156825,31.));
#7501=CARTESIAN_POINT('Ctrl Pts',(-127.630364728455,2.61653416156825,16.));
#7502=CARTESIAN_POINT('Ctrl Pts',(-127.096477810223,2.54937857436926,31.));
#7503=CARTESIAN_POINT('Ctrl Pts',(-127.096477810223,2.54937857436926,16.));
#7504=CARTESIAN_POINT('Ctrl Pts',(-126.807708785267,2.46207631101056,31.));
#7505=CARTESIAN_POINT('Ctrl Pts',(-126.807708785267,2.46207631101056,16.));
#7506=CARTESIAN_POINT('',(-126.807708785267,2.46207631101056,16.));
#7507=CARTESIAN_POINT('Ctrl Pts',(-128.033298251649,2.61317638220831,16.));
#7508=CARTESIAN_POINT('Ctrl Pts',(-127.630364728455,2.61653416156825,16.));
#7509=CARTESIAN_POINT('Ctrl Pts',(-127.096477810223,2.54937857436926,16.));
#7510=CARTESIAN_POINT('Ctrl Pts',(-126.807708785267,2.46207631101056,16.));
#7511=CARTESIAN_POINT('',(-126.807708785267,2.46207631101056,31.));
#7512=CARTESIAN_POINT('Ctrl Pts',(-126.807708785267,2.46207631101056,31.));
#7513=CARTESIAN_POINT('Ctrl Pts',(-126.807708785267,2.46207631101056,16.));
#7514=CARTESIAN_POINT('Ctrl Pts',(-126.330904116154,2.32104957789267,31.));
#7515=CARTESIAN_POINT('Ctrl Pts',(-126.330904116154,2.32104957789267,16.));
#7516=CARTESIAN_POINT('Ctrl Pts',(-125.719788272644,2.02892277357703,31.));
#7517=CARTESIAN_POINT('Ctrl Pts',(-125.719788272644,2.02892277357703,16.));
#7518=CARTESIAN_POINT('Ctrl Pts',(-125.28999251457,1.7367959692614,31.));
#7519=CARTESIAN_POINT('Ctrl Pts',(-125.28999251457,1.7367959692614,16.));
#7520=CARTESIAN_POINT('',(-125.28999251457,1.7367959692614,16.));
#7521=CARTESIAN_POINT('Ctrl Pts',(-126.807708785267,2.46207631101056,16.));
#7522=CARTESIAN_POINT('Ctrl Pts',(-126.330904116154,2.32104957789267,16.));
#7523=CARTESIAN_POINT('Ctrl Pts',(-125.719788272644,2.02892277357703,16.));
#7524=CARTESIAN_POINT('Ctrl Pts',(-125.28999251457,1.7367959692614,16.));
#7525=CARTESIAN_POINT('',(-125.28999251457,1.7367959692614,31.));
#7526=CARTESIAN_POINT('Ctrl Pts',(-125.28999251457,1.7367959692614,31.));
#7527=CARTESIAN_POINT('Ctrl Pts',(-125.28999251457,1.7367959692614,16.));
#7528=CARTESIAN_POINT('Ctrl Pts',(-125.028085724494,1.562191442544,31.));
#7529=CARTESIAN_POINT('Ctrl Pts',(-125.028085724494,1.562191442544,16.));
#7530=CARTESIAN_POINT('Ctrl Pts',(-124.991150151534,1.54540254574425,31.));
#7531=CARTESIAN_POINT('Ctrl Pts',(-124.991150151534,1.54540254574425,16.));
#7532=CARTESIAN_POINT('Ctrl Pts',(-124.967645696015,1.59912701550345,31.));
#7533=CARTESIAN_POINT('Ctrl Pts',(-124.967645696015,1.59912701550345,16.));
#7534=CARTESIAN_POINT('',(-124.967645696015,1.59912701550345,16.));
#7535=CARTESIAN_POINT('Ctrl Pts',(-125.28999251457,1.7367959692614,16.));
#7536=CARTESIAN_POINT('Ctrl Pts',(-125.028085724494,1.562191442544,16.));
#7537=CARTESIAN_POINT('Ctrl Pts',(-124.991150151534,1.54540254574425,16.));
#7538=CARTESIAN_POINT('Ctrl Pts',(-124.967645696015,1.59912701550345,16.));
#7539=CARTESIAN_POINT('',(-124.967645696015,1.59912701550345,31.));
#7540=CARTESIAN_POINT('Ctrl Pts',(-124.967645696015,1.59912701550345,31.));
#7541=CARTESIAN_POINT('Ctrl Pts',(-124.967645696015,1.59912701550345,16.));
#7542=CARTESIAN_POINT('Ctrl Pts',(-124.954214578575,1.63270480910295,31.));
#7543=CARTESIAN_POINT('Ctrl Pts',(-124.954214578575,1.63270480910295,16.));
#7544=CARTESIAN_POINT('Ctrl Pts',(-124.944141240495,1.93154717213849,31.));
#7545=CARTESIAN_POINT('Ctrl Pts',(-124.944141240495,1.93154717213849,16.));
#7546=CARTESIAN_POINT('Ctrl Pts',(-124.947499019855,2.26396732877352,31.));
#7547=CARTESIAN_POINT('Ctrl Pts',(-124.947499019855,2.26396732877352,16.));
#7548=CARTESIAN_POINT('',(-124.947499019855,2.26396732877352,16.));
#7549=CARTESIAN_POINT('Ctrl Pts',(-124.967645696015,1.59912701550345,16.));
#7550=CARTESIAN_POINT('Ctrl Pts',(-124.954214578575,1.63270480910295,16.));
#7551=CARTESIAN_POINT('Ctrl Pts',(-124.944141240495,1.93154717213849,16.));
#7552=CARTESIAN_POINT('Ctrl Pts',(-124.947499019855,2.26396732877352,16.));
#7553=CARTESIAN_POINT('',(-124.947499019855,2.26396732877352,31.));
#7554=CARTESIAN_POINT('Ctrl Pts',(-124.947499019855,2.26396732877352,31.));
#7555=CARTESIAN_POINT('Ctrl Pts',(-124.947499019855,2.26396732877352,16.));
#7556=CARTESIAN_POINT('Ctrl Pts',(-124.950856799215,3.11348550684083,31.));
#7557=CARTESIAN_POINT('Ctrl Pts',(-124.950856799215,3.11348550684083,16.));
#7558=CARTESIAN_POINT('Ctrl Pts',(-125.018012386414,3.51977680939477,31.));
#7559=CARTESIAN_POINT('Ctrl Pts',(-125.018012386414,3.51977680939477,16.));
#7560=CARTESIAN_POINT('Ctrl Pts',(-125.28663473521,4.25513048922378,31.));
#7561=CARTESIAN_POINT('Ctrl Pts',(-125.28663473521,4.25513048922378,16.));
#7562=CARTESIAN_POINT('',(-125.28663473521,4.25513048922378,16.));
#7563=CARTESIAN_POINT('Ctrl Pts',(-124.947499019855,2.26396732877352,16.));
#7564=CARTESIAN_POINT('Ctrl Pts',(-124.950856799215,3.11348550684083,16.));
#7565=CARTESIAN_POINT('Ctrl Pts',(-125.018012386414,3.51977680939477,16.));
#7566=CARTESIAN_POINT('Ctrl Pts',(-125.28663473521,4.25513048922378,16.));
#7567=CARTESIAN_POINT('',(-125.28663473521,4.25513048922378,31.));
#7568=CARTESIAN_POINT('Ctrl Pts',(-125.28663473521,4.25513048922378,31.));
#7569=CARTESIAN_POINT('Ctrl Pts',(-125.28663473521,4.25513048922378,16.));
#7570=CARTESIAN_POINT('Ctrl Pts',(-125.434377027048,4.65470623305781,31.));
#7571=CARTESIAN_POINT('Ctrl Pts',(-125.434377027048,4.65470623305781,16.));
#7572=CARTESIAN_POINT('Ctrl Pts',(-125.437734806408,4.67149512985756,31.));
#7573=CARTESIAN_POINT('Ctrl Pts',(-125.437734806408,4.67149512985756,16.));
#7574=CARTESIAN_POINT('Ctrl Pts',(-125.377294777929,4.71850404089686,31.));
#7575=CARTESIAN_POINT('Ctrl Pts',(-125.377294777929,4.71850404089686,16.));
#7576=CARTESIAN_POINT('',(-125.377294777929,4.71850404089686,16.));
#7577=CARTESIAN_POINT('Ctrl Pts',(-125.28663473521,4.25513048922378,16.));
#7578=CARTESIAN_POINT('Ctrl Pts',(-125.434377027048,4.65470623305781,16.));
#7579=CARTESIAN_POINT('Ctrl Pts',(-125.437734806408,4.67149512985756,16.));
#7580=CARTESIAN_POINT('Ctrl Pts',(-125.377294777929,4.71850404089686,16.));
#7581=CARTESIAN_POINT('',(-125.377294777929,4.71850404089686,31.));
#7582=CARTESIAN_POINT('Ctrl Pts',(-125.377294777929,4.71850404089686,31.));
#7583=CARTESIAN_POINT('Ctrl Pts',(-125.377294777929,4.71850404089686,16.));
#7584=CARTESIAN_POINT('Ctrl Pts',(-125.236268044811,4.82595298041525,31.));
#7585=CARTESIAN_POINT('Ctrl Pts',(-125.236268044811,4.82595298041525,16.));
#7586=CARTESIAN_POINT('Ctrl Pts',(-124.900490108816,4.9971997277727,31.));
#7587=CARTESIAN_POINT('Ctrl Pts',(-124.900490108816,4.9971997277727,16.));
#7588=CARTESIAN_POINT('Ctrl Pts',(-124.729243361458,5.04756641817195,31.));
#7589=CARTESIAN_POINT('Ctrl Pts',(-124.729243361458,5.04756641817195,16.));
#7590=CARTESIAN_POINT('',(-124.729243361458,5.04756641817195,16.));
#7591=CARTESIAN_POINT('Ctrl Pts',(-125.377294777929,4.71850404089686,16.));
#7592=CARTESIAN_POINT('Ctrl Pts',(-125.236268044811,4.82595298041525,16.));
#7593=CARTESIAN_POINT('Ctrl Pts',(-124.900490108816,4.9971997277727,16.));
#7594=CARTESIAN_POINT('Ctrl Pts',(-124.729243361458,5.04756641817195,16.));
#7595=CARTESIAN_POINT('',(-124.729243361458,5.04756641817195,31.));
#7596=CARTESIAN_POINT('Ctrl Pts',(-124.729243361458,5.04756641817195,31.));
#7597=CARTESIAN_POINT('Ctrl Pts',(-124.729243361458,5.04756641817195,16.));
#7598=CARTESIAN_POINT('Ctrl Pts',(-124.440474336503,5.13151090217069,31.));
#7599=CARTESIAN_POINT('Ctrl Pts',(-124.440474336503,5.13151090217069,16.));
#7600=CARTESIAN_POINT('Ctrl Pts',(-124.410254322263,5.12479534345079,31.));
#7601=CARTESIAN_POINT('Ctrl Pts',(-124.410254322263,5.12479534345079,16.));
#7602=CARTESIAN_POINT('Ctrl Pts',(-124.272585368505,4.91325524377395,31.));
#7603=CARTESIAN_POINT('Ctrl Pts',(-124.272585368505,4.91325524377395,16.));
#7604=CARTESIAN_POINT('',(-124.272585368505,4.91325524377395,16.));
#7605=CARTESIAN_POINT('Ctrl Pts',(-124.729243361458,5.04756641817195,16.));
#7606=CARTESIAN_POINT('Ctrl Pts',(-124.440474336503,5.13151090217069,16.));
#7607=CARTESIAN_POINT('Ctrl Pts',(-124.410254322263,5.12479534345079,16.));
#7608=CARTESIAN_POINT('Ctrl Pts',(-124.272585368505,4.91325524377395,16.));
#7609=CARTESIAN_POINT('',(-124.272585368505,4.91325524377395,31.));
#7610=CARTESIAN_POINT('Ctrl Pts',(-127.627006949095,-0.573356230384099,
31.));
#7611=CARTESIAN_POINT('Ctrl Pts',(-127.627006949095,-0.573356230384099,
16.));
#7612=CARTESIAN_POINT('Ctrl Pts',(-128.923109782036,-1.01994088525743,31.));
#7613=CARTESIAN_POINT('Ctrl Pts',(-128.923109782036,-1.01994088525743,16.));
#7614=CARTESIAN_POINT('Ctrl Pts',(-130.021103632739,-1.93325687116379,31.));
#7615=CARTESIAN_POINT('Ctrl Pts',(-130.021103632739,-1.93325687116379,16.));
#7616=CARTESIAN_POINT('Ctrl Pts',(-130.561706109691,-3.00774626634774,31.));
#7617=CARTESIAN_POINT('Ctrl Pts',(-130.561706109691,-3.00774626634774,16.));
#7618=CARTESIAN_POINT('',(-127.627006949095,-0.573356230384099,18.));
#7619=CARTESIAN_POINT('Ctrl Pts',(-127.627006949095,-0.573356230384099,
18.));
#7620=CARTESIAN_POINT('Ctrl Pts',(-128.923109782036,-1.01994088525743,18.));
#7621=CARTESIAN_POINT('Ctrl Pts',(-130.021103632739,-1.93325687116379,18.));
#7622=CARTESIAN_POINT('Ctrl Pts',(-130.561706109691,-3.00774626634774,18.));
#7623=CARTESIAN_POINT('',(-127.627006949095,-0.573356230384099,16.));
#7624=CARTESIAN_POINT('',(-127.627006949095,-0.573356230384099,31.));
#7625=CARTESIAN_POINT('Ctrl Pts',(-127.627006949095,-0.573356230384099,
16.));
#7626=CARTESIAN_POINT('Ctrl Pts',(-128.923109782036,-1.01994088525743,16.));
#7627=CARTESIAN_POINT('Ctrl Pts',(-130.021103632739,-1.93325687116379,16.));
#7628=CARTESIAN_POINT('Ctrl Pts',(-130.561706109691,-3.00774626634774,16.));
#7629=CARTESIAN_POINT('Ctrl Pts',(-126.203308500476,-0.237578294389116,
31.));
#7630=CARTESIAN_POINT('Ctrl Pts',(-126.203308500476,-0.237578294389116,
16.));
#7631=CARTESIAN_POINT('Ctrl Pts',(-126.203308500476,-0.173780486550066,
31.));
#7632=CARTESIAN_POINT('Ctrl Pts',(-126.203308500476,-0.173780486550066,
16.));
#7633=CARTESIAN_POINT('Ctrl Pts',(-127.029322223024,-0.368531689427158,
31.));
#7634=CARTESIAN_POINT('Ctrl Pts',(-127.029322223024,-0.368531689427158,
16.));
#7635=CARTESIAN_POINT('Ctrl Pts',(-127.627006949095,-0.573356230384099,
31.));
#7636=CARTESIAN_POINT('Ctrl Pts',(-127.627006949095,-0.573356230384099,
16.));
#7637=CARTESIAN_POINT('',(-126.203308500476,-0.237578294389116,18.));
#7638=CARTESIAN_POINT('Ctrl Pts',(-126.203308500476,-0.237578294389116,
18.));
#7639=CARTESIAN_POINT('Ctrl Pts',(-126.203308500476,-0.173780486550066,
18.));
#7640=CARTESIAN_POINT('Ctrl Pts',(-127.029322223024,-0.368531689427158,
18.));
#7641=CARTESIAN_POINT('Ctrl Pts',(-127.627006949095,-0.573356230384099,
18.));
#7642=CARTESIAN_POINT('',(-126.203308500476,-0.237578294389116,16.));
#7643=CARTESIAN_POINT('',(-126.203308500476,-0.237578294389116,31.));
#7644=CARTESIAN_POINT('Ctrl Pts',(-126.203308500476,-0.237578294389116,
16.));
#7645=CARTESIAN_POINT('Ctrl Pts',(-126.203308500476,-0.173780486550066,
16.));
#7646=CARTESIAN_POINT('Ctrl Pts',(-127.029322223024,-0.368531689427158,
16.));
#7647=CARTESIAN_POINT('Ctrl Pts',(-127.627006949095,-0.573356230384099,
16.));
#7648=CARTESIAN_POINT('Ctrl Pts',(-126.340977454234,-0.627080700143294,
31.));
#7649=CARTESIAN_POINT('Ctrl Pts',(-126.340977454234,-0.627080700143294,
16.));
#7650=CARTESIAN_POINT('Ctrl Pts',(-126.267106308315,-0.425613938546303,
31.));
#7651=CARTESIAN_POINT('Ctrl Pts',(-126.267106308315,-0.425613938546303,
16.));
#7652=CARTESIAN_POINT('Ctrl Pts',(-126.203308500476,-0.247651632468964,
31.));
#7653=CARTESIAN_POINT('Ctrl Pts',(-126.203308500476,-0.247651632468964,
16.));
#7654=CARTESIAN_POINT('Ctrl Pts',(-126.203308500476,-0.237578294389116,
31.));
#7655=CARTESIAN_POINT('Ctrl Pts',(-126.203308500476,-0.237578294389116,
16.));
#7656=CARTESIAN_POINT('',(-126.340977454234,-0.627080700143294,18.));
#7657=CARTESIAN_POINT('Ctrl Pts',(-126.340977454234,-0.627080700143294,
18.));
#7658=CARTESIAN_POINT('Ctrl Pts',(-126.267106308315,-0.425613938546303,
18.));
#7659=CARTESIAN_POINT('Ctrl Pts',(-126.203308500476,-0.247651632468964,
18.));
#7660=CARTESIAN_POINT('Ctrl Pts',(-126.203308500476,-0.237578294389116,
18.));
#7661=CARTESIAN_POINT('',(-126.340977454234,-0.627080700143294,16.));
#7662=CARTESIAN_POINT('',(-126.340977454234,-0.627080700143294,31.));
#7663=CARTESIAN_POINT('Ctrl Pts',(-126.340977454234,-0.627080700143294,
16.));
#7664=CARTESIAN_POINT('Ctrl Pts',(-126.267106308315,-0.425613938546303,
16.));
#7665=CARTESIAN_POINT('Ctrl Pts',(-126.203308500476,-0.247651632468964,
16.));
#7666=CARTESIAN_POINT('Ctrl Pts',(-126.203308500476,-0.237578294389116,
16.));
#7667=CARTESIAN_POINT('Ctrl Pts',(-126.696902066389,-2.13808141212073,31.));
#7668=CARTESIAN_POINT('Ctrl Pts',(-126.696902066389,-2.13808141212073,16.));
#7669=CARTESIAN_POINT('Ctrl Pts',(-126.757342094868,-2.07764138364163,31.));
#7670=CARTESIAN_POINT('Ctrl Pts',(-126.757342094868,-2.07764138364163,16.));
#7671=CARTESIAN_POINT('Ctrl Pts',(-126.542444215831,-1.15425205965542,31.));
#7672=CARTESIAN_POINT('Ctrl Pts',(-126.542444215831,-1.15425205965542,16.));
#7673=CARTESIAN_POINT('Ctrl Pts',(-126.340977454234,-0.627080700143294,
31.));
#7674=CARTESIAN_POINT('Ctrl Pts',(-126.340977454234,-0.627080700143294,
16.));
#7675=CARTESIAN_POINT('',(-126.696902066389,-2.13808141212073,18.));
#7676=CARTESIAN_POINT('Ctrl Pts',(-126.696902066389,-2.13808141212073,18.));
#7677=CARTESIAN_POINT('Ctrl Pts',(-126.757342094868,-2.07764138364163,18.));
#7678=CARTESIAN_POINT('Ctrl Pts',(-126.542444215831,-1.15425205965542,18.));
#7679=CARTESIAN_POINT('Ctrl Pts',(-126.340977454234,-0.627080700143294,
18.));
#7680=CARTESIAN_POINT('',(-126.696902066389,-2.13808141212073,16.));
#7681=CARTESIAN_POINT('',(-126.696902066389,-2.13808141212073,31.));
#7682=CARTESIAN_POINT('Ctrl Pts',(-126.696902066389,-2.13808141212073,16.));
#7683=CARTESIAN_POINT('Ctrl Pts',(-126.757342094868,-2.07764138364163,16.));
#7684=CARTESIAN_POINT('Ctrl Pts',(-126.542444215831,-1.15425205965542,16.));
#7685=CARTESIAN_POINT('Ctrl Pts',(-126.340977454234,-0.627080700143294,
16.));
#7686=CARTESIAN_POINT('Ctrl Pts',(-124.547923276021,-0.77482299198109,31.));
#7687=CARTESIAN_POINT('Ctrl Pts',(-124.547923276021,-0.77482299198109,16.));
#7688=CARTESIAN_POINT('Ctrl Pts',(-124.64865665682,-0.919207504458932,31.));
#7689=CARTESIAN_POINT('Ctrl Pts',(-124.64865665682,-0.919207504458932,16.));
#7690=CARTESIAN_POINT('Ctrl Pts',(-126.64653537599,-2.18844810251998,31.));
#7691=CARTESIAN_POINT('Ctrl Pts',(-126.64653537599,-2.18844810251998,16.));
#7692=CARTESIAN_POINT('Ctrl Pts',(-126.696902066389,-2.13808141212073,31.));
#7693=CARTESIAN_POINT('Ctrl Pts',(-126.696902066389,-2.13808141212073,16.));
#7694=CARTESIAN_POINT('',(-124.547923276021,-0.77482299198109,18.));
#7695=CARTESIAN_POINT('Ctrl Pts',(-124.547923276021,-0.77482299198109,18.));
#7696=CARTESIAN_POINT('Ctrl Pts',(-124.64865665682,-0.919207504458932,18.));
#7697=CARTESIAN_POINT('Ctrl Pts',(-126.64653537599,-2.18844810251998,18.));
#7698=CARTESIAN_POINT('Ctrl Pts',(-126.696902066389,-2.13808141212073,18.));
#7699=CARTESIAN_POINT('',(-124.547923276021,-0.77482299198109,16.));
#7700=CARTESIAN_POINT('',(-124.547923276021,-0.77482299198109,31.));
#7701=CARTESIAN_POINT('Ctrl Pts',(-124.547923276021,-0.77482299198109,16.));
#7702=CARTESIAN_POINT('Ctrl Pts',(-124.64865665682,-0.919207504458932,16.));
#7703=CARTESIAN_POINT('Ctrl Pts',(-126.64653537599,-2.18844810251998,16.));
#7704=CARTESIAN_POINT('Ctrl Pts',(-126.696902066389,-2.13808141212073,16.));
#7705=CARTESIAN_POINT('Ctrl Pts',(-124.269227589145,-0.892345269579335,
31.));
#7706=CARTESIAN_POINT('Ctrl Pts',(-124.269227589145,-0.892345269579335,
16.));
#7707=CARTESIAN_POINT('Ctrl Pts',(-124.490841026902,-0.717740742861941,
31.));
#7708=CARTESIAN_POINT('Ctrl Pts',(-124.490841026902,-0.717740742861941,
16.));
#7709=CARTESIAN_POINT('Ctrl Pts',(-124.504272144342,-0.71102518414204,31.));
#7710=CARTESIAN_POINT('Ctrl Pts',(-124.504272144342,-0.71102518414204,16.));
#7711=CARTESIAN_POINT('Ctrl Pts',(-124.547923276021,-0.77482299198109,31.));
#7712=CARTESIAN_POINT('Ctrl Pts',(-124.547923276021,-0.77482299198109,16.));
#7713=CARTESIAN_POINT('',(-124.269227589145,-0.892345269579335,18.));
#7714=CARTESIAN_POINT('Ctrl Pts',(-124.269227589145,-0.892345269579335,
18.));
#7715=CARTESIAN_POINT('Ctrl Pts',(-124.490841026902,-0.717740742861941,
18.));
#7716=CARTESIAN_POINT('Ctrl Pts',(-124.504272144342,-0.71102518414204,18.));
#7717=CARTESIAN_POINT('Ctrl Pts',(-124.547923276021,-0.77482299198109,18.));
#7718=CARTESIAN_POINT('',(-124.269227589145,-0.892345269579335,16.));
#7719=CARTESIAN_POINT('',(-124.269227589145,-0.892345269579335,31.));
#7720=CARTESIAN_POINT('Ctrl Pts',(-124.269227589145,-0.892345269579335,
16.));
#7721=CARTESIAN_POINT('Ctrl Pts',(-124.490841026902,-0.717740742861941,
16.));
#7722=CARTESIAN_POINT('Ctrl Pts',(-124.504272144342,-0.71102518414204,16.));
#7723=CARTESIAN_POINT('Ctrl Pts',(-124.547923276021,-0.77482299198109,16.));
#7724=CARTESIAN_POINT('Ctrl Pts',(-122.251202193815,-2.23545701355927,31.));
#7725=CARTESIAN_POINT('Ctrl Pts',(-122.251202193815,-2.23545701355927,16.));
#7726=CARTESIAN_POINT('Ctrl Pts',(-122.445953396693,-2.17501698508017,31.));
#7727=CARTESIAN_POINT('Ctrl Pts',(-122.445953396693,-2.17501698508017,16.));
#7728=CARTESIAN_POINT('Ctrl Pts',(-123.725267332833,-1.32885658637282,31.));
#7729=CARTESIAN_POINT('Ctrl Pts',(-123.725267332833,-1.32885658637282,16.));
#7730=CARTESIAN_POINT('Ctrl Pts',(-124.269227589145,-0.892345269579335,
31.));
#7731=CARTESIAN_POINT('Ctrl Pts',(-124.269227589145,-0.892345269579335,
16.));
#7732=CARTESIAN_POINT('',(-122.251202193815,-2.23545701355927,18.));
#7733=CARTESIAN_POINT('Ctrl Pts',(-122.251202193815,-2.23545701355927,18.));
#7734=CARTESIAN_POINT('Ctrl Pts',(-122.445953396693,-2.17501698508017,18.));
#7735=CARTESIAN_POINT('Ctrl Pts',(-123.725267332833,-1.32885658637282,18.));
#7736=CARTESIAN_POINT('Ctrl Pts',(-124.269227589145,-0.892345269579335,
18.));
#7737=CARTESIAN_POINT('',(-122.251202193815,-2.23545701355927,16.));
#7738=CARTESIAN_POINT('',(-122.251202193815,-2.23545701355927,31.));
#7739=CARTESIAN_POINT('Ctrl Pts',(-122.251202193815,-2.23545701355927,16.));
#7740=CARTESIAN_POINT('Ctrl Pts',(-122.445953396693,-2.17501698508017,16.));
#7741=CARTESIAN_POINT('Ctrl Pts',(-123.725267332833,-1.32885658637282,16.));
#7742=CARTESIAN_POINT('Ctrl Pts',(-124.269227589145,-0.892345269579335,
16.));
#7743=CARTESIAN_POINT('Ctrl Pts',(-122.190762165336,-2.16158586764037,31.));
#7744=CARTESIAN_POINT('Ctrl Pts',(-122.190762165336,-2.16158586764037,16.));
#7745=CARTESIAN_POINT('Ctrl Pts',(-122.177331047897,-2.24553035163912,31.));
#7746=CARTESIAN_POINT('Ctrl Pts',(-122.177331047897,-2.24553035163912,16.));
#7747=CARTESIAN_POINT('Ctrl Pts',(-122.184046606616,-2.25560368971897,31.));
#7748=CARTESIAN_POINT('Ctrl Pts',(-122.184046606616,-2.25560368971897,16.));
#7749=CARTESIAN_POINT('Ctrl Pts',(-122.251202193815,-2.23545701355927,31.));
#7750=CARTESIAN_POINT('Ctrl Pts',(-122.251202193815,-2.23545701355927,16.));
#7751=CARTESIAN_POINT('',(-122.190762165336,-2.16158586764037,18.));
#7752=CARTESIAN_POINT('Ctrl Pts',(-122.190762165336,-2.16158586764037,18.));
#7753=CARTESIAN_POINT('Ctrl Pts',(-122.177331047897,-2.24553035163912,18.));
#7754=CARTESIAN_POINT('Ctrl Pts',(-122.184046606616,-2.25560368971897,18.));
#7755=CARTESIAN_POINT('Ctrl Pts',(-122.251202193815,-2.23545701355927,18.));
#7756=CARTESIAN_POINT('',(-122.190762165336,-2.16158586764037,16.));
#7757=CARTESIAN_POINT('',(-122.190762165336,-2.16158586764037,31.));
#7758=CARTESIAN_POINT('Ctrl Pts',(-122.190762165336,-2.16158586764037,16.));
#7759=CARTESIAN_POINT('Ctrl Pts',(-122.177331047897,-2.24553035163912,16.));
#7760=CARTESIAN_POINT('Ctrl Pts',(-122.184046606616,-2.25560368971897,16.));
#7761=CARTESIAN_POINT('Ctrl Pts',(-122.251202193815,-2.23545701355927,16.));
#7762=CARTESIAN_POINT('Ctrl Pts',(-122.244486635096,-1.79894569676579,31.));
#7763=CARTESIAN_POINT('Ctrl Pts',(-122.244486635096,-1.79894569676579,16.));
#7764=CARTESIAN_POINT('Ctrl Pts',(-122.224339958936,-1.94668798860359,31.));
#7765=CARTESIAN_POINT('Ctrl Pts',(-122.224339958936,-1.94668798860359,16.));
#7766=CARTESIAN_POINT('Ctrl Pts',(-122.200835503416,-2.11121917724113,31.));
#7767=CARTESIAN_POINT('Ctrl Pts',(-122.200835503416,-2.11121917724113,16.));
#7768=CARTESIAN_POINT('Ctrl Pts',(-122.190762165336,-2.16158586764037,31.));
#7769=CARTESIAN_POINT('Ctrl Pts',(-122.190762165336,-2.16158586764037,16.));
#7770=CARTESIAN_POINT('',(-122.244486635096,-1.79894569676579,18.));
#7771=CARTESIAN_POINT('Ctrl Pts',(-122.244486635096,-1.79894569676579,18.));
#7772=CARTESIAN_POINT('Ctrl Pts',(-122.224339958936,-1.94668798860359,18.));
#7773=CARTESIAN_POINT('Ctrl Pts',(-122.200835503416,-2.11121917724113,18.));
#7774=CARTESIAN_POINT('Ctrl Pts',(-122.190762165336,-2.16158586764037,18.));
#7775=CARTESIAN_POINT('',(-122.244486635096,-1.79894569676579,16.));
#7776=CARTESIAN_POINT('',(-122.244486635096,-1.79894569676579,31.));
#7777=CARTESIAN_POINT('Ctrl Pts',(-122.244486635096,-1.79894569676579,16.));
#7778=CARTESIAN_POINT('Ctrl Pts',(-122.224339958936,-1.94668798860359,16.));
#7779=CARTESIAN_POINT('Ctrl Pts',(-122.200835503416,-2.11121917724113,16.));
#7780=CARTESIAN_POINT('Ctrl Pts',(-122.190762165336,-2.16158586764037,16.));
#7781=CARTESIAN_POINT('Ctrl Pts',(-122.728006862928,-0.291302764148309,
31.));
#7782=CARTESIAN_POINT('Ctrl Pts',(-122.728006862928,-0.291302764148309,
16.));
#7783=CARTESIAN_POINT('Ctrl Pts',(-122.550044556851,-0.55656733358435,31.));
#7784=CARTESIAN_POINT('Ctrl Pts',(-122.550044556851,-0.55656733358435,16.));
#7785=CARTESIAN_POINT('Ctrl Pts',(-122.318357781014,-1.27513211661362,31.));
#7786=CARTESIAN_POINT('Ctrl Pts',(-122.318357781014,-1.27513211661362,16.));
#7787=CARTESIAN_POINT('Ctrl Pts',(-122.244486635096,-1.79894569676579,31.));
#7788=CARTESIAN_POINT('Ctrl Pts',(-122.244486635096,-1.79894569676579,16.));
#7789=CARTESIAN_POINT('',(-122.728006862928,-0.291302764148309,18.));
#7790=CARTESIAN_POINT('Ctrl Pts',(-122.728006862928,-0.291302764148309,
18.));
#7791=CARTESIAN_POINT('Ctrl Pts',(-122.550044556851,-0.55656733358435,18.));
#7792=CARTESIAN_POINT('Ctrl Pts',(-122.318357781014,-1.27513211661362,18.));
#7793=CARTESIAN_POINT('Ctrl Pts',(-122.244486635096,-1.79894569676579,18.));
#7794=CARTESIAN_POINT('',(-122.728006862928,-0.291302764148309,16.));
#7795=CARTESIAN_POINT('',(-122.728006862928,-0.291302764148309,31.));
#7796=CARTESIAN_POINT('Ctrl Pts',(-122.728006862928,-0.291302764148309,
16.));
#7797=CARTESIAN_POINT('Ctrl Pts',(-122.550044556851,-0.55656733358435,16.));
#7798=CARTESIAN_POINT('Ctrl Pts',(-122.318357781014,-1.27513211661362,16.));
#7799=CARTESIAN_POINT('Ctrl Pts',(-122.244486635096,-1.79894569676579,16.));
#7800=CARTESIAN_POINT('Origin',(-122.808593567567,-0.170422707190118,31.));
#7801=CARTESIAN_POINT('',(-131.944768224145,13.5338392776782,18.));
#7802=CARTESIAN_POINT('',(-122.728006862928,-0.291302764148309,16.));
#7803=CARTESIAN_POINT('Ctrl Pts',(-128.446305112923,-12.0200260684531,31.));
#7804=CARTESIAN_POINT('Ctrl Pts',(-128.446305112923,-12.0200260684531,16.));
#7805=CARTESIAN_POINT('Ctrl Pts',(-129.725619049064,-11.3518279758231,31.));
#7806=CARTESIAN_POINT('Ctrl Pts',(-129.725619049064,-11.3518279758231,16.));
#7807=CARTESIAN_POINT('Ctrl Pts',(-130.790035106168,-10.3209897123185,31.));
#7808=CARTESIAN_POINT('Ctrl Pts',(-130.790035106168,-10.3209897123185,16.));
#7809=CARTESIAN_POINT('Ctrl Pts',(-131.448159860718,-9.11890470145646,31.));
#7810=CARTESIAN_POINT('Ctrl Pts',(-131.448159860718,-9.11890470145646,16.));
#7811=CARTESIAN_POINT('',(-128.446305112923,-12.0200260684531,16.));
#7812=CARTESIAN_POINT('',(-128.446305112923,-12.0200260684531,31.));
#7813=CARTESIAN_POINT('Ctrl Pts',(-128.446305112923,-12.0200260684531,16.));
#7814=CARTESIAN_POINT('Ctrl Pts',(-129.725619049064,-11.3518279758231,16.));
#7815=CARTESIAN_POINT('Ctrl Pts',(-130.790035106168,-10.3209897123185,16.));
#7816=CARTESIAN_POINT('Ctrl Pts',(-131.448159860718,-9.11890470145646,16.));
#7817=CARTESIAN_POINT('Ctrl Pts',(-120.965172698955,-12.2449972855698,31.));
#7818=CARTESIAN_POINT('Ctrl Pts',(-120.965172698955,-12.2449972855698,16.));
#7819=CARTESIAN_POINT('Ctrl Pts',(-123.30554491284,-13.2758355490744,31.));
#7820=CARTESIAN_POINT('Ctrl Pts',(-123.30554491284,-13.2758355490744,16.));
#7821=CARTESIAN_POINT('Ctrl Pts',(-126.216739617916,-13.1885332857157,31.));
#7822=CARTESIAN_POINT('Ctrl Pts',(-126.216739617916,-13.1885332857157,16.));
#7823=CARTESIAN_POINT('Ctrl Pts',(-128.446305112923,-12.0200260684531,31.));
#7824=CARTESIAN_POINT('Ctrl Pts',(-128.446305112923,-12.0200260684531,16.));
#7825=CARTESIAN_POINT('',(-120.965172698955,-12.2449972855698,16.));
#7826=CARTESIAN_POINT('',(-120.965172698955,-12.2449972855698,31.));
#7827=CARTESIAN_POINT('Ctrl Pts',(-120.965172698955,-12.2449972855698,16.));
#7828=CARTESIAN_POINT('Ctrl Pts',(-123.30554491284,-13.2758355490744,16.));
#7829=CARTESIAN_POINT('Ctrl Pts',(-126.216739617916,-13.1885332857157,16.));
#7830=CARTESIAN_POINT('Ctrl Pts',(-128.446305112923,-12.0200260684531,16.));
#7831=CARTESIAN_POINT('Ctrl Pts',(-117.832364556121,-9.57220491504969,31.));
#7832=CARTESIAN_POINT('Ctrl Pts',(-117.832364556121,-9.57220491504969,16.));
#7833=CARTESIAN_POINT('Ctrl Pts',(-118.561002677231,-10.6970610006329,31.));
#7834=CARTESIAN_POINT('Ctrl Pts',(-118.561002677231,-10.6970610006329,16.));
#7835=CARTESIAN_POINT('Ctrl Pts',(-119.746298791293,-11.7077525879778,31.));
#7836=CARTESIAN_POINT('Ctrl Pts',(-119.746298791293,-11.7077525879778,16.));
#7837=CARTESIAN_POINT('Ctrl Pts',(-120.965172698955,-12.2449972855698,31.));
#7838=CARTESIAN_POINT('Ctrl Pts',(-120.965172698955,-12.2449972855698,16.));
#7839=CARTESIAN_POINT('',(-117.832364556121,-9.57220491504969,16.));
#7840=CARTESIAN_POINT('',(-117.832364556121,-9.57220491504969,31.));
#7841=CARTESIAN_POINT('Ctrl Pts',(-117.832364556121,-9.57220491504969,16.));
#7842=CARTESIAN_POINT('Ctrl Pts',(-118.561002677231,-10.6970610006329,16.));
#7843=CARTESIAN_POINT('Ctrl Pts',(-119.746298791293,-11.7077525879778,16.));
#7844=CARTESIAN_POINT('Ctrl Pts',(-120.965172698955,-12.2449972855698,16.));
#7845=CARTESIAN_POINT('Ctrl Pts',(-116.744444043498,-6.75502803205176,31.));
#7846=CARTESIAN_POINT('Ctrl Pts',(-116.744444043498,-6.75502803205176,16.));
#7847=CARTESIAN_POINT('Ctrl Pts',(-116.915690790855,-7.77243517811657,31.));
#7848=CARTESIAN_POINT('Ctrl Pts',(-116.915690790855,-7.77243517811657,16.));
#7849=CARTESIAN_POINT('Ctrl Pts',(-117.28168874109,-8.71932895762242,31.));
#7850=CARTESIAN_POINT('Ctrl Pts',(-117.28168874109,-8.71932895762242,16.));
#7851=CARTESIAN_POINT('Ctrl Pts',(-117.832364556121,-9.57220491504969,31.));
#7852=CARTESIAN_POINT('Ctrl Pts',(-117.832364556121,-9.57220491504969,16.));
#7853=CARTESIAN_POINT('',(-116.744444043498,-6.75502803205176,16.));
#7854=CARTESIAN_POINT('',(-116.744444043498,-6.75502803205176,31.));
#7855=CARTESIAN_POINT('Ctrl Pts',(-116.744444043498,-6.75502803205176,16.));
#7856=CARTESIAN_POINT('Ctrl Pts',(-116.915690790855,-7.77243517811657,16.));
#7857=CARTESIAN_POINT('Ctrl Pts',(-117.28168874109,-8.71932895762242,16.));
#7858=CARTESIAN_POINT('Ctrl Pts',(-117.832364556121,-9.57220491504969,16.));
#7859=CARTESIAN_POINT('Ctrl Pts',(-116.764590719657,-4.45830694984607,31.));
#7860=CARTESIAN_POINT('Ctrl Pts',(-116.764590719657,-4.45830694984607,16.));
#7861=CARTESIAN_POINT('Ctrl Pts',(-116.660499559499,-5.02577166167759,31.));
#7862=CARTESIAN_POINT('Ctrl Pts',(-116.660499559499,-5.02577166167759,16.));
#7863=CARTESIAN_POINT('Ctrl Pts',(-116.650426221419,-6.20099443766004,31.));
#7864=CARTESIAN_POINT('Ctrl Pts',(-116.650426221419,-6.20099443766004,16.));
#7865=CARTESIAN_POINT('Ctrl Pts',(-116.744444043498,-6.75502803205176,31.));
#7866=CARTESIAN_POINT('Ctrl Pts',(-116.744444043498,-6.75502803205176,16.));
#7867=CARTESIAN_POINT('',(-116.764590719657,-4.45830694984607,16.));
#7868=CARTESIAN_POINT('',(-116.764590719657,-4.45830694984607,31.));
#7869=CARTESIAN_POINT('Ctrl Pts',(-116.764590719657,-4.45830694984607,16.));
#7870=CARTESIAN_POINT('Ctrl Pts',(-116.660499559499,-5.02577166167759,16.));
#7871=CARTESIAN_POINT('Ctrl Pts',(-116.650426221419,-6.20099443766004,16.));
#7872=CARTESIAN_POINT('Ctrl Pts',(-116.744444043498,-6.75502803205176,16.));
#7873=CARTESIAN_POINT('Ctrl Pts',(-119.051238463783,-0.402109483026656,
31.));
#7874=CARTESIAN_POINT('Ctrl Pts',(-119.051238463783,-0.402109483026656,
16.));
#7875=CARTESIAN_POINT('Ctrl Pts',(-117.795428983162,-1.44637886397106,31.));
#7876=CARTESIAN_POINT('Ctrl Pts',(-117.795428983162,-1.44637886397106,16.));
#7877=CARTESIAN_POINT('Ctrl Pts',(-117.070148641413,-2.73240835883185,31.));
#7878=CARTESIAN_POINT('Ctrl Pts',(-117.070148641413,-2.73240835883185,16.));
#7879=CARTESIAN_POINT('Ctrl Pts',(-116.764590719657,-4.45830694984607,31.));
#7880=CARTESIAN_POINT('Ctrl Pts',(-116.764590719657,-4.45830694984607,16.));
#7881=CARTESIAN_POINT('',(-119.051238463783,-0.402109483026656,16.));
#7882=CARTESIAN_POINT('',(-119.051238463783,-0.402109483026656,31.));
#7883=CARTESIAN_POINT('Ctrl Pts',(-119.051238463783,-0.402109483026656,
16.));
#7884=CARTESIAN_POINT('Ctrl Pts',(-117.795428983162,-1.44637886397106,16.));
#7885=CARTESIAN_POINT('Ctrl Pts',(-117.070148641413,-2.73240835883185,16.));
#7886=CARTESIAN_POINT('Ctrl Pts',(-116.764590719657,-4.45830694984607,16.));
#7887=CARTESIAN_POINT('Ctrl Pts',(-121.868415346781,0.971222275192829,31.));
#7888=CARTESIAN_POINT('Ctrl Pts',(-121.868415346781,0.971222275192829,16.));
#7889=CARTESIAN_POINT('Ctrl Pts',(-120.871154876876,0.719388823196592,31.));
#7890=CARTESIAN_POINT('Ctrl Pts',(-120.871154876876,0.719388823196592,16.));
#7891=CARTESIAN_POINT('Ctrl Pts',(-119.722794335773,0.15863967008497,31.));
#7892=CARTESIAN_POINT('Ctrl Pts',(-119.722794335773,0.15863967008497,16.));
#7893=CARTESIAN_POINT('Ctrl Pts',(-119.051238463783,-0.402109483026656,
31.));
#7894=CARTESIAN_POINT('Ctrl Pts',(-119.051238463783,-0.402109483026656,
16.));
#7895=CARTESIAN_POINT('',(-121.868415346781,0.971222275192829,16.));
#7896=CARTESIAN_POINT('',(-121.868415346781,0.971222275192829,31.));
#7897=CARTESIAN_POINT('Ctrl Pts',(-121.868415346781,0.971222275192829,16.));
#7898=CARTESIAN_POINT('Ctrl Pts',(-120.871154876876,0.719388823196592,16.));
#7899=CARTESIAN_POINT('Ctrl Pts',(-119.722794335773,0.15863967008497,16.));
#7900=CARTESIAN_POINT('Ctrl Pts',(-119.051238463783,-0.402109483026656,
16.));
#7901=CARTESIAN_POINT('Ctrl Pts',(-121.421830691908,1.52861364894451,31.));
#7902=CARTESIAN_POINT('Ctrl Pts',(-121.421830691908,1.52861364894451,16.));
#7903=CARTESIAN_POINT('Ctrl Pts',(-122.096744343258,0.951075599033133,31.));
#7904=CARTESIAN_POINT('Ctrl Pts',(-122.096744343258,0.951075599033133,16.));
#7905=CARTESIAN_POINT('Ctrl Pts',(-122.043019873499,1.01823118623213,31.));
#7906=CARTESIAN_POINT('Ctrl Pts',(-122.043019873499,1.01823118623213,16.));
#7907=CARTESIAN_POINT('Ctrl Pts',(-121.868415346781,0.971222275192829,31.));
#7908=CARTESIAN_POINT('Ctrl Pts',(-121.868415346781,0.971222275192829,16.));
#7909=CARTESIAN_POINT('',(-121.421830691908,1.52861364894451,16.));
#7910=CARTESIAN_POINT('',(-121.421830691908,1.52861364894451,31.));
#7911=CARTESIAN_POINT('Ctrl Pts',(-121.421830691908,1.52861364894451,16.));
#7912=CARTESIAN_POINT('Ctrl Pts',(-122.096744343258,0.951075599033133,16.));
#7913=CARTESIAN_POINT('Ctrl Pts',(-122.043019873499,1.01823118623213,16.));
#7914=CARTESIAN_POINT('Ctrl Pts',(-121.868415346781,0.971222275192829,16.));
#7915=CARTESIAN_POINT('Ctrl Pts',(-120.199599004886,2.7206253217267,31.));
#7916=CARTESIAN_POINT('Ctrl Pts',(-120.199599004886,2.7206253217267,16.));
#7917=CARTESIAN_POINT('Ctrl Pts',(-120.145874535127,2.6870475281272,31.));
#7918=CARTESIAN_POINT('Ctrl Pts',(-120.145874535127,2.6870475281272,16.));
#7919=CARTESIAN_POINT('Ctrl Pts',(-120.723412585038,2.12294059565563,31.));
#7920=CARTESIAN_POINT('Ctrl Pts',(-120.723412585038,2.12294059565563,16.));
#7921=CARTESIAN_POINT('Ctrl Pts',(-121.421830691908,1.52861364894451,31.));
#7922=CARTESIAN_POINT('Ctrl Pts',(-121.421830691908,1.52861364894451,16.));
#7923=CARTESIAN_POINT('',(-120.199599004886,2.7206253217267,16.));
#7924=CARTESIAN_POINT('',(-120.199599004886,2.7206253217267,31.));
#7925=CARTESIAN_POINT('Ctrl Pts',(-120.199599004886,2.7206253217267,16.));
#7926=CARTESIAN_POINT('Ctrl Pts',(-120.145874535127,2.6870475281272,16.));
#7927=CARTESIAN_POINT('Ctrl Pts',(-120.723412585038,2.12294059565563,16.));
#7928=CARTESIAN_POINT('Ctrl Pts',(-121.421830691908,1.52861364894451,16.));
#7929=CARTESIAN_POINT('Ctrl Pts',(-121.854984229341,2.58295636796876,31.));
#7930=CARTESIAN_POINT('Ctrl Pts',(-121.854984229341,2.58295636796876,16.));
#7931=CARTESIAN_POINT('Ctrl Pts',(-121.425188471268,2.7139097630068,31.));
#7932=CARTESIAN_POINT('Ctrl Pts',(-121.425188471268,2.7139097630068,16.));
#7933=CARTESIAN_POINT('Ctrl Pts',(-120.333910179284,2.8079275850854,31.));
#7934=CARTESIAN_POINT('Ctrl Pts',(-120.333910179284,2.8079275850854,16.));
#7935=CARTESIAN_POINT('Ctrl Pts',(-120.199599004886,2.7206253217267,31.));
#7936=CARTESIAN_POINT('Ctrl Pts',(-120.199599004886,2.7206253217267,16.));
#7937=CARTESIAN_POINT('',(-121.854984229341,2.58295636796876,16.));
#7938=CARTESIAN_POINT('',(-121.854984229341,2.58295636796876,31.));
#7939=CARTESIAN_POINT('Ctrl Pts',(-121.854984229341,2.58295636796876,16.));
#7940=CARTESIAN_POINT('Ctrl Pts',(-121.425188471268,2.7139097630068,16.));
#7941=CARTESIAN_POINT('Ctrl Pts',(-120.333910179284,2.8079275850854,16.));
#7942=CARTESIAN_POINT('Ctrl Pts',(-120.199599004886,2.7206253217267,16.));
#7943=CARTESIAN_POINT('Ctrl Pts',(-123.493580556997,1.6696403820624,31.));
#7944=CARTESIAN_POINT('Ctrl Pts',(-123.493580556997,1.6696403820624,16.));
#7945=CARTESIAN_POINT('Ctrl Pts',(-123.198095973321,1.94833606893823,31.));
#7946=CARTESIAN_POINT('Ctrl Pts',(-123.198095973321,1.94833606893823,16.));
#7947=CARTESIAN_POINT('Ctrl Pts',(-122.321715560374,2.43521407613096,31.));
#7948=CARTESIAN_POINT('Ctrl Pts',(-122.321715560374,2.43521407613096,16.));
#7949=CARTESIAN_POINT('Ctrl Pts',(-121.854984229341,2.58295636796876,31.));
#7950=CARTESIAN_POINT('Ctrl Pts',(-121.854984229341,2.58295636796876,16.));
#7951=CARTESIAN_POINT('',(-123.493580556997,1.6696403820624,16.));
#7952=CARTESIAN_POINT('',(-123.493580556997,1.6696403820624,31.));
#7953=CARTESIAN_POINT('Ctrl Pts',(-123.493580556997,1.6696403820624,16.));
#7954=CARTESIAN_POINT('Ctrl Pts',(-123.198095973321,1.94833606893823,16.));
#7955=CARTESIAN_POINT('Ctrl Pts',(-122.321715560374,2.43521407613096,16.));
#7956=CARTESIAN_POINT('Ctrl Pts',(-121.854984229341,2.58295636796876,16.));
#7957=CARTESIAN_POINT('Ctrl Pts',(-123.634607290115,1.58569589806365,31.));
#7958=CARTESIAN_POINT('Ctrl Pts',(-123.634607290115,1.58569589806365,16.));
#7959=CARTESIAN_POINT('Ctrl Pts',(-123.627891731395,1.56554922190395,31.));
#7960=CARTESIAN_POINT('Ctrl Pts',(-123.627891731395,1.56554922190395,16.));
#7961=CARTESIAN_POINT('Ctrl Pts',(-123.567451702916,1.59912701550345,31.));
#7962=CARTESIAN_POINT('Ctrl Pts',(-123.567451702916,1.59912701550345,16.));
#7963=CARTESIAN_POINT('Ctrl Pts',(-123.493580556997,1.6696403820624,31.));
#7964=CARTESIAN_POINT('Ctrl Pts',(-123.493580556997,1.6696403820624,16.));
#7965=CARTESIAN_POINT('',(-123.634607290115,1.58569589806365,16.));
#7966=CARTESIAN_POINT('',(-123.634607290115,1.58569589806365,31.));
#7967=CARTESIAN_POINT('Ctrl Pts',(-123.634607290115,1.58569589806365,16.));
#7968=CARTESIAN_POINT('Ctrl Pts',(-123.627891731395,1.56554922190395,16.));
#7969=CARTESIAN_POINT('Ctrl Pts',(-123.567451702916,1.59912701550345,16.));
#7970=CARTESIAN_POINT('Ctrl Pts',(-123.493580556997,1.6696403820624,16.));
#7971=CARTESIAN_POINT('Ctrl Pts',(-123.664827304354,2.19681174157452,31.));
#7972=CARTESIAN_POINT('Ctrl Pts',(-123.664827304354,2.19681174157452,16.));
#7973=CARTESIAN_POINT('Ctrl Pts',(-123.654753966274,1.88453826109919,31.));
#7974=CARTESIAN_POINT('Ctrl Pts',(-123.654753966274,1.88453826109919,16.));
#7975=CARTESIAN_POINT('Ctrl Pts',(-123.641322848835,1.6092003535833,31.));
#7976=CARTESIAN_POINT('Ctrl Pts',(-123.641322848835,1.6092003535833,16.));
#7977=CARTESIAN_POINT('Ctrl Pts',(-123.634607290115,1.58569589806365,31.));
#7978=CARTESIAN_POINT('Ctrl Pts',(-123.634607290115,1.58569589806365,16.));
#7979=CARTESIAN_POINT('',(-123.664827304354,2.19681174157452,16.));
#7980=CARTESIAN_POINT('',(-123.664827304354,2.19681174157452,31.));
#7981=CARTESIAN_POINT('Ctrl Pts',(-123.664827304354,2.19681174157452,16.));
#7982=CARTESIAN_POINT('Ctrl Pts',(-123.654753966274,1.88453826109919,16.));
#7983=CARTESIAN_POINT('Ctrl Pts',(-123.641322848835,1.6092003535833,16.));
#7984=CARTESIAN_POINT('Ctrl Pts',(-123.634607290115,1.58569589806365,16.));
#7985=CARTESIAN_POINT('Ctrl Pts',(-123.886440742111,3.8924903183492,31.));
#7986=CARTESIAN_POINT('Ctrl Pts',(-123.886440742111,3.8924903183492,16.));
#7987=CARTESIAN_POINT('Ctrl Pts',(-123.742056229633,3.26458557803858,31.));
#7988=CARTESIAN_POINT('Ctrl Pts',(-123.742056229633,3.26458557803858,16.));
#7989=CARTESIAN_POINT('Ctrl Pts',(-123.684973980514,2.83143204060505,31.));
#7990=CARTESIAN_POINT('Ctrl Pts',(-123.684973980514,2.83143204060505,16.));
#7991=CARTESIAN_POINT('Ctrl Pts',(-123.664827304354,2.19681174157452,31.));
#7992=CARTESIAN_POINT('Ctrl Pts',(-123.664827304354,2.19681174157452,16.));
#7993=CARTESIAN_POINT('',(-123.886440742111,3.8924903183492,16.));
#7994=CARTESIAN_POINT('',(-123.886440742111,3.8924903183492,31.));
#7995=CARTESIAN_POINT('Ctrl Pts',(-123.886440742111,3.8924903183492,16.));
#7996=CARTESIAN_POINT('Ctrl Pts',(-123.742056229633,3.26458557803858,16.));
#7997=CARTESIAN_POINT('Ctrl Pts',(-123.684973980514,2.83143204060505,16.));
#7998=CARTESIAN_POINT('Ctrl Pts',(-123.664827304354,2.19681174157452,16.));
#7999=CARTESIAN_POINT('Ctrl Pts',(-124.272585368505,4.91325524377395,31.));
#8000=CARTESIAN_POINT('Ctrl Pts',(-124.272585368505,4.91325524377395,16.));
#8001=CARTESIAN_POINT('Ctrl Pts',(-124.097980841788,4.65134845369786,31.));
#8002=CARTESIAN_POINT('Ctrl Pts',(-124.097980841788,4.65134845369786,16.));
#8003=CARTESIAN_POINT('Ctrl Pts',(-123.997247460989,4.38272610490187,31.));
#8004=CARTESIAN_POINT('Ctrl Pts',(-123.997247460989,4.38272610490187,16.));
#8005=CARTESIAN_POINT('Ctrl Pts',(-123.886440742111,3.8924903183492,31.));
#8006=CARTESIAN_POINT('Ctrl Pts',(-123.886440742111,3.8924903183492,16.));
#8007=CARTESIAN_POINT('Ctrl Pts',(-124.272585368505,4.91325524377395,16.));
#8008=CARTESIAN_POINT('Ctrl Pts',(-124.097980841788,4.65134845369786,16.));
#8009=CARTESIAN_POINT('Ctrl Pts',(-123.997247460989,4.38272610490187,16.));
#8010=CARTESIAN_POINT('Ctrl Pts',(-123.886440742111,3.8924903183492,16.));
#8011=CARTESIAN_POINT('Origin',(-124.499235475302,-4.07216232345184,16.));
#8012=CARTESIAN_POINT('Origin',(-167.500001005828,9.80000037252903,18.));
#8013=CARTESIAN_POINT('Origin',(-109.6,50.,15.75));
#8014=CARTESIAN_POINT('',(-104.6,50.,15.75));
#8015=CARTESIAN_POINT('Origin',(-200.,50.,15.));
#8016=CARTESIAN_POINT('',(-205.,50.,15.));
#8017=CARTESIAN_POINT('Origin',(-205.,50.,15.));
#8018=CARTESIAN_POINT('',(-205.,-30.4,15.));
#8019=CARTESIAN_POINT('Origin',(-200.,-30.4,15.));
#8020=CARTESIAN_POINT('',(-200.,-35.4,15.));
#8021=CARTESIAN_POINT('Origin',(-200.,-35.4,15.));
#8022=CARTESIAN_POINT('',(-109.6,-35.4,15.75));
#8023=CARTESIAN_POINT('Origin',(-109.6,-30.4,15.75));
#8024=CARTESIAN_POINT('',(-104.6,-30.4,15.75));
#8025=CARTESIAN_POINT('Origin',(-104.6,9.80000037252903,16.5));
#8026=CARTESIAN_POINT('Origin',(-167.500001005828,9.80000037252903,18.));
#8027=CARTESIAN_POINT('Origin',(-175.960002980232,48.0600007450581,15.));
#8028=CARTESIAN_POINT('Origin',(-193.460002980232,48.0473128498891,15.));
#8029=CARTESIAN_POINT('Origin',(-137.210002980232,34.2900007450581,15.));
#8030=CARTESIAN_POINT('',(-137.210002980232,34.2900007450581,15.));
#8031=CARTESIAN_POINT('Origin',(-137.210002980232,47.6300007450581,15.));
#8032=UNCERTAINTY_MEASURE_WITH_UNIT(LENGTH_MEASURE(0.01),#8036,
'DISTANCE_ACCURACY_VALUE',
'Maximum model space distance between geometric entities at asserted c
onnectivities');
#8033=UNCERTAINTY_MEASURE_WITH_UNIT(LENGTH_MEASURE(0.01),#8036,
'DISTANCE_ACCURACY_VALUE',
'Maximum model space distance between geometric entities at asserted c
onnectivities');
#8034=(
GEOMETRIC_REPRESENTATION_CONTEXT(3)
GLOBAL_UNCERTAINTY_ASSIGNED_CONTEXT((#8032))
GLOBAL_UNIT_ASSIGNED_CONTEXT((#8036,#8038,#8039))
REPRESENTATION_CONTEXT('','3D')
);
#8035=(
GEOMETRIC_REPRESENTATION_CONTEXT(3)
GLOBAL_UNCERTAINTY_ASSIGNED_CONTEXT((#8033))
GLOBAL_UNIT_ASSIGNED_CONTEXT((#8036,#8038,#8039))
REPRESENTATION_CONTEXT('','3D')
);
#8036=(
LENGTH_UNIT()
NAMED_UNIT(*)
SI_UNIT(.MILLI.,.METRE.)
);
#8037=(
LENGTH_UNIT()
NAMED_UNIT(*)
SI_UNIT($,.METRE.)
);
#8038=(
NAMED_UNIT(*)
PLANE_ANGLE_UNIT()
SI_UNIT($,.RADIAN.)
);
#8039=(
NAMED_UNIT(*)
SI_UNIT($,.STERADIAN.)
SOLID_ANGLE_UNIT()
);
#8040=SHAPE_DEFINITION_REPRESENTATION(#8041,#8042);
#8041=PRODUCT_DEFINITION_SHAPE('',$,#8044);
#8042=SHAPE_REPRESENTATION('',(#4639),#8034);
#8043=PRODUCT_DEFINITION_CONTEXT('part definition',#8048,'design');
#8044=PRODUCT_DEFINITION('Top','Top',#8045,#8043);
#8045=PRODUCT_DEFINITION_FORMATION('',$,#8050);
#8046=PRODUCT_RELATED_PRODUCT_CATEGORY('Top','Top',(#8050));
#8047=APPLICATION_PROTOCOL_DEFINITION('international standard',
'automotive_design',2009,#8048);
#8048=APPLICATION_CONTEXT(
'Core Data for Automotive Mechanical Design Process');
#8049=PRODUCT_CONTEXT('part definition',#8048,'mechanical');
#8050=PRODUCT('Top','Top',$,(#8049));
#8051=PRESENTATION_STYLE_ASSIGNMENT((#8054));
#8052=PRESENTATION_STYLE_ASSIGNMENT((#8055));
#8053=PRESENTATION_STYLE_ASSIGNMENT((#8056));
#8054=SURFACE_STYLE_USAGE(.BOTH.,#8057);
#8055=SURFACE_STYLE_USAGE(.BOTH.,#8058);
#8056=SURFACE_STYLE_USAGE(.BOTH.,#8059);
#8057=SURFACE_SIDE_STYLE('',(#8060));
#8058=SURFACE_SIDE_STYLE('',(#8061));
#8059=SURFACE_SIDE_STYLE('',(#8062));
#8060=SURFACE_STYLE_FILL_AREA(#8063);
#8061=SURFACE_STYLE_FILL_AREA(#8064);
#8062=SURFACE_STYLE_FILL_AREA(#8065);
#8063=FILL_AREA_STYLE('Steel - Satin',(#8066));
#8064=FILL_AREA_STYLE('Gold - Polished',(#8067));
#8065=FILL_AREA_STYLE('ABS (White)',(#8068));
#8066=FILL_AREA_STYLE_COLOUR('Steel - Satin',#8069);
#8067=FILL_AREA_STYLE_COLOUR('Gold - Polished',#8070);
#8068=FILL_AREA_STYLE_COLOUR('ABS (White)',#8071);
#8069=COLOUR_RGB('Steel - Satin',0.627450980392157,0.627450980392157,0.627450980392157);
#8070=COLOUR_RGB('Gold - Polished',0.956862745098039,0.898039215686275,
0.654901960784314);
#8071=COLOUR_RGB('ABS (White)',0.964705882352941,0.964705882352941,0.952941176470588);
ENDSEC;
END-ISO-10303-21;
